Copyright 1986-2022 Xilinx, Inc. All Rights Reserved. Copyright 2022-2025 Advanced Micro Devices, Inc. All Rights Reserved.
---------------------------------------------------------------------------------------------------------------------------------------------------------------------------------------------------------------------------------------------
| Tool Version : Vivado v.2025.2 (lin64) Build 6299465 Fri Nov 14 12:34:56 MST 2025
| Date         : Wed Sep 23 17:24:20 2026
| Host         : Tyrion running 64-bit Ubuntu 26.04.1 LTS
| Command      : report_timing_summary -max_paths 10 -routable_nets -report_unconstrained -file vga_wrapper_timing_summary_routed.rpt -pb vga_wrapper_timing_summary_routed.pb -rpx vga_wrapper_timing_summary_routed.rpx -warn_on_violation
| Design       : vga_wrapper
| Device       : 7z007s-clg400
| Speed File   : -1  PRODUCTION 1.12 2019-11-22
| Design State : Routed
---------------------------------------------------------------------------------------------------------------------------------------------------------------------------------------------------------------------------------------------

Timing Summary Report

------------------------------------------------------------------------------------------------
| Timer Settings
| --------------
------------------------------------------------------------------------------------------------

  Enable Multi Corner Analysis               :  Yes
  Enable Pessimism Removal                   :  Yes
  Pessimism Removal Resolution               :  Nearest Common Node
  Enable Input Delay Default Clock           :  No
  Enable Preset / Clear Arcs                 :  No
  Disable Flight Delays                      :  No
  Ignore I/O Paths                           :  No
  Timing Early Launch at Borrowing Latches   :  No
  Borrow Time for Max Delay Exceptions       :  Yes
  Merge Timing Exceptions                    :  Yes
  Inter-SLR Compensation                     :  Conservative

  Corner  Analyze    Analyze    
  Name    Max Paths  Min Paths  
  ------  ---------  ---------  
  Slow    Yes        Yes        
  Fast    Yes        Yes        


------------------------------------------------------------------------------------------------
| Report Methodology
| ------------------
------------------------------------------------------------------------------------------------

Rule     Severity  Description                   Violations  
-------  --------  ----------------------------  ----------  
LUTAR-1  Warning   LUT drives async reset alert  1           

Note: This report is based on the most recent report_methodology run and may not be up-to-date. Run report_methodology on the current design for the latest report.



check_timing report

Table of Contents
-----------------
1. checking no_clock (0)
2. checking constant_clock (0)
3. checking pulse_width_clock (0)
4. checking unconstrained_internal_endpoints (0)
5. checking no_input_delay (1)
6. checking no_output_delay (4)
7. checking multiple_clock (0)
8. checking generated_clocks (0)
9. checking loops (0)
10. checking partial_input_delay (0)
11. checking partial_output_delay (0)
12. checking latch_loops (0)

1. checking no_clock (0)
------------------------
 There are 0 register/latch pins with no clock.


2. checking constant_clock (0)
------------------------------
 There are 0 register/latch pins with constant_clock.


3. checking pulse_width_clock (0)
---------------------------------
 There are 0 register/latch pins which need pulse_width check


4. checking unconstrained_internal_endpoints (0)
------------------------------------------------
 There are 0 pins that are not constrained for maximum delay.

 There are 0 pins that are not constrained for maximum delay due to constant clock.


5. checking no_input_delay (1)
------------------------------
 There is 1 input port with no input delay specified. (HIGH)

 There are 0 input ports with no input delay but user has a false path constraint.


6. checking no_output_delay (4)
-------------------------------
 There are 4 ports with no output delay specified. (HIGH)

 There are 0 ports with no output delay but user has a false path constraint

 There are 0 ports with no output delay but with a timing clock defined on it or propagating through it


7. checking multiple_clock (0)
------------------------------
 There are 0 register/latch pins with multiple clocks.


8. checking generated_clocks (0)
--------------------------------
 There are 0 generated clocks that are not connected to a clock source.


9. checking loops (0)
---------------------
 There are 0 combinational loops in the design.


10. checking partial_input_delay (0)
------------------------------------
 There are 0 input ports with partial input delay specified.


11. checking partial_output_delay (0)
-------------------------------------
 There are 0 ports with partial output delay specified.


12. checking latch_loops (0)
----------------------------
 There are 0 combinational latch loops in the design through latch input



------------------------------------------------------------------------------------------------
| Design Timing Summary
| ---------------------
------------------------------------------------------------------------------------------------

    WNS(ns)      TNS(ns)  TNS Failing Endpoints  TNS Total Endpoints      WHS(ns)      THS(ns)  THS Failing Endpoints  THS Total Endpoints     WPWS(ns)     TPWS(ns)  TPWS Failing Endpoints  TPWS Total Endpoints  
    -------      -------  ---------------------  -------------------      -------      -------  ---------------------  -------------------     --------     --------  ----------------------  --------------------  
     33.949        0.000                      0                  242        0.164        0.000                      0                  242        3.000        0.000                       0                   212  


All user specified timing constraints are met.


------------------------------------------------------------------------------------------------
| Clock Summary
| -------------
------------------------------------------------------------------------------------------------

Clock                 Waveform(ns)         Period(ns)      Frequency(MHz)
-----                 ------------         ----------      --------------
clk                   {0.000 5.000}        10.000          100.000         
  clk_out1_clk_wiz_0  {0.000 20.000}       40.000          25.000          
  clk_out2_clk_wiz_0  {0.000 4.000}        8.000           125.000         
  clkfbout_clk_wiz_0  {0.000 5.000}        10.000          100.000         


------------------------------------------------------------------------------------------------
| Intra Clock Table
| -----------------
------------------------------------------------------------------------------------------------

Clock                     WNS(ns)      TNS(ns)  TNS Failing Endpoints  TNS Total Endpoints      WHS(ns)      THS(ns)  THS Failing Endpoints  THS Total Endpoints     WPWS(ns)     TPWS(ns)  TPWS Failing Endpoints  TPWS Total Endpoints  
-----                     -------      -------  ---------------------  -------------------      -------      -------  ---------------------  -------------------     --------     --------  ----------------------  --------------------  
clk                                                                                                                                                                     3.000        0.000                       0                     1  
  clk_out1_clk_wiz_0       33.949        0.000                      0                  242        0.164        0.000                      0                  242       19.020        0.000                       0                   198  
  clk_out2_clk_wiz_0                                                                                                                                                    5.845        0.000                       0                    10  
  clkfbout_clk_wiz_0                                                                                                                                                    7.845        0.000                       0                     3  


------------------------------------------------------------------------------------------------
| Inter Clock Table
| -----------------
------------------------------------------------------------------------------------------------

From Clock    To Clock          WNS(ns)      TNS(ns)  TNS Failing Endpoints  TNS Total Endpoints      WHS(ns)      THS(ns)  THS Failing Endpoints  THS Total Endpoints  
----------    --------          -------      -------  ---------------------  -------------------      -------      -------  ---------------------  -------------------  


------------------------------------------------------------------------------------------------
| Other Path Groups Table
| -----------------------
------------------------------------------------------------------------------------------------

Path Group    From Clock    To Clock          WNS(ns)      TNS(ns)  TNS Failing Endpoints  TNS Total Endpoints      WHS(ns)      THS(ns)  THS Failing Endpoints  THS Total Endpoints  
----------    ----------    --------          -------      -------  ---------------------  -------------------      -------      -------  ---------------------  -------------------  


------------------------------------------------------------------------------------------------
| User Ignored Path Table
| -----------------------
------------------------------------------------------------------------------------------------

Path Group    From Clock    To Clock    
----------    ----------    --------    


------------------------------------------------------------------------------------------------
| Unconstrained Path Table
| ------------------------
------------------------------------------------------------------------------------------------

Path Group          From Clock          To Clock          
----------          ----------          --------          
(none)              clk_out2_clk_wiz_0                      
(none)                                  clk_out1_clk_wiz_0  


------------------------------------------------------------------------------------------------
| Timing Details
| --------------
------------------------------------------------------------------------------------------------


---------------------------------------------------------------------------------------------------
From Clock:  clk
  To Clock:  clk

Setup :           NA  Failing Endpoints,  Worst Slack           NA  ,  Total Violation           NA
Hold  :           NA  Failing Endpoints,  Worst Slack           NA  ,  Total Violation           NA
PW    :            0  Failing Endpoints,  Worst Slack        3.000ns,  Total Violation        0.000ns
---------------------------------------------------------------------------------------------------


Pulse Width Checks
--------------------------------------------------------------------------------------
Clock Name:         clk
Waveform(ns):       { 0.000 5.000 }
Period(ns):         10.000
Sources:            { clk }

Check Type        Corner  Lib Pin            Reference Pin  Required(ns)  Actual(ns)  Slack(ns)  Location         Pin
Min Period        n/a     MMCME2_ADV/CLKIN1  n/a            1.249         10.000      8.751      MMCME2_ADV_X0Y1  clk_wiz/inst/mmcm_adv_inst/CLKIN1
Max Period        n/a     MMCME2_ADV/CLKIN1  n/a            100.000       10.000      90.000     MMCME2_ADV_X0Y1  clk_wiz/inst/mmcm_adv_inst/CLKIN1
Low Pulse Width   Slow    MMCME2_ADV/CLKIN1  n/a            2.000         5.000       3.000      MMCME2_ADV_X0Y1  clk_wiz/inst/mmcm_adv_inst/CLKIN1
Low Pulse Width   Fast    MMCME2_ADV/CLKIN1  n/a            2.000         5.000       3.000      MMCME2_ADV_X0Y1  clk_wiz/inst/mmcm_adv_inst/CLKIN1
High Pulse Width  Slow    MMCME2_ADV/CLKIN1  n/a            2.000         5.000       3.000      MMCME2_ADV_X0Y1  clk_wiz/inst/mmcm_adv_inst/CLKIN1
High Pulse Width  Fast    MMCME2_ADV/CLKIN1  n/a            2.000         5.000       3.000      MMCME2_ADV_X0Y1  clk_wiz/inst/mmcm_adv_inst/CLKIN1



---------------------------------------------------------------------------------------------------
From Clock:  clk_out1_clk_wiz_0
  To Clock:  clk_out1_clk_wiz_0

Setup :            0  Failing Endpoints,  Worst Slack       33.949ns,  Total Violation        0.000ns
Hold  :            0  Failing Endpoints,  Worst Slack        0.164ns,  Total Violation        0.000ns
PW    :            0  Failing Endpoints,  Worst Slack       19.020ns,  Total Violation        0.000ns
---------------------------------------------------------------------------------------------------


Max Delay Paths
--------------------------------------------------------------------------------------
Slack (MET) :             33.949ns  (required time - arrival time)
  Source:                 counter_reg[1]/C
                            (rising edge-triggered cell FDRE clocked by clk_out1_clk_wiz_0  {rise@0.000ns fall@20.000ns period=40.000ns})
  Destination:            vga_to_hdmi/inst/srldly_0/srl[24].srl16_i/D
                            (rising edge-triggered cell SRL16E clocked by clk_out1_clk_wiz_0  {rise@0.000ns fall@20.000ns period=40.000ns})
  Path Group:             clk_out1_clk_wiz_0
  Path Type:              Setup (Max at Slow Process Corner)
  Requirement:            40.000ns  (clk_out1_clk_wiz_0 rise@40.000ns - clk_out1_clk_wiz_0 rise@0.000ns)
  Data Path Delay:        5.889ns  (logic 1.786ns (30.327%)  route 4.103ns (69.673%))
  Logic Levels:           5  (CARRY4=1 LUT6=4)
  Clock Path Skew:        -0.020ns (DCD - SCD + CPR)
    Destination Clock Delay (DCD):    -1.288ns = ( 38.712 - 40.000 ) 
    Source Clock Delay      (SCD):    -0.643ns
    Clock Pessimism Removal (CPR):    0.625ns
  Clock Uncertainty:      0.095ns  ((TSJ^2 + DJ^2)^1/2) / 2 + PE
    Total System Jitter     (TSJ):    0.071ns
    Discrete Jitter          (DJ):    0.175ns
    Phase Error              (PE):    0.000ns

    Location             Delay type                Incr(ns)  Path(ns)    Netlist Resource(s)
  -------------------------------------------------------------------    -------------------
                         (clock clk_out1_clk_wiz_0 rise edge)
                                                      0.000     0.000 r  
    H16                                               0.000     0.000 r  clk (IN)
                         net (fo=0)                   0.000     0.000    clk_wiz/inst/clk_in1
    H16                  IBUF (Prop_ibuf_I_O)         1.457     1.457 r  clk_wiz/inst/clkin1_ibufg/O
                         net (fo=1, routed)           1.285     2.742    clk_wiz/inst/clk_in1_clk_wiz_0
    MMCME2_ADV_X0Y1      MMCME2_ADV (Prop_mmcme2_adv_CLKIN1_CLKOUT0)
                                                     -6.996    -4.254 r  clk_wiz/inst/mmcm_adv_inst/CLKOUT0
                         net (fo=1, routed)           1.760    -2.494    clk_wiz/inst/clk_out1_clk_wiz_0
    BUFGCTRL_X0Y16       BUFG (Prop_bufg_I_O)         0.101    -2.393 r  clk_wiz/inst/clkout1_buf/O
                         net (fo=196, routed)         1.750    -0.643    clk_25MHz
    SLICE_X36Y13         FDRE                                         r  counter_reg[1]/C
  -------------------------------------------------------------------    -------------------
    SLICE_X36Y13         FDRE (Prop_fdre_C_Q)         0.419    -0.224 r  counter_reg[1]/Q
                         net (fo=15, routed)          0.924     0.700    vga/horizontal_counter/Q[1]
    SLICE_X38Y15         LUT6 (Prop_lut6_I4_O)        0.299     0.999 r  vga/horizontal_counter/counter[9]_i_4/O
                         net (fo=7, routed)           0.679     1.678    vga/horizontal_counter/counter[9]_i_4_n_0
    SLICE_X39Y15         LUT6 (Prop_lut6_I1_O)        0.124     1.802 r  vga/horizontal_counter/vga_to_hdmi_i_12/O
                         net (fo=1, routed)           0.640     2.442    vga/horizontal_counter/vga_to_hdmi_i_12_n_0
    SLICE_X38Y13         CARRY4 (Prop_carry4_DI[0]_CO[1])
                                                      0.488     2.930 f  vga/horizontal_counter/vga_to_hdmi_i_8/CO[1]
                         net (fo=1, routed)           0.407     3.337    vga/vertical_counter/CO[0]
    SLICE_X39Y14         LUT6 (Prop_lut6_I3_O)        0.332     3.669 f  vga/vertical_counter/vga_to_hdmi_i_5/O
                         net (fo=1, routed)           0.667     4.336    vga/vertical_counter/vga_to_hdmi_i_5_n_0
    SLICE_X39Y14         LUT6 (Prop_lut6_I4_O)        0.124     4.460 r  vga/vertical_counter/vga_to_hdmi_i_1/O
                         net (fo=8, routed)           0.786     5.246    vga_to_hdmi/inst/srldly_0/data_i[22]
    SLICE_X38Y6          SRL16E                                       r  vga_to_hdmi/inst/srldly_0/srl[24].srl16_i/D
  -------------------------------------------------------------------    -------------------

                         (clock clk_out1_clk_wiz_0 rise edge)
                                                     40.000    40.000 r  
    H16                                               0.000    40.000 r  clk (IN)
                         net (fo=0)                   0.000    40.000    clk_wiz/inst/clk_in1
    H16                  IBUF (Prop_ibuf_I_O)         1.387    41.387 r  clk_wiz/inst/clkin1_ibufg/O
                         net (fo=1, routed)           1.162    42.549    clk_wiz/inst/clk_in1_clk_wiz_0
    MMCME2_ADV_X0Y1      MMCME2_ADV (Prop_mmcme2_adv_CLKIN1_CLKOUT0)
                                                     -7.105    35.444 r  clk_wiz/inst/mmcm_adv_inst/CLKOUT0
                         net (fo=1, routed)           1.599    37.043    clk_wiz/inst/clk_out1_clk_wiz_0
    BUFGCTRL_X0Y16       BUFG (Prop_bufg_I_O)         0.091    37.134 r  clk_wiz/inst/clkout1_buf/O
                         net (fo=196, routed)         1.578    38.712    vga_to_hdmi/inst/srldly_0/pix_clk
    SLICE_X38Y6          SRL16E                                       r  vga_to_hdmi/inst/srldly_0/srl[24].srl16_i/CLK
                         clock pessimism              0.625    39.337    
                         clock uncertainty           -0.095    39.243    
    SLICE_X38Y6          SRL16E (Setup_srl16e_CLK_D)
                                                     -0.047    39.196    vga_to_hdmi/inst/srldly_0/srl[24].srl16_i
  -------------------------------------------------------------------
                         required time                         39.196    
                         arrival time                          -5.246    
  -------------------------------------------------------------------
                         slack                                 33.949    

Slack (MET) :             33.952ns  (required time - arrival time)
  Source:                 counter_reg[1]/C
                            (rising edge-triggered cell FDRE clocked by clk_out1_clk_wiz_0  {rise@0.000ns fall@20.000ns period=40.000ns})
  Destination:            vga_to_hdmi/inst/srldly_0/srl[28].srl16_i/D
                            (rising edge-triggered cell SRL16E clocked by clk_out1_clk_wiz_0  {rise@0.000ns fall@20.000ns period=40.000ns})
  Path Group:             clk_out1_clk_wiz_0
  Path Type:              Setup (Max at Slow Process Corner)
  Requirement:            40.000ns  (clk_out1_clk_wiz_0 rise@40.000ns - clk_out1_clk_wiz_0 rise@0.000ns)
  Data Path Delay:        5.889ns  (logic 1.786ns (30.327%)  route 4.103ns (69.673%))
  Logic Levels:           5  (CARRY4=1 LUT6=4)
  Clock Path Skew:        -0.020ns (DCD - SCD + CPR)
    Destination Clock Delay (DCD):    -1.288ns = ( 38.712 - 40.000 ) 
    Source Clock Delay      (SCD):    -0.643ns
    Clock Pessimism Removal (CPR):    0.625ns
  Clock Uncertainty:      0.095ns  ((TSJ^2 + DJ^2)^1/2) / 2 + PE
    Total System Jitter     (TSJ):    0.071ns
    Discrete Jitter          (DJ):    0.175ns
    Phase Error              (PE):    0.000ns

    Location             Delay type                Incr(ns)  Path(ns)    Netlist Resource(s)
  -------------------------------------------------------------------    -------------------
                         (clock clk_out1_clk_wiz_0 rise edge)
                                                      0.000     0.000 r  
    H16                                               0.000     0.000 r  clk (IN)
                         net (fo=0)                   0.000     0.000    clk_wiz/inst/clk_in1
    H16                  IBUF (Prop_ibuf_I_O)         1.457     1.457 r  clk_wiz/inst/clkin1_ibufg/O
                         net (fo=1, routed)           1.285     2.742    clk_wiz/inst/clk_in1_clk_wiz_0
    MMCME2_ADV_X0Y1      MMCME2_ADV (Prop_mmcme2_adv_CLKIN1_CLKOUT0)
                                                     -6.996    -4.254 r  clk_wiz/inst/mmcm_adv_inst/CLKOUT0
                         net (fo=1, routed)           1.760    -2.494    clk_wiz/inst/clk_out1_clk_wiz_0
    BUFGCTRL_X0Y16       BUFG (Prop_bufg_I_O)         0.101    -2.393 r  clk_wiz/inst/clkout1_buf/O
                         net (fo=196, routed)         1.750    -0.643    clk_25MHz
    SLICE_X36Y13         FDRE                                         r  counter_reg[1]/C
  -------------------------------------------------------------------    -------------------
    SLICE_X36Y13         FDRE (Prop_fdre_C_Q)         0.419    -0.224 r  counter_reg[1]/Q
                         net (fo=15, routed)          0.924     0.700    vga/horizontal_counter/Q[1]
    SLICE_X38Y15         LUT6 (Prop_lut6_I4_O)        0.299     0.999 r  vga/horizontal_counter/counter[9]_i_4/O
                         net (fo=7, routed)           0.679     1.678    vga/horizontal_counter/counter[9]_i_4_n_0
    SLICE_X39Y15         LUT6 (Prop_lut6_I1_O)        0.124     1.802 r  vga/horizontal_counter/vga_to_hdmi_i_12/O
                         net (fo=1, routed)           0.640     2.442    vga/horizontal_counter/vga_to_hdmi_i_12_n_0
    SLICE_X38Y13         CARRY4 (Prop_carry4_DI[0]_CO[1])
                                                      0.488     2.930 f  vga/horizontal_counter/vga_to_hdmi_i_8/CO[1]
                         net (fo=1, routed)           0.407     3.337    vga/vertical_counter/CO[0]
    SLICE_X39Y14         LUT6 (Prop_lut6_I3_O)        0.332     3.669 f  vga/vertical_counter/vga_to_hdmi_i_5/O
                         net (fo=1, routed)           0.667     4.336    vga/vertical_counter/vga_to_hdmi_i_5_n_0
    SLICE_X39Y14         LUT6 (Prop_lut6_I4_O)        0.124     4.460 r  vga/vertical_counter/vga_to_hdmi_i_1/O
                         net (fo=8, routed)           0.786     5.246    vga_to_hdmi/inst/srldly_0/data_i[26]
    SLICE_X38Y6          SRL16E                                       r  vga_to_hdmi/inst/srldly_0/srl[28].srl16_i/D
  -------------------------------------------------------------------    -------------------

                         (clock clk_out1_clk_wiz_0 rise edge)
                                                     40.000    40.000 r  
    H16                                               0.000    40.000 r  clk (IN)
                         net (fo=0)                   0.000    40.000    clk_wiz/inst/clk_in1
    H16                  IBUF (Prop_ibuf_I_O)         1.387    41.387 r  clk_wiz/inst/clkin1_ibufg/O
                         net (fo=1, routed)           1.162    42.549    clk_wiz/inst/clk_in1_clk_wiz_0
    MMCME2_ADV_X0Y1      MMCME2_ADV (Prop_mmcme2_adv_CLKIN1_CLKOUT0)
                                                     -7.105    35.444 r  clk_wiz/inst/mmcm_adv_inst/CLKOUT0
                         net (fo=1, routed)           1.599    37.043    clk_wiz/inst/clk_out1_clk_wiz_0
    BUFGCTRL_X0Y16       BUFG (Prop_bufg_I_O)         0.091    37.134 r  clk_wiz/inst/clkout1_buf/O
                         net (fo=196, routed)         1.578    38.712    vga_to_hdmi/inst/srldly_0/pix_clk
    SLICE_X38Y6          SRL16E                                       r  vga_to_hdmi/inst/srldly_0/srl[28].srl16_i/CLK
                         clock pessimism              0.625    39.337    
                         clock uncertainty           -0.095    39.243    
    SLICE_X38Y6          SRL16E (Setup_srl16e_CLK_D)
                                                     -0.044    39.199    vga_to_hdmi/inst/srldly_0/srl[28].srl16_i
  -------------------------------------------------------------------
                         required time                         39.199    
                         arrival time                          -5.246    
  -------------------------------------------------------------------
                         slack                                 33.952    

Slack (MET) :             33.966ns  (required time - arrival time)
  Source:                 counter_reg[1]/C
                            (rising edge-triggered cell FDRE clocked by clk_out1_clk_wiz_0  {rise@0.000ns fall@20.000ns period=40.000ns})
  Destination:            vga_to_hdmi/inst/srldly_0/srl[29].srl16_i/D
                            (rising edge-triggered cell SRL16E clocked by clk_out1_clk_wiz_0  {rise@0.000ns fall@20.000ns period=40.000ns})
  Path Group:             clk_out1_clk_wiz_0
  Path Type:              Setup (Max at Slow Process Corner)
  Requirement:            40.000ns  (clk_out1_clk_wiz_0 rise@40.000ns - clk_out1_clk_wiz_0 rise@0.000ns)
  Data Path Delay:        5.889ns  (logic 1.786ns (30.327%)  route 4.103ns (69.673%))
  Logic Levels:           5  (CARRY4=1 LUT6=4)
  Clock Path Skew:        -0.020ns (DCD - SCD + CPR)
    Destination Clock Delay (DCD):    -1.288ns = ( 38.712 - 40.000 ) 
    Source Clock Delay      (SCD):    -0.643ns
    Clock Pessimism Removal (CPR):    0.625ns
  Clock Uncertainty:      0.095ns  ((TSJ^2 + DJ^2)^1/2) / 2 + PE
    Total System Jitter     (TSJ):    0.071ns
    Discrete Jitter          (DJ):    0.175ns
    Phase Error              (PE):    0.000ns

    Location             Delay type                Incr(ns)  Path(ns)    Netlist Resource(s)
  -------------------------------------------------------------------    -------------------
                         (clock clk_out1_clk_wiz_0 rise edge)
                                                      0.000     0.000 r  
    H16                                               0.000     0.000 r  clk (IN)
                         net (fo=0)                   0.000     0.000    clk_wiz/inst/clk_in1
    H16                  IBUF (Prop_ibuf_I_O)         1.457     1.457 r  clk_wiz/inst/clkin1_ibufg/O
                         net (fo=1, routed)           1.285     2.742    clk_wiz/inst/clk_in1_clk_wiz_0
    MMCME2_ADV_X0Y1      MMCME2_ADV (Prop_mmcme2_adv_CLKIN1_CLKOUT0)
                                                     -6.996    -4.254 r  clk_wiz/inst/mmcm_adv_inst/CLKOUT0
                         net (fo=1, routed)           1.760    -2.494    clk_wiz/inst/clk_out1_clk_wiz_0
    BUFGCTRL_X0Y16       BUFG (Prop_bufg_I_O)         0.101    -2.393 r  clk_wiz/inst/clkout1_buf/O
                         net (fo=196, routed)         1.750    -0.643    clk_25MHz
    SLICE_X36Y13         FDRE                                         r  counter_reg[1]/C
  -------------------------------------------------------------------    -------------------
    SLICE_X36Y13         FDRE (Prop_fdre_C_Q)         0.419    -0.224 r  counter_reg[1]/Q
                         net (fo=15, routed)          0.924     0.700    vga/horizontal_counter/Q[1]
    SLICE_X38Y15         LUT6 (Prop_lut6_I4_O)        0.299     0.999 r  vga/horizontal_counter/counter[9]_i_4/O
                         net (fo=7, routed)           0.679     1.678    vga/horizontal_counter/counter[9]_i_4_n_0
    SLICE_X39Y15         LUT6 (Prop_lut6_I1_O)        0.124     1.802 r  vga/horizontal_counter/vga_to_hdmi_i_12/O
                         net (fo=1, routed)           0.640     2.442    vga/horizontal_counter/vga_to_hdmi_i_12_n_0
    SLICE_X38Y13         CARRY4 (Prop_carry4_DI[0]_CO[1])
                                                      0.488     2.930 f  vga/horizontal_counter/vga_to_hdmi_i_8/CO[1]
                         net (fo=1, routed)           0.407     3.337    vga/vertical_counter/CO[0]
    SLICE_X39Y14         LUT6 (Prop_lut6_I3_O)        0.332     3.669 f  vga/vertical_counter/vga_to_hdmi_i_5/O
                         net (fo=1, routed)           0.667     4.336    vga/vertical_counter/vga_to_hdmi_i_5_n_0
    SLICE_X39Y14         LUT6 (Prop_lut6_I4_O)        0.124     4.460 r  vga/vertical_counter/vga_to_hdmi_i_1/O
                         net (fo=8, routed)           0.786     5.246    vga_to_hdmi/inst/srldly_0/data_i[27]
    SLICE_X38Y6          SRL16E                                       r  vga_to_hdmi/inst/srldly_0/srl[29].srl16_i/D
  -------------------------------------------------------------------    -------------------

                         (clock clk_out1_clk_wiz_0 rise edge)
                                                     40.000    40.000 r  
    H16                                               0.000    40.000 r  clk (IN)
                         net (fo=0)                   0.000    40.000    clk_wiz/inst/clk_in1
    H16                  IBUF (Prop_ibuf_I_O)         1.387    41.387 r  clk_wiz/inst/clkin1_ibufg/O
                         net (fo=1, routed)           1.162    42.549    clk_wiz/inst/clk_in1_clk_wiz_0
    MMCME2_ADV_X0Y1      MMCME2_ADV (Prop_mmcme2_adv_CLKIN1_CLKOUT0)
                                                     -7.105    35.444 r  clk_wiz/inst/mmcm_adv_inst/CLKOUT0
                         net (fo=1, routed)           1.599    37.043    clk_wiz/inst/clk_out1_clk_wiz_0
    BUFGCTRL_X0Y16       BUFG (Prop_bufg_I_O)         0.091    37.134 r  clk_wiz/inst/clkout1_buf/O
                         net (fo=196, routed)         1.578    38.712    vga_to_hdmi/inst/srldly_0/pix_clk
    SLICE_X38Y6          SRL16E                                       r  vga_to_hdmi/inst/srldly_0/srl[29].srl16_i/CLK
                         clock pessimism              0.625    39.337    
                         clock uncertainty           -0.095    39.243    
    SLICE_X38Y6          SRL16E (Setup_srl16e_CLK_D)
                                                     -0.030    39.213    vga_to_hdmi/inst/srldly_0/srl[29].srl16_i
  -------------------------------------------------------------------
                         required time                         39.213    
                         arrival time                          -5.246    
  -------------------------------------------------------------------
                         slack                                 33.966    

Slack (MET) :             34.001ns  (required time - arrival time)
  Source:                 counter_reg[1]/C
                            (rising edge-triggered cell FDRE clocked by clk_out1_clk_wiz_0  {rise@0.000ns fall@20.000ns period=40.000ns})
  Destination:            vga_to_hdmi/inst/srldly_0/srl[26].srl16_i/D
                            (rising edge-triggered cell SRL16E clocked by clk_out1_clk_wiz_0  {rise@0.000ns fall@20.000ns period=40.000ns})
  Path Group:             clk_out1_clk_wiz_0
  Path Type:              Setup (Max at Slow Process Corner)
  Requirement:            40.000ns  (clk_out1_clk_wiz_0 rise@40.000ns - clk_out1_clk_wiz_0 rise@0.000ns)
  Data Path Delay:        5.867ns  (logic 1.786ns (30.443%)  route 4.081ns (69.557%))
  Logic Levels:           5  (CARRY4=1 LUT6=4)
  Clock Path Skew:        -0.020ns (DCD - SCD + CPR)
    Destination Clock Delay (DCD):    -1.288ns = ( 38.712 - 40.000 ) 
    Source Clock Delay      (SCD):    -0.643ns
    Clock Pessimism Removal (CPR):    0.625ns
  Clock Uncertainty:      0.095ns  ((TSJ^2 + DJ^2)^1/2) / 2 + PE
    Total System Jitter     (TSJ):    0.071ns
    Discrete Jitter          (DJ):    0.175ns
    Phase Error              (PE):    0.000ns

    Location             Delay type                Incr(ns)  Path(ns)    Netlist Resource(s)
  -------------------------------------------------------------------    -------------------
                         (clock clk_out1_clk_wiz_0 rise edge)
                                                      0.000     0.000 r  
    H16                                               0.000     0.000 r  clk (IN)
                         net (fo=0)                   0.000     0.000    clk_wiz/inst/clk_in1
    H16                  IBUF (Prop_ibuf_I_O)         1.457     1.457 r  clk_wiz/inst/clkin1_ibufg/O
                         net (fo=1, routed)           1.285     2.742    clk_wiz/inst/clk_in1_clk_wiz_0
    MMCME2_ADV_X0Y1      MMCME2_ADV (Prop_mmcme2_adv_CLKIN1_CLKOUT0)
                                                     -6.996    -4.254 r  clk_wiz/inst/mmcm_adv_inst/CLKOUT0
                         net (fo=1, routed)           1.760    -2.494    clk_wiz/inst/clk_out1_clk_wiz_0
    BUFGCTRL_X0Y16       BUFG (Prop_bufg_I_O)         0.101    -2.393 r  clk_wiz/inst/clkout1_buf/O
                         net (fo=196, routed)         1.750    -0.643    clk_25MHz
    SLICE_X36Y13         FDRE                                         r  counter_reg[1]/C
  -------------------------------------------------------------------    -------------------
    SLICE_X36Y13         FDRE (Prop_fdre_C_Q)         0.419    -0.224 r  counter_reg[1]/Q
                         net (fo=15, routed)          0.924     0.700    vga/horizontal_counter/Q[1]
    SLICE_X38Y15         LUT6 (Prop_lut6_I4_O)        0.299     0.999 r  vga/horizontal_counter/counter[9]_i_4/O
                         net (fo=7, routed)           0.679     1.678    vga/horizontal_counter/counter[9]_i_4_n_0
    SLICE_X39Y15         LUT6 (Prop_lut6_I1_O)        0.124     1.802 r  vga/horizontal_counter/vga_to_hdmi_i_12/O
                         net (fo=1, routed)           0.640     2.442    vga/horizontal_counter/vga_to_hdmi_i_12_n_0
    SLICE_X38Y13         CARRY4 (Prop_carry4_DI[0]_CO[1])
                                                      0.488     2.930 f  vga/horizontal_counter/vga_to_hdmi_i_8/CO[1]
                         net (fo=1, routed)           0.407     3.337    vga/vertical_counter/CO[0]
    SLICE_X39Y14         LUT6 (Prop_lut6_I3_O)        0.332     3.669 f  vga/vertical_counter/vga_to_hdmi_i_5/O
                         net (fo=1, routed)           0.667     4.336    vga/vertical_counter/vga_to_hdmi_i_5_n_0
    SLICE_X39Y14         LUT6 (Prop_lut6_I4_O)        0.124     4.460 r  vga/vertical_counter/vga_to_hdmi_i_1/O
                         net (fo=8, routed)           0.764     5.224    vga_to_hdmi/inst/srldly_0/data_i[24]
    SLICE_X38Y6          SRL16E                                       r  vga_to_hdmi/inst/srldly_0/srl[26].srl16_i/D
  -------------------------------------------------------------------    -------------------

                         (clock clk_out1_clk_wiz_0 rise edge)
                                                     40.000    40.000 r  
    H16                                               0.000    40.000 r  clk (IN)
                         net (fo=0)                   0.000    40.000    clk_wiz/inst/clk_in1
    H16                  IBUF (Prop_ibuf_I_O)         1.387    41.387 r  clk_wiz/inst/clkin1_ibufg/O
                         net (fo=1, routed)           1.162    42.549    clk_wiz/inst/clk_in1_clk_wiz_0
    MMCME2_ADV_X0Y1      MMCME2_ADV (Prop_mmcme2_adv_CLKIN1_CLKOUT0)
                                                     -7.105    35.444 r  clk_wiz/inst/mmcm_adv_inst/CLKOUT0
                         net (fo=1, routed)           1.599    37.043    clk_wiz/inst/clk_out1_clk_wiz_0
    BUFGCTRL_X0Y16       BUFG (Prop_bufg_I_O)         0.091    37.134 r  clk_wiz/inst/clkout1_buf/O
                         net (fo=196, routed)         1.578    38.712    vga_to_hdmi/inst/srldly_0/pix_clk
    SLICE_X38Y6          SRL16E                                       r  vga_to_hdmi/inst/srldly_0/srl[26].srl16_i/CLK
                         clock pessimism              0.625    39.337    
                         clock uncertainty           -0.095    39.243    
    SLICE_X38Y6          SRL16E (Setup_srl16e_CLK_D)
                                                     -0.018    39.225    vga_to_hdmi/inst/srldly_0/srl[26].srl16_i
  -------------------------------------------------------------------
                         required time                         39.225    
                         arrival time                          -5.224    
  -------------------------------------------------------------------
                         slack                                 34.001    

Slack (MET) :             34.023ns  (required time - arrival time)
  Source:                 counter_reg[1]/C
                            (rising edge-triggered cell FDRE clocked by clk_out1_clk_wiz_0  {rise@0.000ns fall@20.000ns period=40.000ns})
  Destination:            vga_to_hdmi/inst/srldly_0/srl[27].srl16_i/D
                            (rising edge-triggered cell SRL16E clocked by clk_out1_clk_wiz_0  {rise@0.000ns fall@20.000ns period=40.000ns})
  Path Group:             clk_out1_clk_wiz_0
  Path Type:              Setup (Max at Slow Process Corner)
  Requirement:            40.000ns  (clk_out1_clk_wiz_0 rise@40.000ns - clk_out1_clk_wiz_0 rise@0.000ns)
  Data Path Delay:        5.824ns  (logic 1.786ns (30.667%)  route 4.038ns (69.333%))
  Logic Levels:           5  (CARRY4=1 LUT6=4)
  Clock Path Skew:        -0.020ns (DCD - SCD + CPR)
    Destination Clock Delay (DCD):    -1.288ns = ( 38.712 - 40.000 ) 
    Source Clock Delay      (SCD):    -0.643ns
    Clock Pessimism Removal (CPR):    0.625ns
  Clock Uncertainty:      0.095ns  ((TSJ^2 + DJ^2)^1/2) / 2 + PE
    Total System Jitter     (TSJ):    0.071ns
    Discrete Jitter          (DJ):    0.175ns
    Phase Error              (PE):    0.000ns

    Location             Delay type                Incr(ns)  Path(ns)    Netlist Resource(s)
  -------------------------------------------------------------------    -------------------
                         (clock clk_out1_clk_wiz_0 rise edge)
                                                      0.000     0.000 r  
    H16                                               0.000     0.000 r  clk (IN)
                         net (fo=0)                   0.000     0.000    clk_wiz/inst/clk_in1
    H16                  IBUF (Prop_ibuf_I_O)         1.457     1.457 r  clk_wiz/inst/clkin1_ibufg/O
                         net (fo=1, routed)           1.285     2.742    clk_wiz/inst/clk_in1_clk_wiz_0
    MMCME2_ADV_X0Y1      MMCME2_ADV (Prop_mmcme2_adv_CLKIN1_CLKOUT0)
                                                     -6.996    -4.254 r  clk_wiz/inst/mmcm_adv_inst/CLKOUT0
                         net (fo=1, routed)           1.760    -2.494    clk_wiz/inst/clk_out1_clk_wiz_0
    BUFGCTRL_X0Y16       BUFG (Prop_bufg_I_O)         0.101    -2.393 r  clk_wiz/inst/clkout1_buf/O
                         net (fo=196, routed)         1.750    -0.643    clk_25MHz
    SLICE_X36Y13         FDRE                                         r  counter_reg[1]/C
  -------------------------------------------------------------------    -------------------
    SLICE_X36Y13         FDRE (Prop_fdre_C_Q)         0.419    -0.224 r  counter_reg[1]/Q
                         net (fo=15, routed)          0.924     0.700    vga/horizontal_counter/Q[1]
    SLICE_X38Y15         LUT6 (Prop_lut6_I4_O)        0.299     0.999 r  vga/horizontal_counter/counter[9]_i_4/O
                         net (fo=7, routed)           0.679     1.678    vga/horizontal_counter/counter[9]_i_4_n_0
    SLICE_X39Y15         LUT6 (Prop_lut6_I1_O)        0.124     1.802 r  vga/horizontal_counter/vga_to_hdmi_i_12/O
                         net (fo=1, routed)           0.640     2.442    vga/horizontal_counter/vga_to_hdmi_i_12_n_0
    SLICE_X38Y13         CARRY4 (Prop_carry4_DI[0]_CO[1])
                                                      0.488     2.930 f  vga/horizontal_counter/vga_to_hdmi_i_8/CO[1]
                         net (fo=1, routed)           0.407     3.337    vga/vertical_counter/CO[0]
    SLICE_X39Y14         LUT6 (Prop_lut6_I3_O)        0.332     3.669 f  vga/vertical_counter/vga_to_hdmi_i_5/O
                         net (fo=1, routed)           0.667     4.336    vga/vertical_counter/vga_to_hdmi_i_5_n_0
    SLICE_X39Y14         LUT6 (Prop_lut6_I4_O)        0.124     4.460 r  vga/vertical_counter/vga_to_hdmi_i_1/O
                         net (fo=8, routed)           0.721     5.181    vga_to_hdmi/inst/srldly_0/data_i[25]
    SLICE_X38Y6          SRL16E                                       r  vga_to_hdmi/inst/srldly_0/srl[27].srl16_i/D
  -------------------------------------------------------------------    -------------------

                         (clock clk_out1_clk_wiz_0 rise edge)
                                                     40.000    40.000 r  
    H16                                               0.000    40.000 r  clk (IN)
                         net (fo=0)                   0.000    40.000    clk_wiz/inst/clk_in1
    H16                  IBUF (Prop_ibuf_I_O)         1.387    41.387 r  clk_wiz/inst/clkin1_ibufg/O
                         net (fo=1, routed)           1.162    42.549    clk_wiz/inst/clk_in1_clk_wiz_0
    MMCME2_ADV_X0Y1      MMCME2_ADV (Prop_mmcme2_adv_CLKIN1_CLKOUT0)
                                                     -7.105    35.444 r  clk_wiz/inst/mmcm_adv_inst/CLKOUT0
                         net (fo=1, routed)           1.599    37.043    clk_wiz/inst/clk_out1_clk_wiz_0
    BUFGCTRL_X0Y16       BUFG (Prop_bufg_I_O)         0.091    37.134 r  clk_wiz/inst/clkout1_buf/O
                         net (fo=196, routed)         1.578    38.712    vga_to_hdmi/inst/srldly_0/pix_clk
    SLICE_X38Y6          SRL16E                                       r  vga_to_hdmi/inst/srldly_0/srl[27].srl16_i/CLK
                         clock pessimism              0.625    39.337    
                         clock uncertainty           -0.095    39.243    
    SLICE_X38Y6          SRL16E (Setup_srl16e_CLK_D)
                                                     -0.039    39.204    vga_to_hdmi/inst/srldly_0/srl[27].srl16_i
  -------------------------------------------------------------------
                         required time                         39.204    
                         arrival time                          -5.181    
  -------------------------------------------------------------------
                         slack                                 34.023    

Slack (MET) :             34.043ns  (required time - arrival time)
  Source:                 counter_reg[1]/C
                            (rising edge-triggered cell FDRE clocked by clk_out1_clk_wiz_0  {rise@0.000ns fall@20.000ns period=40.000ns})
  Destination:            vga_to_hdmi/inst/srldly_0/srl[30].srl16_i/D
                            (rising edge-triggered cell SRL16E clocked by clk_out1_clk_wiz_0  {rise@0.000ns fall@20.000ns period=40.000ns})
  Path Group:             clk_out1_clk_wiz_0
  Path Type:              Setup (Max at Slow Process Corner)
  Requirement:            40.000ns  (clk_out1_clk_wiz_0 rise@40.000ns - clk_out1_clk_wiz_0 rise@0.000ns)
  Data Path Delay:        5.824ns  (logic 1.786ns (30.667%)  route 4.038ns (69.333%))
  Logic Levels:           5  (CARRY4=1 LUT6=4)
  Clock Path Skew:        -0.020ns (DCD - SCD + CPR)
    Destination Clock Delay (DCD):    -1.288ns = ( 38.712 - 40.000 ) 
    Source Clock Delay      (SCD):    -0.643ns
    Clock Pessimism Removal (CPR):    0.625ns
  Clock Uncertainty:      0.095ns  ((TSJ^2 + DJ^2)^1/2) / 2 + PE
    Total System Jitter     (TSJ):    0.071ns
    Discrete Jitter          (DJ):    0.175ns
    Phase Error              (PE):    0.000ns

    Location             Delay type                Incr(ns)  Path(ns)    Netlist Resource(s)
  -------------------------------------------------------------------    -------------------
                         (clock clk_out1_clk_wiz_0 rise edge)
                                                      0.000     0.000 r  
    H16                                               0.000     0.000 r  clk (IN)
                         net (fo=0)                   0.000     0.000    clk_wiz/inst/clk_in1
    H16                  IBUF (Prop_ibuf_I_O)         1.457     1.457 r  clk_wiz/inst/clkin1_ibufg/O
                         net (fo=1, routed)           1.285     2.742    clk_wiz/inst/clk_in1_clk_wiz_0
    MMCME2_ADV_X0Y1      MMCME2_ADV (Prop_mmcme2_adv_CLKIN1_CLKOUT0)
                                                     -6.996    -4.254 r  clk_wiz/inst/mmcm_adv_inst/CLKOUT0
                         net (fo=1, routed)           1.760    -2.494    clk_wiz/inst/clk_out1_clk_wiz_0
    BUFGCTRL_X0Y16       BUFG (Prop_bufg_I_O)         0.101    -2.393 r  clk_wiz/inst/clkout1_buf/O
                         net (fo=196, routed)         1.750    -0.643    clk_25MHz
    SLICE_X36Y13         FDRE                                         r  counter_reg[1]/C
  -------------------------------------------------------------------    -------------------
    SLICE_X36Y13         FDRE (Prop_fdre_C_Q)         0.419    -0.224 r  counter_reg[1]/Q
                         net (fo=15, routed)          0.924     0.700    vga/horizontal_counter/Q[1]
    SLICE_X38Y15         LUT6 (Prop_lut6_I4_O)        0.299     0.999 r  vga/horizontal_counter/counter[9]_i_4/O
                         net (fo=7, routed)           0.679     1.678    vga/horizontal_counter/counter[9]_i_4_n_0
    SLICE_X39Y15         LUT6 (Prop_lut6_I1_O)        0.124     1.802 r  vga/horizontal_counter/vga_to_hdmi_i_12/O
                         net (fo=1, routed)           0.640     2.442    vga/horizontal_counter/vga_to_hdmi_i_12_n_0
    SLICE_X38Y13         CARRY4 (Prop_carry4_DI[0]_CO[1])
                                                      0.488     2.930 f  vga/horizontal_counter/vga_to_hdmi_i_8/CO[1]
                         net (fo=1, routed)           0.407     3.337    vga/vertical_counter/CO[0]
    SLICE_X39Y14         LUT6 (Prop_lut6_I3_O)        0.332     3.669 f  vga/vertical_counter/vga_to_hdmi_i_5/O
                         net (fo=1, routed)           0.667     4.336    vga/vertical_counter/vga_to_hdmi_i_5_n_0
    SLICE_X39Y14         LUT6 (Prop_lut6_I4_O)        0.124     4.460 r  vga/vertical_counter/vga_to_hdmi_i_1/O
                         net (fo=8, routed)           0.721     5.181    vga_to_hdmi/inst/srldly_0/data_i[28]
    SLICE_X38Y6          SRL16E                                       r  vga_to_hdmi/inst/srldly_0/srl[30].srl16_i/D
  -------------------------------------------------------------------    -------------------

                         (clock clk_out1_clk_wiz_0 rise edge)
                                                     40.000    40.000 r  
    H16                                               0.000    40.000 r  clk (IN)
                         net (fo=0)                   0.000    40.000    clk_wiz/inst/clk_in1
    H16                  IBUF (Prop_ibuf_I_O)         1.387    41.387 r  clk_wiz/inst/clkin1_ibufg/O
                         net (fo=1, routed)           1.162    42.549    clk_wiz/inst/clk_in1_clk_wiz_0
    MMCME2_ADV_X0Y1      MMCME2_ADV (Prop_mmcme2_adv_CLKIN1_CLKOUT0)
                                                     -7.105    35.444 r  clk_wiz/inst/mmcm_adv_inst/CLKOUT0
                         net (fo=1, routed)           1.599    37.043    clk_wiz/inst/clk_out1_clk_wiz_0
    BUFGCTRL_X0Y16       BUFG (Prop_bufg_I_O)         0.091    37.134 r  clk_wiz/inst/clkout1_buf/O
                         net (fo=196, routed)         1.578    38.712    vga_to_hdmi/inst/srldly_0/pix_clk
    SLICE_X38Y6          SRL16E                                       r  vga_to_hdmi/inst/srldly_0/srl[30].srl16_i/CLK
                         clock pessimism              0.625    39.337    
                         clock uncertainty           -0.095    39.243    
    SLICE_X38Y6          SRL16E (Setup_srl16e_CLK_D)
                                                     -0.019    39.224    vga_to_hdmi/inst/srldly_0/srl[30].srl16_i
  -------------------------------------------------------------------
                         required time                         39.224    
                         arrival time                          -5.181    
  -------------------------------------------------------------------
                         slack                                 34.043    

Slack (MET) :             34.156ns  (required time - arrival time)
  Source:                 counter_reg[1]/C
                            (rising edge-triggered cell FDRE clocked by clk_out1_clk_wiz_0  {rise@0.000ns fall@20.000ns period=40.000ns})
  Destination:            vga_to_hdmi/inst/srldly_0/srl[25].srl16_i/D
                            (rising edge-triggered cell SRL16E clocked by clk_out1_clk_wiz_0  {rise@0.000ns fall@20.000ns period=40.000ns})
  Path Group:             clk_out1_clk_wiz_0
  Path Type:              Setup (Max at Slow Process Corner)
  Requirement:            40.000ns  (clk_out1_clk_wiz_0 rise@40.000ns - clk_out1_clk_wiz_0 rise@0.000ns)
  Data Path Delay:        5.677ns  (logic 1.786ns (31.458%)  route 3.891ns (68.542%))
  Logic Levels:           5  (CARRY4=1 LUT6=4)
  Clock Path Skew:        -0.020ns (DCD - SCD + CPR)
    Destination Clock Delay (DCD):    -1.288ns = ( 38.712 - 40.000 ) 
    Source Clock Delay      (SCD):    -0.643ns
    Clock Pessimism Removal (CPR):    0.625ns
  Clock Uncertainty:      0.095ns  ((TSJ^2 + DJ^2)^1/2) / 2 + PE
    Total System Jitter     (TSJ):    0.071ns
    Discrete Jitter          (DJ):    0.175ns
    Phase Error              (PE):    0.000ns

    Location             Delay type                Incr(ns)  Path(ns)    Netlist Resource(s)
  -------------------------------------------------------------------    -------------------
                         (clock clk_out1_clk_wiz_0 rise edge)
                                                      0.000     0.000 r  
    H16                                               0.000     0.000 r  clk (IN)
                         net (fo=0)                   0.000     0.000    clk_wiz/inst/clk_in1
    H16                  IBUF (Prop_ibuf_I_O)         1.457     1.457 r  clk_wiz/inst/clkin1_ibufg/O
                         net (fo=1, routed)           1.285     2.742    clk_wiz/inst/clk_in1_clk_wiz_0
    MMCME2_ADV_X0Y1      MMCME2_ADV (Prop_mmcme2_adv_CLKIN1_CLKOUT0)
                                                     -6.996    -4.254 r  clk_wiz/inst/mmcm_adv_inst/CLKOUT0
                         net (fo=1, routed)           1.760    -2.494    clk_wiz/inst/clk_out1_clk_wiz_0
    BUFGCTRL_X0Y16       BUFG (Prop_bufg_I_O)         0.101    -2.393 r  clk_wiz/inst/clkout1_buf/O
                         net (fo=196, routed)         1.750    -0.643    clk_25MHz
    SLICE_X36Y13         FDRE                                         r  counter_reg[1]/C
  -------------------------------------------------------------------    -------------------
    SLICE_X36Y13         FDRE (Prop_fdre_C_Q)         0.419    -0.224 r  counter_reg[1]/Q
                         net (fo=15, routed)          0.924     0.700    vga/horizontal_counter/Q[1]
    SLICE_X38Y15         LUT6 (Prop_lut6_I4_O)        0.299     0.999 r  vga/horizontal_counter/counter[9]_i_4/O
                         net (fo=7, routed)           0.679     1.678    vga/horizontal_counter/counter[9]_i_4_n_0
    SLICE_X39Y15         LUT6 (Prop_lut6_I1_O)        0.124     1.802 r  vga/horizontal_counter/vga_to_hdmi_i_12/O
                         net (fo=1, routed)           0.640     2.442    vga/horizontal_counter/vga_to_hdmi_i_12_n_0
    SLICE_X38Y13         CARRY4 (Prop_carry4_DI[0]_CO[1])
                                                      0.488     2.930 f  vga/horizontal_counter/vga_to_hdmi_i_8/CO[1]
                         net (fo=1, routed)           0.407     3.337    vga/vertical_counter/CO[0]
    SLICE_X39Y14         LUT6 (Prop_lut6_I3_O)        0.332     3.669 f  vga/vertical_counter/vga_to_hdmi_i_5/O
                         net (fo=1, routed)           0.667     4.336    vga/vertical_counter/vga_to_hdmi_i_5_n_0
    SLICE_X39Y14         LUT6 (Prop_lut6_I4_O)        0.124     4.460 r  vga/vertical_counter/vga_to_hdmi_i_1/O
                         net (fo=8, routed)           0.575     5.035    vga_to_hdmi/inst/srldly_0/data_i[23]
    SLICE_X38Y6          SRL16E                                       r  vga_to_hdmi/inst/srldly_0/srl[25].srl16_i/D
  -------------------------------------------------------------------    -------------------

                         (clock clk_out1_clk_wiz_0 rise edge)
                                                     40.000    40.000 r  
    H16                                               0.000    40.000 r  clk (IN)
                         net (fo=0)                   0.000    40.000    clk_wiz/inst/clk_in1
    H16                  IBUF (Prop_ibuf_I_O)         1.387    41.387 r  clk_wiz/inst/clkin1_ibufg/O
                         net (fo=1, routed)           1.162    42.549    clk_wiz/inst/clk_in1_clk_wiz_0
    MMCME2_ADV_X0Y1      MMCME2_ADV (Prop_mmcme2_adv_CLKIN1_CLKOUT0)
                                                     -7.105    35.444 r  clk_wiz/inst/mmcm_adv_inst/CLKOUT0
                         net (fo=1, routed)           1.599    37.043    clk_wiz/inst/clk_out1_clk_wiz_0
    BUFGCTRL_X0Y16       BUFG (Prop_bufg_I_O)         0.091    37.134 r  clk_wiz/inst/clkout1_buf/O
                         net (fo=196, routed)         1.578    38.712    vga_to_hdmi/inst/srldly_0/pix_clk
    SLICE_X38Y6          SRL16E                                       r  vga_to_hdmi/inst/srldly_0/srl[25].srl16_i/CLK
                         clock pessimism              0.625    39.337    
                         clock uncertainty           -0.095    39.243    
    SLICE_X38Y6          SRL16E (Setup_srl16e_CLK_D)
                                                     -0.052    39.191    vga_to_hdmi/inst/srldly_0/srl[25].srl16_i
  -------------------------------------------------------------------
                         required time                         39.191    
                         arrival time                          -5.035    
  -------------------------------------------------------------------
                         slack                                 34.156    

Slack (MET) :             34.220ns  (required time - arrival time)
  Source:                 counter_reg[1]/C
                            (rising edge-triggered cell FDRE clocked by clk_out1_clk_wiz_0  {rise@0.000ns fall@20.000ns period=40.000ns})
  Destination:            vga_to_hdmi/inst/srldly_0/srl[31].srl16_i/D
                            (rising edge-triggered cell SRL16E clocked by clk_out1_clk_wiz_0  {rise@0.000ns fall@20.000ns period=40.000ns})
  Path Group:             clk_out1_clk_wiz_0
  Path Type:              Setup (Max at Slow Process Corner)
  Requirement:            40.000ns  (clk_out1_clk_wiz_0 rise@40.000ns - clk_out1_clk_wiz_0 rise@0.000ns)
  Data Path Delay:        5.824ns  (logic 1.786ns (30.666%)  route 4.038ns (69.334%))
  Logic Levels:           5  (CARRY4=1 LUT6=4)
  Clock Path Skew:        -0.020ns (DCD - SCD + CPR)
    Destination Clock Delay (DCD):    -1.288ns = ( 38.712 - 40.000 ) 
    Source Clock Delay      (SCD):    -0.643ns
    Clock Pessimism Removal (CPR):    0.625ns
  Clock Uncertainty:      0.095ns  ((TSJ^2 + DJ^2)^1/2) / 2 + PE
    Total System Jitter     (TSJ):    0.071ns
    Discrete Jitter          (DJ):    0.175ns
    Phase Error              (PE):    0.000ns

    Location             Delay type                Incr(ns)  Path(ns)    Netlist Resource(s)
  -------------------------------------------------------------------    -------------------
                         (clock clk_out1_clk_wiz_0 rise edge)
                                                      0.000     0.000 r  
    H16                                               0.000     0.000 r  clk (IN)
                         net (fo=0)                   0.000     0.000    clk_wiz/inst/clk_in1
    H16                  IBUF (Prop_ibuf_I_O)         1.457     1.457 r  clk_wiz/inst/clkin1_ibufg/O
                         net (fo=1, routed)           1.285     2.742    clk_wiz/inst/clk_in1_clk_wiz_0
    MMCME2_ADV_X0Y1      MMCME2_ADV (Prop_mmcme2_adv_CLKIN1_CLKOUT0)
                                                     -6.996    -4.254 r  clk_wiz/inst/mmcm_adv_inst/CLKOUT0
                         net (fo=1, routed)           1.760    -2.494    clk_wiz/inst/clk_out1_clk_wiz_0
    BUFGCTRL_X0Y16       BUFG (Prop_bufg_I_O)         0.101    -2.393 r  clk_wiz/inst/clkout1_buf/O
                         net (fo=196, routed)         1.750    -0.643    clk_25MHz
    SLICE_X36Y13         FDRE                                         r  counter_reg[1]/C
  -------------------------------------------------------------------    -------------------
    SLICE_X36Y13         FDRE (Prop_fdre_C_Q)         0.419    -0.224 r  counter_reg[1]/Q
                         net (fo=15, routed)          0.924     0.700    vga/horizontal_counter/Q[1]
    SLICE_X38Y15         LUT6 (Prop_lut6_I4_O)        0.299     0.999 r  vga/horizontal_counter/counter[9]_i_4/O
                         net (fo=7, routed)           0.679     1.678    vga/horizontal_counter/counter[9]_i_4_n_0
    SLICE_X39Y15         LUT6 (Prop_lut6_I1_O)        0.124     1.802 r  vga/horizontal_counter/vga_to_hdmi_i_12/O
                         net (fo=1, routed)           0.640     2.442    vga/horizontal_counter/vga_to_hdmi_i_12_n_0
    SLICE_X38Y13         CARRY4 (Prop_carry4_DI[0]_CO[1])
                                                      0.488     2.930 f  vga/horizontal_counter/vga_to_hdmi_i_8/CO[1]
                         net (fo=1, routed)           0.407     3.337    vga/vertical_counter/CO[0]
    SLICE_X39Y14         LUT6 (Prop_lut6_I3_O)        0.332     3.669 f  vga/vertical_counter/vga_to_hdmi_i_5/O
                         net (fo=1, routed)           0.667     4.336    vga/vertical_counter/vga_to_hdmi_i_5_n_0
    SLICE_X39Y14         LUT6 (Prop_lut6_I4_O)        0.124     4.460 r  vga/vertical_counter/vga_to_hdmi_i_1/O
                         net (fo=8, routed)           0.721     5.181    vga_to_hdmi/inst/srldly_0/data_i[29]
    SLICE_X38Y6          SRL16E                                       r  vga_to_hdmi/inst/srldly_0/srl[31].srl16_i/D
  -------------------------------------------------------------------    -------------------

                         (clock clk_out1_clk_wiz_0 rise edge)
                                                     40.000    40.000 r  
    H16                                               0.000    40.000 r  clk (IN)
                         net (fo=0)                   0.000    40.000    clk_wiz/inst/clk_in1
    H16                  IBUF (Prop_ibuf_I_O)         1.387    41.387 r  clk_wiz/inst/clkin1_ibufg/O
                         net (fo=1, routed)           1.162    42.549    clk_wiz/inst/clk_in1_clk_wiz_0
    MMCME2_ADV_X0Y1      MMCME2_ADV (Prop_mmcme2_adv_CLKIN1_CLKOUT0)
                                                     -7.105    35.444 r  clk_wiz/inst/mmcm_adv_inst/CLKOUT0
                         net (fo=1, routed)           1.599    37.043    clk_wiz/inst/clk_out1_clk_wiz_0
    BUFGCTRL_X0Y16       BUFG (Prop_bufg_I_O)         0.091    37.134 r  clk_wiz/inst/clkout1_buf/O
                         net (fo=196, routed)         1.578    38.712    vga_to_hdmi/inst/srldly_0/pix_clk
    SLICE_X38Y6          SRL16E                                       r  vga_to_hdmi/inst/srldly_0/srl[31].srl16_i/CLK
                         clock pessimism              0.625    39.337    
                         clock uncertainty           -0.095    39.243    
    SLICE_X38Y6          SRL16E (Setup_srl16e_CLK_D)
                                                      0.159    39.402    vga_to_hdmi/inst/srldly_0/srl[31].srl16_i
  -------------------------------------------------------------------
                         required time                         39.402    
                         arrival time                          -5.181    
  -------------------------------------------------------------------
                         slack                                 34.220    

Slack (MET) :             34.840ns  (required time - arrival time)
  Source:                 vga_to_hdmi/inst/srldly_0/srl[1].srl16_i/CLK
                            (rising edge-triggered cell SRL16E clocked by clk_out1_clk_wiz_0  {rise@0.000ns fall@20.000ns period=40.000ns})
  Destination:            vga_to_hdmi/inst/encg/dout_reg[6]/D
                            (rising edge-triggered cell FDCE clocked by clk_out1_clk_wiz_0  {rise@0.000ns fall@20.000ns period=40.000ns})
  Path Group:             clk_out1_clk_wiz_0
  Path Type:              Setup (Max at Slow Process Corner)
  Requirement:            40.000ns  (clk_out1_clk_wiz_0 rise@40.000ns - clk_out1_clk_wiz_0 rise@0.000ns)
  Data Path Delay:        5.072ns  (logic 2.228ns (43.929%)  route 2.844ns (56.071%))
  Logic Levels:           3  (LUT2=2 LUT6=1)
  Clock Path Skew:        -0.023ns (DCD - SCD + CPR)
    Destination Clock Delay (DCD):    -1.287ns = ( 38.713 - 40.000 ) 
    Source Clock Delay      (SCD):    -0.638ns
    Clock Pessimism Removal (CPR):    0.626ns
  Clock Uncertainty:      0.095ns  ((TSJ^2 + DJ^2)^1/2) / 2 + PE
    Total System Jitter     (TSJ):    0.071ns
    Discrete Jitter          (DJ):    0.175ns
    Phase Error              (PE):    0.000ns

    Location             Delay type                Incr(ns)  Path(ns)    Netlist Resource(s)
  -------------------------------------------------------------------    -------------------
                         (clock clk_out1_clk_wiz_0 rise edge)
                                                      0.000     0.000 r  
    H16                                               0.000     0.000 r  clk (IN)
                         net (fo=0)                   0.000     0.000    clk_wiz/inst/clk_in1
    H16                  IBUF (Prop_ibuf_I_O)         1.457     1.457 r  clk_wiz/inst/clkin1_ibufg/O
                         net (fo=1, routed)           1.285     2.742    clk_wiz/inst/clk_in1_clk_wiz_0
    MMCME2_ADV_X0Y1      MMCME2_ADV (Prop_mmcme2_adv_CLKIN1_CLKOUT0)
                                                     -6.996    -4.254 r  clk_wiz/inst/mmcm_adv_inst/CLKOUT0
                         net (fo=1, routed)           1.760    -2.494    clk_wiz/inst/clk_out1_clk_wiz_0
    BUFGCTRL_X0Y16       BUFG (Prop_bufg_I_O)         0.101    -2.393 r  clk_wiz/inst/clkout1_buf/O
                         net (fo=196, routed)         1.755    -0.638    vga_to_hdmi/inst/srldly_0/pix_clk
    SLICE_X42Y10         SRL16E                                       r  vga_to_hdmi/inst/srldly_0/srl[1].srl16_i/CLK
  -------------------------------------------------------------------    -------------------
    SLICE_X42Y10         SRL16E (Prop_srl16e_CLK_Q)
                                                      1.628     0.990 f  vga_to_hdmi/inst/srldly_0/srl[1].srl16_i/Q
                         net (fo=16, routed)          1.613     2.603    vga_to_hdmi/inst/encb/data_o[1]
    SLICE_X42Y4          LUT2 (Prop_lut2_I1_O)        0.124     2.727 r  vga_to_hdmi/inst/encb/dout[6]_i_3__0/O
                         net (fo=3, routed)           0.650     3.377    vga_to_hdmi/inst/encb/dout[6]_i_3__0_n_0
    SLICE_X43Y5          LUT2 (Prop_lut2_I0_O)        0.150     3.527 r  vga_to_hdmi/inst/encb/dout[6]_i_2/O
                         net (fo=1, routed)           0.581     4.108    vga_to_hdmi/inst/encg/dout_reg[6]_0
    SLICE_X40Y5          LUT6 (Prop_lut6_I0_O)        0.326     4.434 r  vga_to_hdmi/inst/encg/dout[6]_i_1__0/O
                         net (fo=1, routed)           0.000     4.434    vga_to_hdmi/inst/encg/dout[6]_i_1__0_n_0
    SLICE_X40Y5          FDCE                                         r  vga_to_hdmi/inst/encg/dout_reg[6]/D
  -------------------------------------------------------------------    -------------------

                         (clock clk_out1_clk_wiz_0 rise edge)
                                                     40.000    40.000 r  
    H16                                               0.000    40.000 r  clk (IN)
                         net (fo=0)                   0.000    40.000    clk_wiz/inst/clk_in1
    H16                  IBUF (Prop_ibuf_I_O)         1.387    41.387 r  clk_wiz/inst/clkin1_ibufg/O
                         net (fo=1, routed)           1.162    42.549    clk_wiz/inst/clk_in1_clk_wiz_0
    MMCME2_ADV_X0Y1      MMCME2_ADV (Prop_mmcme2_adv_CLKIN1_CLKOUT0)
                                                     -7.105    35.444 r  clk_wiz/inst/mmcm_adv_inst/CLKOUT0
                         net (fo=1, routed)           1.599    37.043    clk_wiz/inst/clk_out1_clk_wiz_0
    BUFGCTRL_X0Y16       BUFG (Prop_bufg_I_O)         0.091    37.134 r  clk_wiz/inst/clkout1_buf/O
                         net (fo=196, routed)         1.579    38.713    vga_to_hdmi/inst/encg/pix_clk
    SLICE_X40Y5          FDCE                                         r  vga_to_hdmi/inst/encg/dout_reg[6]/C
                         clock pessimism              0.626    39.339    
                         clock uncertainty           -0.095    39.245    
    SLICE_X40Y5          FDCE (Setup_fdce_C_D)        0.029    39.274    vga_to_hdmi/inst/encg/dout_reg[6]
  -------------------------------------------------------------------
                         required time                         39.274    
                         arrival time                          -4.434    
  -------------------------------------------------------------------
                         slack                                 34.840    

Slack (MET) :             34.903ns  (required time - arrival time)
  Source:                 vga_to_hdmi/inst/srldly_0/srl[1].srl16_i/CLK
                            (rising edge-triggered cell SRL16E clocked by clk_out1_clk_wiz_0  {rise@0.000ns fall@20.000ns period=40.000ns})
  Destination:            vga_to_hdmi/inst/encg/dout_reg[2]/D
                            (rising edge-triggered cell FDCE clocked by clk_out1_clk_wiz_0  {rise@0.000ns fall@20.000ns period=40.000ns})
  Path Group:             clk_out1_clk_wiz_0
  Path Type:              Setup (Max at Slow Process Corner)
  Requirement:            40.000ns  (clk_out1_clk_wiz_0 rise@40.000ns - clk_out1_clk_wiz_0 rise@0.000ns)
  Data Path Delay:        5.058ns  (logic 2.000ns (39.539%)  route 3.058ns (60.461%))
  Logic Levels:           3  (LUT2=2 LUT6=1)
  Clock Path Skew:        -0.023ns (DCD - SCD + CPR)
    Destination Clock Delay (DCD):    -1.287ns = ( 38.713 - 40.000 ) 
    Source Clock Delay      (SCD):    -0.638ns
    Clock Pessimism Removal (CPR):    0.626ns
  Clock Uncertainty:      0.095ns  ((TSJ^2 + DJ^2)^1/2) / 2 + PE
    Total System Jitter     (TSJ):    0.071ns
    Discrete Jitter          (DJ):    0.175ns
    Phase Error              (PE):    0.000ns

    Location             Delay type                Incr(ns)  Path(ns)    Netlist Resource(s)
  -------------------------------------------------------------------    -------------------
                         (clock clk_out1_clk_wiz_0 rise edge)
                                                      0.000     0.000 r  
    H16                                               0.000     0.000 r  clk (IN)
                         net (fo=0)                   0.000     0.000    clk_wiz/inst/clk_in1
    H16                  IBUF (Prop_ibuf_I_O)         1.457     1.457 r  clk_wiz/inst/clkin1_ibufg/O
                         net (fo=1, routed)           1.285     2.742    clk_wiz/inst/clk_in1_clk_wiz_0
    MMCME2_ADV_X0Y1      MMCME2_ADV (Prop_mmcme2_adv_CLKIN1_CLKOUT0)
                                                     -6.996    -4.254 r  clk_wiz/inst/mmcm_adv_inst/CLKOUT0
                         net (fo=1, routed)           1.760    -2.494    clk_wiz/inst/clk_out1_clk_wiz_0
    BUFGCTRL_X0Y16       BUFG (Prop_bufg_I_O)         0.101    -2.393 r  clk_wiz/inst/clkout1_buf/O
                         net (fo=196, routed)         1.755    -0.638    vga_to_hdmi/inst/srldly_0/pix_clk
    SLICE_X42Y10         SRL16E                                       r  vga_to_hdmi/inst/srldly_0/srl[1].srl16_i/CLK
  -------------------------------------------------------------------    -------------------
    SLICE_X42Y10         SRL16E (Prop_srl16e_CLK_Q)
                                                      1.628     0.990 f  vga_to_hdmi/inst/srldly_0/srl[1].srl16_i/Q
                         net (fo=16, routed)          1.613     2.603    vga_to_hdmi/inst/encb/data_o[1]
    SLICE_X42Y4          LUT2 (Prop_lut2_I1_O)        0.124     2.727 r  vga_to_hdmi/inst/encb/dout[6]_i_3__0/O
                         net (fo=3, routed)           0.650     3.377    vga_to_hdmi/inst/encb/dout[6]_i_3__0_n_0
    SLICE_X43Y5          LUT2 (Prop_lut2_I0_O)        0.124     3.501 r  vga_to_hdmi/inst/encb/dout[2]_i_2/O
                         net (fo=1, routed)           0.795     4.296    vga_to_hdmi/inst/encg/dout_reg[2]_0
    SLICE_X42Y5          LUT6 (Prop_lut6_I0_O)        0.124     4.420 r  vga_to_hdmi/inst/encg/dout[2]_i_1__0/O
                         net (fo=1, routed)           0.000     4.420    vga_to_hdmi/inst/encg/dout[2]_i_1__0_n_0
    SLICE_X42Y5          FDCE                                         r  vga_to_hdmi/inst/encg/dout_reg[2]/D
  -------------------------------------------------------------------    -------------------

                         (clock clk_out1_clk_wiz_0 rise edge)
                                                     40.000    40.000 r  
    H16                                               0.000    40.000 r  clk (IN)
                         net (fo=0)                   0.000    40.000    clk_wiz/inst/clk_in1
    H16                  IBUF (Prop_ibuf_I_O)         1.387    41.387 r  clk_wiz/inst/clkin1_ibufg/O
                         net (fo=1, routed)           1.162    42.549    clk_wiz/inst/clk_in1_clk_wiz_0
    MMCME2_ADV_X0Y1      MMCME2_ADV (Prop_mmcme2_adv_CLKIN1_CLKOUT0)
                                                     -7.105    35.444 r  clk_wiz/inst/mmcm_adv_inst/CLKOUT0
                         net (fo=1, routed)           1.599    37.043    clk_wiz/inst/clk_out1_clk_wiz_0
    BUFGCTRL_X0Y16       BUFG (Prop_bufg_I_O)         0.091    37.134 r  clk_wiz/inst/clkout1_buf/O
                         net (fo=196, routed)         1.579    38.713    vga_to_hdmi/inst/encg/pix_clk
    SLICE_X42Y5          FDCE                                         r  vga_to_hdmi/inst/encg/dout_reg[2]/C
                         clock pessimism              0.626    39.339    
                         clock uncertainty           -0.095    39.245    
    SLICE_X42Y5          FDCE (Setup_fdce_C_D)        0.079    39.324    vga_to_hdmi/inst/encg/dout_reg[2]
  -------------------------------------------------------------------
                         required time                         39.324    
                         arrival time                          -4.420    
  -------------------------------------------------------------------
                         slack                                 34.903    





Min Delay Paths
--------------------------------------------------------------------------------------
Slack (MET) :             0.164ns  (arrival time - required time)
  Source:                 vga/vertical_counter/val_reg[1]/C
                            (rising edge-triggered cell FDRE clocked by clk_out1_clk_wiz_0  {rise@0.000ns fall@20.000ns period=40.000ns})
  Destination:            vga/vertical_counter/val_reg[4]/D
                            (rising edge-triggered cell FDRE clocked by clk_out1_clk_wiz_0  {rise@0.000ns fall@20.000ns period=40.000ns})
  Path Group:             clk_out1_clk_wiz_0
  Path Type:              Hold (Min at Fast Process Corner)
  Requirement:            0.000ns  (clk_out1_clk_wiz_0 rise@0.000ns - clk_out1_clk_wiz_0 rise@0.000ns)
  Data Path Delay:        0.297ns  (logic 0.186ns (62.534%)  route 0.111ns (37.466%))
  Logic Levels:           1  (LUT5=1)
  Clock Path Skew:        0.013ns (DCD - SCD - CPR)
    Destination Clock Delay (DCD):    -0.741ns
    Source Clock Delay      (SCD):    -0.507ns
    Clock Pessimism Removal (CPR):    -0.247ns

    Location             Delay type                Incr(ns)  Path(ns)    Netlist Resource(s)
  -------------------------------------------------------------------    -------------------
                         (clock clk_out1_clk_wiz_0 rise edge)
                                                      0.000     0.000 r  
    H16                                               0.000     0.000 r  clk (IN)
                         net (fo=0)                   0.000     0.000    clk_wiz/inst/clk_in1
    H16                  IBUF (Prop_ibuf_I_O)         0.225     0.225 r  clk_wiz/inst/clkin1_ibufg/O
                         net (fo=1, routed)           0.440     0.665    clk_wiz/inst/clk_in1_clk_wiz_0
    MMCME2_ADV_X0Y1      MMCME2_ADV (Prop_mmcme2_adv_CLKIN1_CLKOUT0)
                                                     -2.268    -1.602 r  clk_wiz/inst/mmcm_adv_inst/CLKOUT0
                         net (fo=1, routed)           0.482    -1.120    clk_wiz/inst/clk_out1_clk_wiz_0
    BUFGCTRL_X0Y16       BUFG (Prop_bufg_I_O)         0.026    -1.094 r  clk_wiz/inst/clkout1_buf/O
                         net (fo=196, routed)         0.588    -0.507    vga/vertical_counter/CLK
    SLICE_X39Y14         FDRE                                         r  vga/vertical_counter/val_reg[1]/C
  -------------------------------------------------------------------    -------------------
    SLICE_X39Y14         FDRE (Prop_fdre_C_Q)         0.141    -0.366 r  vga/vertical_counter/val_reg[1]/Q
                         net (fo=11, routed)          0.111    -0.254    vga/vertical_counter/y_pix[1]
    SLICE_X38Y14         LUT5 (Prop_lut5_I1_O)        0.045    -0.209 r  vga/vertical_counter/val[4]_i_1__0/O
                         net (fo=1, routed)           0.000    -0.209    vga/vertical_counter/val[4]_i_1__0_n_0
    SLICE_X38Y14         FDRE                                         r  vga/vertical_counter/val_reg[4]/D
  -------------------------------------------------------------------    -------------------

                         (clock clk_out1_clk_wiz_0 rise edge)
                                                      0.000     0.000 r  
    H16                                               0.000     0.000 r  clk (IN)
                         net (fo=0)                   0.000     0.000    clk_wiz/inst/clk_in1
    H16                  IBUF (Prop_ibuf_I_O)         0.413     0.413 r  clk_wiz/inst/clkin1_ibufg/O
                         net (fo=1, routed)           0.480     0.893    clk_wiz/inst/clk_in1_clk_wiz_0
    MMCME2_ADV_X0Y1      MMCME2_ADV (Prop_mmcme2_adv_CLKIN1_CLKOUT0)
                                                     -3.047    -2.154 r  clk_wiz/inst/mmcm_adv_inst/CLKOUT0
                         net (fo=1, routed)           0.528    -1.626    clk_wiz/inst/clk_out1_clk_wiz_0
    BUFGCTRL_X0Y16       BUFG (Prop_bufg_I_O)         0.029    -1.597 r  clk_wiz/inst/clkout1_buf/O
                         net (fo=196, routed)         0.856    -0.741    vga/vertical_counter/CLK
    SLICE_X38Y14         FDRE                                         r  vga/vertical_counter/val_reg[4]/C
                         clock pessimism              0.247    -0.494    
    SLICE_X38Y14         FDRE (Hold_fdre_C_D)         0.120    -0.374    vga/vertical_counter/val_reg[4]
  -------------------------------------------------------------------
                         required time                          0.374    
                         arrival time                          -0.209    
  -------------------------------------------------------------------
                         slack                                  0.164    

Slack (MET) :             0.177ns  (arrival time - required time)
  Source:                 vga/vertical_counter/val_reg[5]/C
                            (rising edge-triggered cell FDRE clocked by clk_out1_clk_wiz_0  {rise@0.000ns fall@20.000ns period=40.000ns})
  Destination:            vga/vertical_counter/val_reg[6]/D
                            (rising edge-triggered cell FDRE clocked by clk_out1_clk_wiz_0  {rise@0.000ns fall@20.000ns period=40.000ns})
  Path Group:             clk_out1_clk_wiz_0
  Path Type:              Hold (Min at Fast Process Corner)
  Requirement:            0.000ns  (clk_out1_clk_wiz_0 rise@0.000ns - clk_out1_clk_wiz_0 rise@0.000ns)
  Data Path Delay:        0.282ns  (logic 0.186ns (65.918%)  route 0.096ns (34.082%))
  Logic Levels:           1  (LUT3=1)
  Clock Path Skew:        0.013ns (DCD - SCD - CPR)
    Destination Clock Delay (DCD):    -0.741ns
    Source Clock Delay      (SCD):    -0.507ns
    Clock Pessimism Removal (CPR):    -0.247ns

    Location             Delay type                Incr(ns)  Path(ns)    Netlist Resource(s)
  -------------------------------------------------------------------    -------------------
                         (clock clk_out1_clk_wiz_0 rise edge)
                                                      0.000     0.000 r  
    H16                                               0.000     0.000 r  clk (IN)
                         net (fo=0)                   0.000     0.000    clk_wiz/inst/clk_in1
    H16                  IBUF (Prop_ibuf_I_O)         0.225     0.225 r  clk_wiz/inst/clkin1_ibufg/O
                         net (fo=1, routed)           0.440     0.665    clk_wiz/inst/clk_in1_clk_wiz_0
    MMCME2_ADV_X0Y1      MMCME2_ADV (Prop_mmcme2_adv_CLKIN1_CLKOUT0)
                                                     -2.268    -1.602 r  clk_wiz/inst/mmcm_adv_inst/CLKOUT0
                         net (fo=1, routed)           0.482    -1.120    clk_wiz/inst/clk_out1_clk_wiz_0
    BUFGCTRL_X0Y16       BUFG (Prop_bufg_I_O)         0.026    -1.094 r  clk_wiz/inst/clkout1_buf/O
                         net (fo=196, routed)         0.588    -0.507    vga/vertical_counter/CLK
    SLICE_X36Y14         FDRE                                         r  vga/vertical_counter/val_reg[5]/C
  -------------------------------------------------------------------    -------------------
    SLICE_X36Y14         FDRE (Prop_fdre_C_Q)         0.141    -0.366 r  vga/vertical_counter/val_reg[5]/Q
                         net (fo=8, routed)           0.096    -0.269    vga/vertical_counter/y_pix[5]
    SLICE_X37Y14         LUT3 (Prop_lut3_I2_O)        0.045    -0.224 r  vga/vertical_counter/val[6]_i_1__0/O
                         net (fo=1, routed)           0.000    -0.224    vga/vertical_counter/val[6]
    SLICE_X37Y14         FDRE                                         r  vga/vertical_counter/val_reg[6]/D
  -------------------------------------------------------------------    -------------------

                         (clock clk_out1_clk_wiz_0 rise edge)
                                                      0.000     0.000 r  
    H16                                               0.000     0.000 r  clk (IN)
                         net (fo=0)                   0.000     0.000    clk_wiz/inst/clk_in1
    H16                  IBUF (Prop_ibuf_I_O)         0.413     0.413 r  clk_wiz/inst/clkin1_ibufg/O
                         net (fo=1, routed)           0.480     0.893    clk_wiz/inst/clk_in1_clk_wiz_0
    MMCME2_ADV_X0Y1      MMCME2_ADV (Prop_mmcme2_adv_CLKIN1_CLKOUT0)
                                                     -3.047    -2.154 r  clk_wiz/inst/mmcm_adv_inst/CLKOUT0
                         net (fo=1, routed)           0.528    -1.626    clk_wiz/inst/clk_out1_clk_wiz_0
    BUFGCTRL_X0Y16       BUFG (Prop_bufg_I_O)         0.029    -1.597 r  clk_wiz/inst/clkout1_buf/O
                         net (fo=196, routed)         0.856    -0.741    vga/vertical_counter/CLK
    SLICE_X37Y14         FDRE                                         r  vga/vertical_counter/val_reg[6]/C
                         clock pessimism              0.247    -0.494    
    SLICE_X37Y14         FDRE (Hold_fdre_C_D)         0.092    -0.402    vga/vertical_counter/val_reg[6]
  -------------------------------------------------------------------
                         required time                          0.402    
                         arrival time                          -0.224    
  -------------------------------------------------------------------
                         slack                                  0.177    

Slack (MET) :             0.185ns  (arrival time - required time)
  Source:                 vga_to_hdmi/inst/encg/q_m_reg_reg[4]/C
                            (rising edge-triggered cell FDRE clocked by clk_out1_clk_wiz_0  {rise@0.000ns fall@20.000ns period=40.000ns})
  Destination:            vga_to_hdmi/inst/encg/dout_reg[4]/D
                            (rising edge-triggered cell FDCE clocked by clk_out1_clk_wiz_0  {rise@0.000ns fall@20.000ns period=40.000ns})
  Path Group:             clk_out1_clk_wiz_0
  Path Type:              Hold (Min at Fast Process Corner)
  Requirement:            0.000ns  (clk_out1_clk_wiz_0 rise@0.000ns - clk_out1_clk_wiz_0 rise@0.000ns)
  Data Path Delay:        0.293ns  (logic 0.186ns (63.444%)  route 0.107ns (36.556%))
  Logic Levels:           1  (LUT6=1)
  Clock Path Skew:        0.016ns (DCD - SCD - CPR)
    Destination Clock Delay (DCD):    -0.734ns
    Source Clock Delay      (SCD):    -0.501ns
    Clock Pessimism Removal (CPR):    -0.249ns

    Location             Delay type                Incr(ns)  Path(ns)    Netlist Resource(s)
  -------------------------------------------------------------------    -------------------
                         (clock clk_out1_clk_wiz_0 rise edge)
                                                      0.000     0.000 r  
    H16                                               0.000     0.000 r  clk (IN)
                         net (fo=0)                   0.000     0.000    clk_wiz/inst/clk_in1
    H16                  IBUF (Prop_ibuf_I_O)         0.225     0.225 r  clk_wiz/inst/clkin1_ibufg/O
                         net (fo=1, routed)           0.440     0.665    clk_wiz/inst/clk_in1_clk_wiz_0
    MMCME2_ADV_X0Y1      MMCME2_ADV (Prop_mmcme2_adv_CLKIN1_CLKOUT0)
                                                     -2.268    -1.602 r  clk_wiz/inst/mmcm_adv_inst/CLKOUT0
                         net (fo=1, routed)           0.482    -1.120    clk_wiz/inst/clk_out1_clk_wiz_0
    BUFGCTRL_X0Y16       BUFG (Prop_bufg_I_O)         0.026    -1.094 r  clk_wiz/inst/clkout1_buf/O
                         net (fo=196, routed)         0.594    -0.501    vga_to_hdmi/inst/encg/pix_clk
    SLICE_X43Y5          FDRE                                         r  vga_to_hdmi/inst/encg/q_m_reg_reg[4]/C
  -------------------------------------------------------------------    -------------------
    SLICE_X43Y5          FDRE (Prop_fdre_C_Q)         0.141    -0.360 r  vga_to_hdmi/inst/encg/q_m_reg_reg[4]/Q
                         net (fo=1, routed)           0.107    -0.252    vga_to_hdmi/inst/encg/q_m_reg_reg_n_0_[4]
    SLICE_X43Y4          LUT6 (Prop_lut6_I1_O)        0.045    -0.207 r  vga_to_hdmi/inst/encg/dout[4]_i_1__0/O
                         net (fo=1, routed)           0.000    -0.207    vga_to_hdmi/inst/encg/dout[4]_i_1__0_n_0
    SLICE_X43Y4          FDCE                                         r  vga_to_hdmi/inst/encg/dout_reg[4]/D
  -------------------------------------------------------------------    -------------------

                         (clock clk_out1_clk_wiz_0 rise edge)
                                                      0.000     0.000 r  
    H16                                               0.000     0.000 r  clk (IN)
                         net (fo=0)                   0.000     0.000    clk_wiz/inst/clk_in1
    H16                  IBUF (Prop_ibuf_I_O)         0.413     0.413 r  clk_wiz/inst/clkin1_ibufg/O
                         net (fo=1, routed)           0.480     0.893    clk_wiz/inst/clk_in1_clk_wiz_0
    MMCME2_ADV_X0Y1      MMCME2_ADV (Prop_mmcme2_adv_CLKIN1_CLKOUT0)
                                                     -3.047    -2.154 r  clk_wiz/inst/mmcm_adv_inst/CLKOUT0
                         net (fo=1, routed)           0.528    -1.626    clk_wiz/inst/clk_out1_clk_wiz_0
    BUFGCTRL_X0Y16       BUFG (Prop_bufg_I_O)         0.029    -1.597 r  clk_wiz/inst/clkout1_buf/O
                         net (fo=196, routed)         0.863    -0.734    vga_to_hdmi/inst/encg/pix_clk
    SLICE_X43Y4          FDCE                                         r  vga_to_hdmi/inst/encg/dout_reg[4]/C
                         clock pessimism              0.249    -0.485    
    SLICE_X43Y4          FDCE (Hold_fdce_C_D)         0.092    -0.393    vga_to_hdmi/inst/encg/dout_reg[4]
  -------------------------------------------------------------------
                         required time                          0.393    
                         arrival time                          -0.207    
  -------------------------------------------------------------------
                         slack                                  0.185    

Slack (MET) :             0.188ns  (arrival time - required time)
  Source:                 vga_to_hdmi/inst/encb/vdin_q_reg[5]/C
                            (rising edge-triggered cell FDRE clocked by clk_out1_clk_wiz_0  {rise@0.000ns fall@20.000ns period=40.000ns})
  Destination:            vga_to_hdmi/inst/encb/q_m_reg_reg[5]/D
                            (rising edge-triggered cell FDRE clocked by clk_out1_clk_wiz_0  {rise@0.000ns fall@20.000ns period=40.000ns})
  Path Group:             clk_out1_clk_wiz_0
  Path Type:              Hold (Min at Fast Process Corner)
  Requirement:            0.000ns  (clk_out1_clk_wiz_0 rise@0.000ns - clk_out1_clk_wiz_0 rise@0.000ns)
  Data Path Delay:        0.293ns  (logic 0.209ns (71.223%)  route 0.084ns (28.777%))
  Logic Levels:           1  (LUT5=1)
  Clock Path Skew:        0.013ns (DCD - SCD - CPR)
    Destination Clock Delay (DCD):    -0.741ns
    Source Clock Delay      (SCD):    -0.506ns
    Clock Pessimism Removal (CPR):    -0.248ns

    Location             Delay type                Incr(ns)  Path(ns)    Netlist Resource(s)
  -------------------------------------------------------------------    -------------------
                         (clock clk_out1_clk_wiz_0 rise edge)
                                                      0.000     0.000 r  
    H16                                               0.000     0.000 r  clk (IN)
                         net (fo=0)                   0.000     0.000    clk_wiz/inst/clk_in1
    H16                  IBUF (Prop_ibuf_I_O)         0.225     0.225 r  clk_wiz/inst/clkin1_ibufg/O
                         net (fo=1, routed)           0.440     0.665    clk_wiz/inst/clk_in1_clk_wiz_0
    MMCME2_ADV_X0Y1      MMCME2_ADV (Prop_mmcme2_adv_CLKIN1_CLKOUT0)
                                                     -2.268    -1.602 r  clk_wiz/inst/mmcm_adv_inst/CLKOUT0
                         net (fo=1, routed)           0.482    -1.120    clk_wiz/inst/clk_out1_clk_wiz_0
    BUFGCTRL_X0Y16       BUFG (Prop_bufg_I_O)         0.026    -1.094 r  clk_wiz/inst/clkout1_buf/O
                         net (fo=196, routed)         0.589    -0.506    vga_to_hdmi/inst/encb/pix_clk
    SLICE_X42Y16         FDRE                                         r  vga_to_hdmi/inst/encb/vdin_q_reg[5]/C
  -------------------------------------------------------------------    -------------------
    SLICE_X42Y16         FDRE (Prop_fdre_C_Q)         0.164    -0.342 r  vga_to_hdmi/inst/encb/vdin_q_reg[5]/Q
                         net (fo=5, routed)           0.084    -0.257    vga_to_hdmi/inst/encb/p_0_in1_in
    SLICE_X43Y16         LUT5 (Prop_lut5_I4_O)        0.045    -0.212 r  vga_to_hdmi/inst/encb/q_m_reg[5]_i_1/O
                         net (fo=1, routed)           0.000    -0.212    vga_to_hdmi/inst/encb/q_m_reg[5]_i_1_n_0
    SLICE_X43Y16         FDRE                                         r  vga_to_hdmi/inst/encb/q_m_reg_reg[5]/D
  -------------------------------------------------------------------    -------------------

                         (clock clk_out1_clk_wiz_0 rise edge)
                                                      0.000     0.000 r  
    H16                                               0.000     0.000 r  clk (IN)
                         net (fo=0)                   0.000     0.000    clk_wiz/inst/clk_in1
    H16                  IBUF (Prop_ibuf_I_O)         0.413     0.413 r  clk_wiz/inst/clkin1_ibufg/O
                         net (fo=1, routed)           0.480     0.893    clk_wiz/inst/clk_in1_clk_wiz_0
    MMCME2_ADV_X0Y1      MMCME2_ADV (Prop_mmcme2_adv_CLKIN1_CLKOUT0)
                                                     -3.047    -2.154 r  clk_wiz/inst/mmcm_adv_inst/CLKOUT0
                         net (fo=1, routed)           0.528    -1.626    clk_wiz/inst/clk_out1_clk_wiz_0
    BUFGCTRL_X0Y16       BUFG (Prop_bufg_I_O)         0.029    -1.597 r  clk_wiz/inst/clkout1_buf/O
                         net (fo=196, routed)         0.856    -0.741    vga_to_hdmi/inst/encb/pix_clk
    SLICE_X43Y16         FDRE                                         r  vga_to_hdmi/inst/encb/q_m_reg_reg[5]/C
                         clock pessimism              0.248    -0.493    
    SLICE_X43Y16         FDRE (Hold_fdre_C_D)         0.092    -0.401    vga_to_hdmi/inst/encb/q_m_reg_reg[5]
  -------------------------------------------------------------------
                         required time                          0.401    
                         arrival time                          -0.212    
  -------------------------------------------------------------------
                         slack                                  0.188    

Slack (MET) :             0.190ns  (arrival time - required time)
  Source:                 vga_to_hdmi/inst/encb/vdin_q_reg[5]/C
                            (rising edge-triggered cell FDRE clocked by clk_out1_clk_wiz_0  {rise@0.000ns fall@20.000ns period=40.000ns})
  Destination:            vga_to_hdmi/inst/encb/q_m_reg_reg[6]/D
                            (rising edge-triggered cell FDRE clocked by clk_out1_clk_wiz_0  {rise@0.000ns fall@20.000ns period=40.000ns})
  Path Group:             clk_out1_clk_wiz_0
  Path Type:              Hold (Min at Fast Process Corner)
  Requirement:            0.000ns  (clk_out1_clk_wiz_0 rise@0.000ns - clk_out1_clk_wiz_0 rise@0.000ns)
  Data Path Delay:        0.294ns  (logic 0.209ns (70.981%)  route 0.085ns (29.019%))
  Logic Levels:           1  (LUT5=1)
  Clock Path Skew:        0.013ns (DCD - SCD - CPR)
    Destination Clock Delay (DCD):    -0.741ns
    Source Clock Delay      (SCD):    -0.506ns
    Clock Pessimism Removal (CPR):    -0.248ns

    Location             Delay type                Incr(ns)  Path(ns)    Netlist Resource(s)
  -------------------------------------------------------------------    -------------------
                         (clock clk_out1_clk_wiz_0 rise edge)
                                                      0.000     0.000 r  
    H16                                               0.000     0.000 r  clk (IN)
                         net (fo=0)                   0.000     0.000    clk_wiz/inst/clk_in1
    H16                  IBUF (Prop_ibuf_I_O)         0.225     0.225 r  clk_wiz/inst/clkin1_ibufg/O
                         net (fo=1, routed)           0.440     0.665    clk_wiz/inst/clk_in1_clk_wiz_0
    MMCME2_ADV_X0Y1      MMCME2_ADV (Prop_mmcme2_adv_CLKIN1_CLKOUT0)
                                                     -2.268    -1.602 r  clk_wiz/inst/mmcm_adv_inst/CLKOUT0
                         net (fo=1, routed)           0.482    -1.120    clk_wiz/inst/clk_out1_clk_wiz_0
    BUFGCTRL_X0Y16       BUFG (Prop_bufg_I_O)         0.026    -1.094 r  clk_wiz/inst/clkout1_buf/O
                         net (fo=196, routed)         0.589    -0.506    vga_to_hdmi/inst/encb/pix_clk
    SLICE_X42Y16         FDRE                                         r  vga_to_hdmi/inst/encb/vdin_q_reg[5]/C
  -------------------------------------------------------------------    -------------------
    SLICE_X42Y16         FDRE (Prop_fdre_C_Q)         0.164    -0.342 r  vga_to_hdmi/inst/encb/vdin_q_reg[5]/Q
                         net (fo=5, routed)           0.085    -0.256    vga_to_hdmi/inst/encb/p_0_in1_in
    SLICE_X43Y16         LUT5 (Prop_lut5_I0_O)        0.045    -0.211 r  vga_to_hdmi/inst/encb/q_m_reg[6]_i_1/O
                         net (fo=1, routed)           0.000    -0.211    vga_to_hdmi/inst/encb/q_m_6
    SLICE_X43Y16         FDRE                                         r  vga_to_hdmi/inst/encb/q_m_reg_reg[6]/D
  -------------------------------------------------------------------    -------------------

                         (clock clk_out1_clk_wiz_0 rise edge)
                                                      0.000     0.000 r  
    H16                                               0.000     0.000 r  clk (IN)
                         net (fo=0)                   0.000     0.000    clk_wiz/inst/clk_in1
    H16                  IBUF (Prop_ibuf_I_O)         0.413     0.413 r  clk_wiz/inst/clkin1_ibufg/O
                         net (fo=1, routed)           0.480     0.893    clk_wiz/inst/clk_in1_clk_wiz_0
    MMCME2_ADV_X0Y1      MMCME2_ADV (Prop_mmcme2_adv_CLKIN1_CLKOUT0)
                                                     -3.047    -2.154 r  clk_wiz/inst/mmcm_adv_inst/CLKOUT0
                         net (fo=1, routed)           0.528    -1.626    clk_wiz/inst/clk_out1_clk_wiz_0
    BUFGCTRL_X0Y16       BUFG (Prop_bufg_I_O)         0.029    -1.597 r  clk_wiz/inst/clkout1_buf/O
                         net (fo=196, routed)         0.856    -0.741    vga_to_hdmi/inst/encb/pix_clk
    SLICE_X43Y16         FDRE                                         r  vga_to_hdmi/inst/encb/q_m_reg_reg[6]/C
                         clock pessimism              0.248    -0.493    
    SLICE_X43Y16         FDRE (Hold_fdre_C_D)         0.091    -0.402    vga_to_hdmi/inst/encb/q_m_reg_reg[6]
  -------------------------------------------------------------------
                         required time                          0.402    
                         arrival time                          -0.211    
  -------------------------------------------------------------------
                         slack                                  0.190    

Slack (MET) :             0.192ns  (arrival time - required time)
  Source:                 counter_reg[0]/C
                            (rising edge-triggered cell FDRE clocked by clk_out1_clk_wiz_0  {rise@0.000ns fall@20.000ns period=40.000ns})
  Destination:            counter_reg[5]/D
                            (rising edge-triggered cell FDRE clocked by clk_out1_clk_wiz_0  {rise@0.000ns fall@20.000ns period=40.000ns})
  Path Group:             clk_out1_clk_wiz_0
  Path Type:              Hold (Min at Fast Process Corner)
  Requirement:            0.000ns  (clk_out1_clk_wiz_0 rise@0.000ns - clk_out1_clk_wiz_0 rise@0.000ns)
  Data Path Delay:        0.297ns  (logic 0.186ns (62.610%)  route 0.111ns (37.390%))
  Logic Levels:           1  (LUT6=1)
  Clock Path Skew:        0.013ns (DCD - SCD - CPR)
    Destination Clock Delay (DCD):    -0.741ns
    Source Clock Delay      (SCD):    -0.507ns
    Clock Pessimism Removal (CPR):    -0.247ns

    Location             Delay type                Incr(ns)  Path(ns)    Netlist Resource(s)
  -------------------------------------------------------------------    -------------------
                         (clock clk_out1_clk_wiz_0 rise edge)
                                                      0.000     0.000 r  
    H16                                               0.000     0.000 r  clk (IN)
                         net (fo=0)                   0.000     0.000    clk_wiz/inst/clk_in1
    H16                  IBUF (Prop_ibuf_I_O)         0.225     0.225 r  clk_wiz/inst/clkin1_ibufg/O
                         net (fo=1, routed)           0.440     0.665    clk_wiz/inst/clk_in1_clk_wiz_0
    MMCME2_ADV_X0Y1      MMCME2_ADV (Prop_mmcme2_adv_CLKIN1_CLKOUT0)
                                                     -2.268    -1.602 r  clk_wiz/inst/mmcm_adv_inst/CLKOUT0
                         net (fo=1, routed)           0.482    -1.120    clk_wiz/inst/clk_out1_clk_wiz_0
    BUFGCTRL_X0Y16       BUFG (Prop_bufg_I_O)         0.026    -1.094 r  clk_wiz/inst/clkout1_buf/O
                         net (fo=196, routed)         0.588    -0.507    clk_25MHz
    SLICE_X36Y13         FDRE                                         r  counter_reg[0]/C
  -------------------------------------------------------------------    -------------------
    SLICE_X36Y13         FDRE (Prop_fdre_C_Q)         0.141    -0.366 r  counter_reg[0]/Q
                         net (fo=12, routed)          0.111    -0.255    counter_reg[0]
    SLICE_X37Y13         LUT6 (Prop_lut6_I4_O)        0.045    -0.210 r  counter[5]_i_1/O
                         net (fo=1, routed)           0.000    -0.210    counter[5]_i_1_n_0
    SLICE_X37Y13         FDRE                                         r  counter_reg[5]/D
  -------------------------------------------------------------------    -------------------

                         (clock clk_out1_clk_wiz_0 rise edge)
                                                      0.000     0.000 r  
    H16                                               0.000     0.000 r  clk (IN)
                         net (fo=0)                   0.000     0.000    clk_wiz/inst/clk_in1
    H16                  IBUF (Prop_ibuf_I_O)         0.413     0.413 r  clk_wiz/inst/clkin1_ibufg/O
                         net (fo=1, routed)           0.480     0.893    clk_wiz/inst/clk_in1_clk_wiz_0
    MMCME2_ADV_X0Y1      MMCME2_ADV (Prop_mmcme2_adv_CLKIN1_CLKOUT0)
                                                     -3.047    -2.154 r  clk_wiz/inst/mmcm_adv_inst/CLKOUT0
                         net (fo=1, routed)           0.528    -1.626    clk_wiz/inst/clk_out1_clk_wiz_0
    BUFGCTRL_X0Y16       BUFG (Prop_bufg_I_O)         0.029    -1.597 r  clk_wiz/inst/clkout1_buf/O
                         net (fo=196, routed)         0.856    -0.741    clk_25MHz
    SLICE_X37Y13         FDRE                                         r  counter_reg[5]/C
                         clock pessimism              0.247    -0.494    
    SLICE_X37Y13         FDRE (Hold_fdre_C_D)         0.092    -0.402    counter_reg[5]
  -------------------------------------------------------------------
                         required time                          0.402    
                         arrival time                          -0.210    
  -------------------------------------------------------------------
                         slack                                  0.192    

Slack (MET) :             0.202ns  (arrival time - required time)
  Source:                 vga/vertical_counter/val_reg[0]/C
                            (rising edge-triggered cell FDRE clocked by clk_out1_clk_wiz_0  {rise@0.000ns fall@20.000ns period=40.000ns})
  Destination:            vga/vertical_counter/val_reg[5]/D
                            (rising edge-triggered cell FDRE clocked by clk_out1_clk_wiz_0  {rise@0.000ns fall@20.000ns period=40.000ns})
  Path Group:             clk_out1_clk_wiz_0
  Path Type:              Hold (Min at Fast Process Corner)
  Requirement:            0.000ns  (clk_out1_clk_wiz_0 rise@0.000ns - clk_out1_clk_wiz_0 rise@0.000ns)
  Data Path Delay:        0.307ns  (logic 0.186ns (60.594%)  route 0.121ns (39.406%))
  Logic Levels:           1  (LUT6=1)
  Clock Path Skew:        0.013ns (DCD - SCD - CPR)
    Destination Clock Delay (DCD):    -0.741ns
    Source Clock Delay      (SCD):    -0.507ns
    Clock Pessimism Removal (CPR):    -0.247ns

    Location             Delay type                Incr(ns)  Path(ns)    Netlist Resource(s)
  -------------------------------------------------------------------    -------------------
                         (clock clk_out1_clk_wiz_0 rise edge)
                                                      0.000     0.000 r  
    H16                                               0.000     0.000 r  clk (IN)
                         net (fo=0)                   0.000     0.000    clk_wiz/inst/clk_in1
    H16                  IBUF (Prop_ibuf_I_O)         0.225     0.225 r  clk_wiz/inst/clkin1_ibufg/O
                         net (fo=1, routed)           0.440     0.665    clk_wiz/inst/clk_in1_clk_wiz_0
    MMCME2_ADV_X0Y1      MMCME2_ADV (Prop_mmcme2_adv_CLKIN1_CLKOUT0)
                                                     -2.268    -1.602 r  clk_wiz/inst/mmcm_adv_inst/CLKOUT0
                         net (fo=1, routed)           0.482    -1.120    clk_wiz/inst/clk_out1_clk_wiz_0
    BUFGCTRL_X0Y16       BUFG (Prop_bufg_I_O)         0.026    -1.094 r  clk_wiz/inst/clkout1_buf/O
                         net (fo=196, routed)         0.588    -0.507    vga/vertical_counter/CLK
    SLICE_X37Y14         FDRE                                         r  vga/vertical_counter/val_reg[0]/C
  -------------------------------------------------------------------    -------------------
    SLICE_X37Y14         FDRE (Prop_fdre_C_Q)         0.141    -0.366 r  vga/vertical_counter/val_reg[0]/Q
                         net (fo=10, routed)          0.121    -0.245    vga/vertical_counter/y_pix[0]
    SLICE_X36Y14         LUT6 (Prop_lut6_I3_O)        0.045    -0.200 r  vga/vertical_counter/val[5]_i_1__0/O
                         net (fo=1, routed)           0.000    -0.200    vga/vertical_counter/val[5]
    SLICE_X36Y14         FDRE                                         r  vga/vertical_counter/val_reg[5]/D
  -------------------------------------------------------------------    -------------------

                         (clock clk_out1_clk_wiz_0 rise edge)
                                                      0.000     0.000 r  
    H16                                               0.000     0.000 r  clk (IN)
                         net (fo=0)                   0.000     0.000    clk_wiz/inst/clk_in1
    H16                  IBUF (Prop_ibuf_I_O)         0.413     0.413 r  clk_wiz/inst/clkin1_ibufg/O
                         net (fo=1, routed)           0.480     0.893    clk_wiz/inst/clk_in1_clk_wiz_0
    MMCME2_ADV_X0Y1      MMCME2_ADV (Prop_mmcme2_adv_CLKIN1_CLKOUT0)
                                                     -3.047    -2.154 r  clk_wiz/inst/mmcm_adv_inst/CLKOUT0
                         net (fo=1, routed)           0.528    -1.626    clk_wiz/inst/clk_out1_clk_wiz_0
    BUFGCTRL_X0Y16       BUFG (Prop_bufg_I_O)         0.029    -1.597 r  clk_wiz/inst/clkout1_buf/O
                         net (fo=196, routed)         0.856    -0.741    vga/vertical_counter/CLK
    SLICE_X36Y14         FDRE                                         r  vga/vertical_counter/val_reg[5]/C
                         clock pessimism              0.247    -0.494    
    SLICE_X36Y14         FDRE (Hold_fdre_C_D)         0.092    -0.402    vga/vertical_counter/val_reg[5]
  -------------------------------------------------------------------
                         required time                          0.402    
                         arrival time                          -0.200    
  -------------------------------------------------------------------
                         slack                                  0.202    

Slack (MET) :             0.204ns  (arrival time - required time)
  Source:                 vga_to_hdmi/inst/encg/vdin_q_reg[5]/C
                            (rising edge-triggered cell FDRE clocked by clk_out1_clk_wiz_0  {rise@0.000ns fall@20.000ns period=40.000ns})
  Destination:            vga_to_hdmi/inst/encg/q_m_reg_reg[6]/D
                            (rising edge-triggered cell FDRE clocked by clk_out1_clk_wiz_0  {rise@0.000ns fall@20.000ns period=40.000ns})
  Path Group:             clk_out1_clk_wiz_0
  Path Type:              Hold (Min at Fast Process Corner)
  Requirement:            0.000ns  (clk_out1_clk_wiz_0 rise@0.000ns - clk_out1_clk_wiz_0 rise@0.000ns)
  Data Path Delay:        0.296ns  (logic 0.227ns (76.628%)  route 0.069ns (23.372%))
  Logic Levels:           1  (LUT5=1)
  Clock Path Skew:        0.000ns (DCD - SCD - CPR)
    Destination Clock Delay (DCD):    -0.736ns
    Source Clock Delay      (SCD):    -0.503ns
    Clock Pessimism Removal (CPR):    -0.233ns

    Location             Delay type                Incr(ns)  Path(ns)    Netlist Resource(s)
  -------------------------------------------------------------------    -------------------
                         (clock clk_out1_clk_wiz_0 rise edge)
                                                      0.000     0.000 r  
    H16                                               0.000     0.000 r  clk (IN)
                         net (fo=0)                   0.000     0.000    clk_wiz/inst/clk_in1
    H16                  IBUF (Prop_ibuf_I_O)         0.225     0.225 r  clk_wiz/inst/clkin1_ibufg/O
                         net (fo=1, routed)           0.440     0.665    clk_wiz/inst/clk_in1_clk_wiz_0
    MMCME2_ADV_X0Y1      MMCME2_ADV (Prop_mmcme2_adv_CLKIN1_CLKOUT0)
                                                     -2.268    -1.602 r  clk_wiz/inst/mmcm_adv_inst/CLKOUT0
                         net (fo=1, routed)           0.482    -1.120    clk_wiz/inst/clk_out1_clk_wiz_0
    BUFGCTRL_X0Y16       BUFG (Prop_bufg_I_O)         0.026    -1.094 r  clk_wiz/inst/clkout1_buf/O
                         net (fo=196, routed)         0.592    -0.503    vga_to_hdmi/inst/encg/pix_clk
    SLICE_X39Y5          FDRE                                         r  vga_to_hdmi/inst/encg/vdin_q_reg[5]/C
  -------------------------------------------------------------------    -------------------
    SLICE_X39Y5          FDRE (Prop_fdre_C_Q)         0.128    -0.375 r  vga_to_hdmi/inst/encg/vdin_q_reg[5]/Q
                         net (fo=5, routed)           0.069    -0.305    vga_to_hdmi/inst/encg/p_0_in1_in
    SLICE_X39Y5          LUT5 (Prop_lut5_I0_O)        0.099    -0.206 r  vga_to_hdmi/inst/encg/q_m_reg[6]_i_1__0/O
                         net (fo=1, routed)           0.000    -0.206    vga_to_hdmi/inst/encg/q_m_6
    SLICE_X39Y5          FDRE                                         r  vga_to_hdmi/inst/encg/q_m_reg_reg[6]/D
  -------------------------------------------------------------------    -------------------

                         (clock clk_out1_clk_wiz_0 rise edge)
                                                      0.000     0.000 r  
    H16                                               0.000     0.000 r  clk (IN)
                         net (fo=0)                   0.000     0.000    clk_wiz/inst/clk_in1
    H16                  IBUF (Prop_ibuf_I_O)         0.413     0.413 r  clk_wiz/inst/clkin1_ibufg/O
                         net (fo=1, routed)           0.480     0.893    clk_wiz/inst/clk_in1_clk_wiz_0
    MMCME2_ADV_X0Y1      MMCME2_ADV (Prop_mmcme2_adv_CLKIN1_CLKOUT0)
                                                     -3.047    -2.154 r  clk_wiz/inst/mmcm_adv_inst/CLKOUT0
                         net (fo=1, routed)           0.528    -1.626    clk_wiz/inst/clk_out1_clk_wiz_0
    BUFGCTRL_X0Y16       BUFG (Prop_bufg_I_O)         0.029    -1.597 r  clk_wiz/inst/clkout1_buf/O
                         net (fo=196, routed)         0.861    -0.736    vga_to_hdmi/inst/encg/pix_clk
    SLICE_X39Y5          FDRE                                         r  vga_to_hdmi/inst/encg/q_m_reg_reg[6]/C
                         clock pessimism              0.233    -0.503    
    SLICE_X39Y5          FDRE (Hold_fdre_C_D)         0.092    -0.411    vga_to_hdmi/inst/encg/q_m_reg_reg[6]
  -------------------------------------------------------------------
                         required time                          0.411    
                         arrival time                          -0.206    
  -------------------------------------------------------------------
                         slack                                  0.204    

Slack (MET) :             0.204ns  (arrival time - required time)
  Source:                 vga_to_hdmi/inst/encb/q_m_reg_reg[3]/C
                            (rising edge-triggered cell FDRE clocked by clk_out1_clk_wiz_0  {rise@0.000ns fall@20.000ns period=40.000ns})
  Destination:            vga_to_hdmi/inst/encb/dout_reg[3]/D
                            (rising edge-triggered cell FDCE clocked by clk_out1_clk_wiz_0  {rise@0.000ns fall@20.000ns period=40.000ns})
  Path Group:             clk_out1_clk_wiz_0
  Path Type:              Hold (Min at Fast Process Corner)
  Requirement:            0.000ns  (clk_out1_clk_wiz_0 rise@0.000ns - clk_out1_clk_wiz_0 rise@0.000ns)
  Data Path Delay:        0.312ns  (logic 0.186ns (59.536%)  route 0.126ns (40.464%))
  Logic Levels:           1  (LUT6=1)
  Clock Path Skew:        0.016ns (DCD - SCD - CPR)
    Destination Clock Delay (DCD):    -0.735ns
    Source Clock Delay      (SCD):    -0.502ns
    Clock Pessimism Removal (CPR):    -0.249ns

    Location             Delay type                Incr(ns)  Path(ns)    Netlist Resource(s)
  -------------------------------------------------------------------    -------------------
                         (clock clk_out1_clk_wiz_0 rise edge)
                                                      0.000     0.000 r  
    H16                                               0.000     0.000 r  clk (IN)
                         net (fo=0)                   0.000     0.000    clk_wiz/inst/clk_in1
    H16                  IBUF (Prop_ibuf_I_O)         0.225     0.225 r  clk_wiz/inst/clkin1_ibufg/O
                         net (fo=1, routed)           0.440     0.665    clk_wiz/inst/clk_in1_clk_wiz_0
    MMCME2_ADV_X0Y1      MMCME2_ADV (Prop_mmcme2_adv_CLKIN1_CLKOUT0)
                                                     -2.268    -1.602 r  clk_wiz/inst/mmcm_adv_inst/CLKOUT0
                         net (fo=1, routed)           0.482    -1.120    clk_wiz/inst/clk_out1_clk_wiz_0
    BUFGCTRL_X0Y16       BUFG (Prop_bufg_I_O)         0.026    -1.094 r  clk_wiz/inst/clkout1_buf/O
                         net (fo=196, routed)         0.593    -0.502    vga_to_hdmi/inst/encb/pix_clk
    SLICE_X41Y9          FDRE                                         r  vga_to_hdmi/inst/encb/q_m_reg_reg[3]/C
  -------------------------------------------------------------------    -------------------
    SLICE_X41Y9          FDRE (Prop_fdre_C_Q)         0.141    -0.361 r  vga_to_hdmi/inst/encb/q_m_reg_reg[3]/Q
                         net (fo=1, routed)           0.126    -0.234    vga_to_hdmi/inst/encb/q_m_reg_reg_n_0_[3]
    SLICE_X43Y8          LUT6 (Prop_lut6_I1_O)        0.045    -0.189 r  vga_to_hdmi/inst/encb/dout[3]_i_1/O
                         net (fo=1, routed)           0.000    -0.189    vga_to_hdmi/inst/encb/dout[3]_i_1_n_0
    SLICE_X43Y8          FDCE                                         r  vga_to_hdmi/inst/encb/dout_reg[3]/D
  -------------------------------------------------------------------    -------------------

                         (clock clk_out1_clk_wiz_0 rise edge)
                                                      0.000     0.000 r  
    H16                                               0.000     0.000 r  clk (IN)
                         net (fo=0)                   0.000     0.000    clk_wiz/inst/clk_in1
    H16                  IBUF (Prop_ibuf_I_O)         0.413     0.413 r  clk_wiz/inst/clkin1_ibufg/O
                         net (fo=1, routed)           0.480     0.893    clk_wiz/inst/clk_in1_clk_wiz_0
    MMCME2_ADV_X0Y1      MMCME2_ADV (Prop_mmcme2_adv_CLKIN1_CLKOUT0)
                                                     -3.047    -2.154 r  clk_wiz/inst/mmcm_adv_inst/CLKOUT0
                         net (fo=1, routed)           0.528    -1.626    clk_wiz/inst/clk_out1_clk_wiz_0
    BUFGCTRL_X0Y16       BUFG (Prop_bufg_I_O)         0.029    -1.597 r  clk_wiz/inst/clkout1_buf/O
                         net (fo=196, routed)         0.862    -0.735    vga_to_hdmi/inst/encb/pix_clk
    SLICE_X43Y8          FDCE                                         r  vga_to_hdmi/inst/encb/dout_reg[3]/C
                         clock pessimism              0.249    -0.486    
    SLICE_X43Y8          FDCE (Hold_fdce_C_D)         0.092    -0.394    vga_to_hdmi/inst/encb/dout_reg[3]
  -------------------------------------------------------------------
                         required time                          0.394    
                         arrival time                          -0.189    
  -------------------------------------------------------------------
                         slack                                  0.204    

Slack (MET) :             0.211ns  (arrival time - required time)
  Source:                 vga_to_hdmi/inst/encg/q_m_reg_reg[6]/C
                            (rising edge-triggered cell FDRE clocked by clk_out1_clk_wiz_0  {rise@0.000ns fall@20.000ns period=40.000ns})
  Destination:            vga_to_hdmi/inst/encg/dout_reg[6]/D
                            (rising edge-triggered cell FDCE clocked by clk_out1_clk_wiz_0  {rise@0.000ns fall@20.000ns period=40.000ns})
  Path Group:             clk_out1_clk_wiz_0
  Path Type:              Hold (Min at Fast Process Corner)
  Requirement:            0.000ns  (clk_out1_clk_wiz_0 rise@0.000ns - clk_out1_clk_wiz_0 rise@0.000ns)
  Data Path Delay:        0.340ns  (logic 0.186ns (54.731%)  route 0.154ns (45.269%))
  Logic Levels:           1  (LUT6=1)
  Clock Path Skew:        0.038ns (DCD - SCD - CPR)
    Destination Clock Delay (DCD):    -0.734ns
    Source Clock Delay      (SCD):    -0.503ns
    Clock Pessimism Removal (CPR):    -0.269ns

    Location             Delay type                Incr(ns)  Path(ns)    Netlist Resource(s)
  -------------------------------------------------------------------    -------------------
                         (clock clk_out1_clk_wiz_0 rise edge)
                                                      0.000     0.000 r  
    H16                                               0.000     0.000 r  clk (IN)
                         net (fo=0)                   0.000     0.000    clk_wiz/inst/clk_in1
    H16                  IBUF (Prop_ibuf_I_O)         0.225     0.225 r  clk_wiz/inst/clkin1_ibufg/O
                         net (fo=1, routed)           0.440     0.665    clk_wiz/inst/clk_in1_clk_wiz_0
    MMCME2_ADV_X0Y1      MMCME2_ADV (Prop_mmcme2_adv_CLKIN1_CLKOUT0)
                                                     -2.268    -1.602 r  clk_wiz/inst/mmcm_adv_inst/CLKOUT0
                         net (fo=1, routed)           0.482    -1.120    clk_wiz/inst/clk_out1_clk_wiz_0
    BUFGCTRL_X0Y16       BUFG (Prop_bufg_I_O)         0.026    -1.094 r  clk_wiz/inst/clkout1_buf/O
                         net (fo=196, routed)         0.592    -0.503    vga_to_hdmi/inst/encg/pix_clk
    SLICE_X39Y5          FDRE                                         r  vga_to_hdmi/inst/encg/q_m_reg_reg[6]/C
  -------------------------------------------------------------------    -------------------
    SLICE_X39Y5          FDRE (Prop_fdre_C_Q)         0.141    -0.362 r  vga_to_hdmi/inst/encg/q_m_reg_reg[6]/Q
                         net (fo=1, routed)           0.154    -0.208    vga_to_hdmi/inst/encg/q_m_reg_reg_n_0_[6]
    SLICE_X40Y5          LUT6 (Prop_lut6_I2_O)        0.045    -0.163 r  vga_to_hdmi/inst/encg/dout[6]_i_1__0/O
                         net (fo=1, routed)           0.000    -0.163    vga_to_hdmi/inst/encg/dout[6]_i_1__0_n_0
    SLICE_X40Y5          FDCE                                         r  vga_to_hdmi/inst/encg/dout_reg[6]/D
  -------------------------------------------------------------------    -------------------

                         (clock clk_out1_clk_wiz_0 rise edge)
                                                      0.000     0.000 r  
    H16                                               0.000     0.000 r  clk (IN)
                         net (fo=0)                   0.000     0.000    clk_wiz/inst/clk_in1
    H16                  IBUF (Prop_ibuf_I_O)         0.413     0.413 r  clk_wiz/inst/clkin1_ibufg/O
                         net (fo=1, routed)           0.480     0.893    clk_wiz/inst/clk_in1_clk_wiz_0
    MMCME2_ADV_X0Y1      MMCME2_ADV (Prop_mmcme2_adv_CLKIN1_CLKOUT0)
                                                     -3.047    -2.154 r  clk_wiz/inst/mmcm_adv_inst/CLKOUT0
                         net (fo=1, routed)           0.528    -1.626    clk_wiz/inst/clk_out1_clk_wiz_0
    BUFGCTRL_X0Y16       BUFG (Prop_bufg_I_O)         0.029    -1.597 r  clk_wiz/inst/clkout1_buf/O
                         net (fo=196, routed)         0.863    -0.734    vga_to_hdmi/inst/encg/pix_clk
    SLICE_X40Y5          FDCE                                         r  vga_to_hdmi/inst/encg/dout_reg[6]/C
                         clock pessimism              0.269    -0.465    
    SLICE_X40Y5          FDCE (Hold_fdce_C_D)         0.091    -0.374    vga_to_hdmi/inst/encg/dout_reg[6]
  -------------------------------------------------------------------
                         required time                          0.374    
                         arrival time                          -0.163    
  -------------------------------------------------------------------
                         slack                                  0.211    





Pulse Width Checks
--------------------------------------------------------------------------------------
Clock Name:         clk_out1_clk_wiz_0
Waveform(ns):       { 0.000 20.000 }
Period(ns):         40.000
Sources:            { clk_wiz/inst/mmcm_adv_inst/CLKOUT0 }

Check Type        Corner  Lib Pin             Reference Pin  Required(ns)  Actual(ns)  Slack(ns)  Location         Pin
Min Period        n/a     BUFG/I              n/a            2.155         40.000      37.845     BUFGCTRL_X0Y16   clk_wiz/inst/clkout1_buf/I
Min Period        n/a     OSERDESE2/CLKDIV    n/a            1.667         40.000      38.333     OLOGIC_X0Y8      vga_to_hdmi/inst/serial_b/oserdes_m/CLKDIV
Min Period        n/a     OSERDESE2/CLKDIV    n/a            1.667         40.000      38.333     OLOGIC_X0Y7      vga_to_hdmi/inst/serial_b/oserdes_s/CLKDIV
Min Period        n/a     OSERDESE2/CLKDIV    n/a            1.667         40.000      38.333     OLOGIC_X0Y26     vga_to_hdmi/inst/serial_clk/oserdes_m/CLKDIV
Min Period        n/a     OSERDESE2/CLKDIV    n/a            1.667         40.000      38.333     OLOGIC_X0Y25     vga_to_hdmi/inst/serial_clk/oserdes_s/CLKDIV
Min Period        n/a     OSERDESE2/CLKDIV    n/a            1.667         40.000      38.333     OLOGIC_X0Y4      vga_to_hdmi/inst/serial_g/oserdes_m/CLKDIV
Min Period        n/a     OSERDESE2/CLKDIV    n/a            1.667         40.000      38.333     OLOGIC_X0Y3      vga_to_hdmi/inst/serial_g/oserdes_s/CLKDIV
Min Period        n/a     OSERDESE2/CLKDIV    n/a            1.667         40.000      38.333     OLOGIC_X0Y24     vga_to_hdmi/inst/serial_r/oserdes_m/CLKDIV
Min Period        n/a     OSERDESE2/CLKDIV    n/a            1.667         40.000      38.333     OLOGIC_X0Y23     vga_to_hdmi/inst/serial_r/oserdes_s/CLKDIV
Min Period        n/a     MMCME2_ADV/CLKOUT0  n/a            1.249         40.000      38.751     MMCME2_ADV_X0Y1  clk_wiz/inst/mmcm_adv_inst/CLKOUT0
Max Period        n/a     MMCME2_ADV/CLKOUT0  n/a            213.360       40.000      173.360    MMCME2_ADV_X0Y1  clk_wiz/inst/mmcm_adv_inst/CLKOUT0
Low Pulse Width   Slow    SRL16E/CLK          n/a            0.980         20.000      19.020     SLICE_X42Y9      vga_to_hdmi/inst/encg/c0_q_reg_srl2/CLK
Low Pulse Width   Fast    SRL16E/CLK          n/a            0.980         20.000      19.020     SLICE_X42Y9      vga_to_hdmi/inst/encg/c0_q_reg_srl2/CLK
Low Pulse Width   Slow    SRL16E/CLK          n/a            0.980         20.000      19.020     SLICE_X38Y25     vga_to_hdmi/inst/srldly_0/srl[16].srl16_i/CLK
Low Pulse Width   Fast    SRL16E/CLK          n/a            0.980         20.000      19.020     SLICE_X38Y25     vga_to_hdmi/inst/srldly_0/srl[16].srl16_i/CLK
Low Pulse Width   Slow    SRL16E/CLK          n/a            0.980         20.000      19.020     SLICE_X38Y25     vga_to_hdmi/inst/srldly_0/srl[17].srl16_i/CLK
Low Pulse Width   Fast    SRL16E/CLK          n/a            0.980         20.000      19.020     SLICE_X38Y25     vga_to_hdmi/inst/srldly_0/srl[17].srl16_i/CLK
Low Pulse Width   Slow    SRL16E/CLK          n/a            0.980         20.000      19.020     SLICE_X38Y25     vga_to_hdmi/inst/srldly_0/srl[18].srl16_i/CLK
Low Pulse Width   Fast    SRL16E/CLK          n/a            0.980         20.000      19.020     SLICE_X38Y25     vga_to_hdmi/inst/srldly_0/srl[18].srl16_i/CLK
Low Pulse Width   Slow    SRL16E/CLK          n/a            0.980         20.000      19.020     SLICE_X38Y25     vga_to_hdmi/inst/srldly_0/srl[19].srl16_i/CLK
Low Pulse Width   Fast    SRL16E/CLK          n/a            0.980         20.000      19.020     SLICE_X38Y25     vga_to_hdmi/inst/srldly_0/srl[19].srl16_i/CLK
High Pulse Width  Slow    SRL16E/CLK          n/a            0.980         20.000      19.020     SLICE_X42Y9      vga_to_hdmi/inst/encg/c0_q_reg_srl2/CLK
High Pulse Width  Fast    SRL16E/CLK          n/a            0.980         20.000      19.020     SLICE_X42Y9      vga_to_hdmi/inst/encg/c0_q_reg_srl2/CLK
High Pulse Width  Slow    SRL16E/CLK          n/a            0.980         20.000      19.020     SLICE_X38Y25     vga_to_hdmi/inst/srldly_0/srl[16].srl16_i/CLK
High Pulse Width  Fast    SRL16E/CLK          n/a            0.980         20.000      19.020     SLICE_X38Y25     vga_to_hdmi/inst/srldly_0/srl[16].srl16_i/CLK
High Pulse Width  Slow    SRL16E/CLK          n/a            0.980         20.000      19.020     SLICE_X38Y25     vga_to_hdmi/inst/srldly_0/srl[17].srl16_i/CLK
High Pulse Width  Fast    SRL16E/CLK          n/a            0.980         20.000      19.020     SLICE_X38Y25     vga_to_hdmi/inst/srldly_0/srl[17].srl16_i/CLK
High Pulse Width  Slow    SRL16E/CLK          n/a            0.980         20.000      19.020     SLICE_X38Y25     vga_to_hdmi/inst/srldly_0/srl[18].srl16_i/CLK
High Pulse Width  Fast    SRL16E/CLK          n/a            0.980         20.000      19.020     SLICE_X38Y25     vga_to_hdmi/inst/srldly_0/srl[18].srl16_i/CLK
High Pulse Width  Slow    SRL16E/CLK          n/a            0.980         20.000      19.020     SLICE_X38Y25     vga_to_hdmi/inst/srldly_0/srl[19].srl16_i/CLK
High Pulse Width  Fast    SRL16E/CLK          n/a            0.980         20.000      19.020     SLICE_X38Y25     vga_to_hdmi/inst/srldly_0/srl[19].srl16_i/CLK



---------------------------------------------------------------------------------------------------
From Clock:  clk_out2_clk_wiz_0
  To Clock:  clk_out2_clk_wiz_0

Setup :           NA  Failing Endpoints,  Worst Slack           NA  ,  Total Violation           NA
Hold  :           NA  Failing Endpoints,  Worst Slack           NA  ,  Total Violation           NA
PW    :            0  Failing Endpoints,  Worst Slack        5.845ns,  Total Violation        0.000ns
---------------------------------------------------------------------------------------------------


Pulse Width Checks
--------------------------------------------------------------------------------------
Clock Name:         clk_out2_clk_wiz_0
Waveform(ns):       { 0.000 4.000 }
Period(ns):         8.000
Sources:            { clk_wiz/inst/mmcm_adv_inst/CLKOUT1 }

Check Type  Corner  Lib Pin             Reference Pin  Required(ns)  Actual(ns)  Slack(ns)  Location         Pin
Min Period  n/a     BUFG/I              n/a            2.155         8.000       5.845      BUFGCTRL_X0Y17   clk_wiz/inst/clkout2_buf/I
Min Period  n/a     OSERDESE2/CLK       n/a            1.667         8.000       6.333      OLOGIC_X0Y8      vga_to_hdmi/inst/serial_b/oserdes_m/CLK
Min Period  n/a     OSERDESE2/CLK       n/a            1.667         8.000       6.333      OLOGIC_X0Y7      vga_to_hdmi/inst/serial_b/oserdes_s/CLK
Min Period  n/a     OSERDESE2/CLK       n/a            1.667         8.000       6.333      OLOGIC_X0Y26     vga_to_hdmi/inst/serial_clk/oserdes_m/CLK
Min Period  n/a     OSERDESE2/CLK       n/a            1.667         8.000       6.333      OLOGIC_X0Y25     vga_to_hdmi/inst/serial_clk/oserdes_s/CLK
Min Period  n/a     OSERDESE2/CLK       n/a            1.667         8.000       6.333      OLOGIC_X0Y4      vga_to_hdmi/inst/serial_g/oserdes_m/CLK
Min Period  n/a     OSERDESE2/CLK       n/a            1.667         8.000       6.333      OLOGIC_X0Y3      vga_to_hdmi/inst/serial_g/oserdes_s/CLK
Min Period  n/a     OSERDESE2/CLK       n/a            1.667         8.000       6.333      OLOGIC_X0Y24     vga_to_hdmi/inst/serial_r/oserdes_m/CLK
Min Period  n/a     OSERDESE2/CLK       n/a            1.667         8.000       6.333      OLOGIC_X0Y23     vga_to_hdmi/inst/serial_r/oserdes_s/CLK
Min Period  n/a     MMCME2_ADV/CLKOUT1  n/a            1.249         8.000       6.751      MMCME2_ADV_X0Y1  clk_wiz/inst/mmcm_adv_inst/CLKOUT1
Max Period  n/a     MMCME2_ADV/CLKOUT1  n/a            213.360       8.000       205.360    MMCME2_ADV_X0Y1  clk_wiz/inst/mmcm_adv_inst/CLKOUT1



---------------------------------------------------------------------------------------------------
From Clock:  clkfbout_clk_wiz_0
  To Clock:  clkfbout_clk_wiz_0

Setup :           NA  Failing Endpoints,  Worst Slack           NA  ,  Total Violation           NA
Hold  :           NA  Failing Endpoints,  Worst Slack           NA  ,  Total Violation           NA
PW    :            0  Failing Endpoints,  Worst Slack        7.845ns,  Total Violation        0.000ns
---------------------------------------------------------------------------------------------------


Pulse Width Checks
--------------------------------------------------------------------------------------
Clock Name:         clkfbout_clk_wiz_0
Waveform(ns):       { 0.000 5.000 }
Period(ns):         10.000
Sources:            { clk_wiz/inst/mmcm_adv_inst/CLKFBOUT }

Check Type  Corner  Lib Pin              Reference Pin  Required(ns)  Actual(ns)  Slack(ns)  Location         Pin
Min Period  n/a     BUFG/I               n/a            2.155         10.000      7.845      BUFGCTRL_X0Y18   clk_wiz/inst/clkf_buf/I
Min Period  n/a     MMCME2_ADV/CLKFBOUT  n/a            1.249         10.000      8.751      MMCME2_ADV_X0Y1  clk_wiz/inst/mmcm_adv_inst/CLKFBOUT
Min Period  n/a     MMCME2_ADV/CLKFBIN   n/a            1.249         10.000      8.751      MMCME2_ADV_X0Y1  clk_wiz/inst/mmcm_adv_inst/CLKFBIN
Max Period  n/a     MMCME2_ADV/CLKFBIN   n/a            100.000       10.000      90.000     MMCME2_ADV_X0Y1  clk_wiz/inst/mmcm_adv_inst/CLKFBIN
Max Period  n/a     MMCME2_ADV/CLKFBOUT  n/a            213.360       10.000      203.360    MMCME2_ADV_X0Y1  clk_wiz/inst/mmcm_adv_inst/CLKFBOUT



--------------------------------------------------------------------------------------
Path Group:  (none)
From Clock:  clk_out2_clk_wiz_0
  To Clock:  

Max Delay             8 Endpoints
Min Delay             8 Endpoints
--------------------------------------------------------------------------------------


Max Delay Paths
--------------------------------------------------------------------------------------
Slack:                    inf
  Source:                 vga_to_hdmi/inst/serial_clk/oserdes_m/CLK
                            (rising edge-triggered cell OSERDESE2 clocked by clk_out2_clk_wiz_0  {rise@0.000ns fall@4.000ns period=8.000ns})
  Destination:            hdmi_clk_n
                            (output port)
  Path Group:             (none)
  Path Type:              Max at Slow Process Corner
  Data Path Delay:        2.387ns  (logic 2.386ns (99.958%)  route 0.001ns (0.042%))
  Logic Levels:           1  (OBUFDS=1)
  Clock Uncertainty:      0.166ns  ((TSJ^2 + DJ^2)^1/2) / 2 + PE
    Total System Jitter     (TSJ):    0.050ns
    Discrete Jitter          (DJ):    0.125ns
    Phase Error              (PE):    0.099ns

    Location             Delay type                Incr(ns)  Path(ns)    Netlist Resource(s)
  -------------------------------------------------------------------    -------------------
                         (clock clk_out2_clk_wiz_0 rise edge)
                                                      0.000     0.000 r  
    H16                                               0.000     0.000 r  clk (IN)
                         net (fo=0)                   0.000     0.000    clk_wiz/inst/clk_in1
    H16                  IBUF (Prop_ibuf_I_O)         1.457     1.457 r  clk_wiz/inst/clkin1_ibufg/O
                         net (fo=1, routed)           1.285     2.742    clk_wiz/inst/clk_in1_clk_wiz_0
    MMCME2_ADV_X0Y1      MMCME2_ADV (Prop_mmcme2_adv_CLKIN1_CLKOUT1)
                                                     -6.996    -4.254 r  clk_wiz/inst/mmcm_adv_inst/CLKOUT1
                         net (fo=1, routed)           1.760    -2.494    clk_wiz/inst/clk_out2_clk_wiz_0
    BUFGCTRL_X0Y17       BUFG (Prop_bufg_I_O)         0.101    -2.393 r  clk_wiz/inst/clkout2_buf/O
                         net (fo=8, routed)           1.761    -0.631    vga_to_hdmi/inst/serial_clk/pix_clkx5
    OLOGIC_X0Y26         OSERDESE2                                    r  vga_to_hdmi/inst/serial_clk/oserdes_m/CLK
  -------------------------------------------------------------------    -------------------
    OLOGIC_X0Y26         OSERDESE2 (Prop_oserdese2_CLK_OQ)
                                                      0.472    -0.159 r  vga_to_hdmi/inst/serial_clk/oserdes_m/OQ
                         net (fo=1, routed)           0.001    -0.158    vga_to_hdmi/inst/tmdsclk
    U18                  OBUFDS (Prop_obufds_I_OB)    1.914     1.756 r  vga_to_hdmi/inst/OBUFDS_CLK/OB
                         net (fo=0)                   0.000     1.756    hdmi_clk_n
    U19                                                               r  hdmi_clk_n (OUT)
  -------------------------------------------------------------------    -------------------

Slack:                    inf
  Source:                 vga_to_hdmi/inst/serial_clk/oserdes_m/CLK
                            (rising edge-triggered cell OSERDESE2 clocked by clk_out2_clk_wiz_0  {rise@0.000ns fall@4.000ns period=8.000ns})
  Destination:            hdmi_clk_p
                            (output port)
  Path Group:             (none)
  Path Type:              Max at Slow Process Corner
  Data Path Delay:        2.386ns  (logic 2.385ns (99.958%)  route 0.001ns (0.042%))
  Logic Levels:           1  (OBUFDS=1)
  Clock Uncertainty:      0.166ns  ((TSJ^2 + DJ^2)^1/2) / 2 + PE
    Total System Jitter     (TSJ):    0.050ns
    Discrete Jitter          (DJ):    0.125ns
    Phase Error              (PE):    0.099ns

    Location             Delay type                Incr(ns)  Path(ns)    Netlist Resource(s)
  -------------------------------------------------------------------    -------------------
                         (clock clk_out2_clk_wiz_0 rise edge)
                                                      0.000     0.000 r  
    H16                                               0.000     0.000 r  clk (IN)
                         net (fo=0)                   0.000     0.000    clk_wiz/inst/clk_in1
    H16                  IBUF (Prop_ibuf_I_O)         1.457     1.457 r  clk_wiz/inst/clkin1_ibufg/O
                         net (fo=1, routed)           1.285     2.742    clk_wiz/inst/clk_in1_clk_wiz_0
    MMCME2_ADV_X0Y1      MMCME2_ADV (Prop_mmcme2_adv_CLKIN1_CLKOUT1)
                                                     -6.996    -4.254 r  clk_wiz/inst/mmcm_adv_inst/CLKOUT1
                         net (fo=1, routed)           1.760    -2.494    clk_wiz/inst/clk_out2_clk_wiz_0
    BUFGCTRL_X0Y17       BUFG (Prop_bufg_I_O)         0.101    -2.393 r  clk_wiz/inst/clkout2_buf/O
                         net (fo=8, routed)           1.761    -0.631    vga_to_hdmi/inst/serial_clk/pix_clkx5
    OLOGIC_X0Y26         OSERDESE2                                    r  vga_to_hdmi/inst/serial_clk/oserdes_m/CLK
  -------------------------------------------------------------------    -------------------
    OLOGIC_X0Y26         OSERDESE2 (Prop_oserdese2_CLK_OQ)
                                                      0.472    -0.159 r  vga_to_hdmi/inst/serial_clk/oserdes_m/OQ
                         net (fo=1, routed)           0.001    -0.158    vga_to_hdmi/inst/tmdsclk
    U18                  OBUFDS (Prop_obufds_I_O)     1.913     1.755 r  vga_to_hdmi/inst/OBUFDS_CLK/O
                         net (fo=0)                   0.000     1.755    hdmi_clk_p
    U18                                                               r  hdmi_clk_p (OUT)
  -------------------------------------------------------------------    -------------------

Slack:                    inf
  Source:                 vga_to_hdmi/inst/serial_g/oserdes_m/CLK
                            (rising edge-triggered cell OSERDESE2 clocked by clk_out2_clk_wiz_0  {rise@0.000ns fall@4.000ns period=8.000ns})
  Destination:            hdmi_tx_n[1]
                            (output port)
  Path Group:             (none)
  Path Type:              Max at Slow Process Corner
  Data Path Delay:        2.352ns  (logic 2.351ns (99.958%)  route 0.001ns (0.043%))
  Logic Levels:           1  (OBUFDS=1)
  Clock Uncertainty:      0.166ns  ((TSJ^2 + DJ^2)^1/2) / 2 + PE
    Total System Jitter     (TSJ):    0.050ns
    Discrete Jitter          (DJ):    0.125ns
    Phase Error              (PE):    0.099ns

    Location             Delay type                Incr(ns)  Path(ns)    Netlist Resource(s)
  -------------------------------------------------------------------    -------------------
                         (clock clk_out2_clk_wiz_0 rise edge)
                                                      0.000     0.000 r  
    H16                                               0.000     0.000 r  clk (IN)
                         net (fo=0)                   0.000     0.000    clk_wiz/inst/clk_in1
    H16                  IBUF (Prop_ibuf_I_O)         1.457     1.457 r  clk_wiz/inst/clkin1_ibufg/O
                         net (fo=1, routed)           1.285     2.742    clk_wiz/inst/clk_in1_clk_wiz_0
    MMCME2_ADV_X0Y1      MMCME2_ADV (Prop_mmcme2_adv_CLKIN1_CLKOUT1)
                                                     -6.996    -4.254 r  clk_wiz/inst/mmcm_adv_inst/CLKOUT1
                         net (fo=1, routed)           1.760    -2.494    clk_wiz/inst/clk_out2_clk_wiz_0
    BUFGCTRL_X0Y17       BUFG (Prop_bufg_I_O)         0.101    -2.393 r  clk_wiz/inst/clkout2_buf/O
                         net (fo=8, routed)           1.779    -0.613    vga_to_hdmi/inst/serial_g/pix_clkx5
    OLOGIC_X0Y4          OSERDESE2                                    r  vga_to_hdmi/inst/serial_g/oserdes_m/CLK
  -------------------------------------------------------------------    -------------------
    OLOGIC_X0Y4          OSERDESE2 (Prop_oserdese2_CLK_OQ)
                                                      0.472    -0.141 r  vga_to_hdmi/inst/serial_g/oserdes_m/OQ
                         net (fo=1, routed)           0.001    -0.140    vga_to_hdmi/inst/TMDSINT_1
    N17                  OBUFDS (Prop_obufds_I_OB)    1.879     1.739 r  vga_to_hdmi/inst/OBUFDS_G/OB
                         net (fo=0)                   0.000     1.739    hdmi_tx_n[1]
    P18                                                               r  hdmi_tx_n[1] (OUT)
  -------------------------------------------------------------------    -------------------

Slack:                    inf
  Source:                 vga_to_hdmi/inst/serial_g/oserdes_m/CLK
                            (rising edge-triggered cell OSERDESE2 clocked by clk_out2_clk_wiz_0  {rise@0.000ns fall@4.000ns period=8.000ns})
  Destination:            hdmi_tx_p[1]
                            (output port)
  Path Group:             (none)
  Path Type:              Max at Slow Process Corner
  Data Path Delay:        2.351ns  (logic 2.350ns (99.957%)  route 0.001ns (0.043%))
  Logic Levels:           1  (OBUFDS=1)
  Clock Uncertainty:      0.166ns  ((TSJ^2 + DJ^2)^1/2) / 2 + PE
    Total System Jitter     (TSJ):    0.050ns
    Discrete Jitter          (DJ):    0.125ns
    Phase Error              (PE):    0.099ns

    Location             Delay type                Incr(ns)  Path(ns)    Netlist Resource(s)
  -------------------------------------------------------------------    -------------------
                         (clock clk_out2_clk_wiz_0 rise edge)
                                                      0.000     0.000 r  
    H16                                               0.000     0.000 r  clk (IN)
                         net (fo=0)                   0.000     0.000    clk_wiz/inst/clk_in1
    H16                  IBUF (Prop_ibuf_I_O)         1.457     1.457 r  clk_wiz/inst/clkin1_ibufg/O
                         net (fo=1, routed)           1.285     2.742    clk_wiz/inst/clk_in1_clk_wiz_0
    MMCME2_ADV_X0Y1      MMCME2_ADV (Prop_mmcme2_adv_CLKIN1_CLKOUT1)
                                                     -6.996    -4.254 r  clk_wiz/inst/mmcm_adv_inst/CLKOUT1
                         net (fo=1, routed)           1.760    -2.494    clk_wiz/inst/clk_out2_clk_wiz_0
    BUFGCTRL_X0Y17       BUFG (Prop_bufg_I_O)         0.101    -2.393 r  clk_wiz/inst/clkout2_buf/O
                         net (fo=8, routed)           1.779    -0.613    vga_to_hdmi/inst/serial_g/pix_clkx5
    OLOGIC_X0Y4          OSERDESE2                                    r  vga_to_hdmi/inst/serial_g/oserdes_m/CLK
  -------------------------------------------------------------------    -------------------
    OLOGIC_X0Y4          OSERDESE2 (Prop_oserdese2_CLK_OQ)
                                                      0.472    -0.141 r  vga_to_hdmi/inst/serial_g/oserdes_m/OQ
                         net (fo=1, routed)           0.001    -0.140    vga_to_hdmi/inst/TMDSINT_1
    N17                  OBUFDS (Prop_obufds_I_O)     1.878     1.738 r  vga_to_hdmi/inst/OBUFDS_G/O
                         net (fo=0)                   0.000     1.738    hdmi_tx_p[1]
    N17                                                               r  hdmi_tx_p[1] (OUT)
  -------------------------------------------------------------------    -------------------

Slack:                    inf
  Source:                 vga_to_hdmi/inst/serial_r/oserdes_m/CLK
                            (rising edge-triggered cell OSERDESE2 clocked by clk_out2_clk_wiz_0  {rise@0.000ns fall@4.000ns period=8.000ns})
  Destination:            hdmi_tx_n[2]
                            (output port)
  Path Group:             (none)
  Path Type:              Max at Slow Process Corner
  Data Path Delay:        2.349ns  (logic 2.348ns (99.957%)  route 0.001ns (0.043%))
  Logic Levels:           1  (OBUFDS=1)
  Clock Uncertainty:      0.166ns  ((TSJ^2 + DJ^2)^1/2) / 2 + PE
    Total System Jitter     (TSJ):    0.050ns
    Discrete Jitter          (DJ):    0.125ns
    Phase Error              (PE):    0.099ns

    Location             Delay type                Incr(ns)  Path(ns)    Netlist Resource(s)
  -------------------------------------------------------------------    -------------------
                         (clock clk_out2_clk_wiz_0 rise edge)
                                                      0.000     0.000 r  
    H16                                               0.000     0.000 r  clk (IN)
                         net (fo=0)                   0.000     0.000    clk_wiz/inst/clk_in1
    H16                  IBUF (Prop_ibuf_I_O)         1.457     1.457 r  clk_wiz/inst/clkin1_ibufg/O
                         net (fo=1, routed)           1.285     2.742    clk_wiz/inst/clk_in1_clk_wiz_0
    MMCME2_ADV_X0Y1      MMCME2_ADV (Prop_mmcme2_adv_CLKIN1_CLKOUT1)
                                                     -6.996    -4.254 r  clk_wiz/inst/mmcm_adv_inst/CLKOUT1
                         net (fo=1, routed)           1.760    -2.494    clk_wiz/inst/clk_out2_clk_wiz_0
    BUFGCTRL_X0Y17       BUFG (Prop_bufg_I_O)         0.101    -2.393 r  clk_wiz/inst/clkout2_buf/O
                         net (fo=8, routed)           1.761    -0.631    vga_to_hdmi/inst/serial_r/pix_clkx5
    OLOGIC_X0Y24         OSERDESE2                                    r  vga_to_hdmi/inst/serial_r/oserdes_m/CLK
  -------------------------------------------------------------------    -------------------
    OLOGIC_X0Y24         OSERDESE2 (Prop_oserdese2_CLK_OQ)
                                                      0.472    -0.159 r  vga_to_hdmi/inst/serial_r/oserdes_m/OQ
                         net (fo=1, routed)           0.001    -0.158    vga_to_hdmi/inst/TMDSINT_2
    N18                  OBUFDS (Prop_obufds_I_OB)    1.876     1.717 r  vga_to_hdmi/inst/OBUFDS_R/OB
                         net (fo=0)                   0.000     1.717    hdmi_tx_n[2]
    P19                                                               r  hdmi_tx_n[2] (OUT)
  -------------------------------------------------------------------    -------------------

Slack:                    inf
  Source:                 vga_to_hdmi/inst/serial_b/oserdes_m/CLK
                            (rising edge-triggered cell OSERDESE2 clocked by clk_out2_clk_wiz_0  {rise@0.000ns fall@4.000ns period=8.000ns})
  Destination:            hdmi_tx_n[0]
                            (output port)
  Path Group:             (none)
  Path Type:              Max at Slow Process Corner
  Data Path Delay:        2.333ns  (logic 2.332ns (99.957%)  route 0.001ns (0.043%))
  Logic Levels:           1  (OBUFDS=1)
  Clock Uncertainty:      0.166ns  ((TSJ^2 + DJ^2)^1/2) / 2 + PE
    Total System Jitter     (TSJ):    0.050ns
    Discrete Jitter          (DJ):    0.125ns
    Phase Error              (PE):    0.099ns

    Location             Delay type                Incr(ns)  Path(ns)    Netlist Resource(s)
  -------------------------------------------------------------------    -------------------
                         (clock clk_out2_clk_wiz_0 rise edge)
                                                      0.000     0.000 r  
    H16                                               0.000     0.000 r  clk (IN)
                         net (fo=0)                   0.000     0.000    clk_wiz/inst/clk_in1
    H16                  IBUF (Prop_ibuf_I_O)         1.457     1.457 r  clk_wiz/inst/clkin1_ibufg/O
                         net (fo=1, routed)           1.285     2.742    clk_wiz/inst/clk_in1_clk_wiz_0
    MMCME2_ADV_X0Y1      MMCME2_ADV (Prop_mmcme2_adv_CLKIN1_CLKOUT1)
                                                     -6.996    -4.254 r  clk_wiz/inst/mmcm_adv_inst/CLKOUT1
                         net (fo=1, routed)           1.760    -2.494    clk_wiz/inst/clk_out2_clk_wiz_0
    BUFGCTRL_X0Y17       BUFG (Prop_bufg_I_O)         0.101    -2.393 r  clk_wiz/inst/clkout2_buf/O
                         net (fo=8, routed)           1.777    -0.615    vga_to_hdmi/inst/serial_b/pix_clkx5
    OLOGIC_X0Y8          OSERDESE2                                    r  vga_to_hdmi/inst/serial_b/oserdes_m/CLK
  -------------------------------------------------------------------    -------------------
    OLOGIC_X0Y8          OSERDESE2 (Prop_oserdese2_CLK_OQ)
                                                      0.472    -0.143 r  vga_to_hdmi/inst/serial_b/oserdes_m/OQ
                         net (fo=1, routed)           0.001    -0.142    vga_to_hdmi/inst/TMDSINT_0
    V17                  OBUFDS (Prop_obufds_I_OB)    1.860     1.717 r  vga_to_hdmi/inst/OBUFDS_B/OB
                         net (fo=0)                   0.000     1.717    hdmi_tx_n[0]
    V18                                                               r  hdmi_tx_n[0] (OUT)
  -------------------------------------------------------------------    -------------------

Slack:                    inf
  Source:                 vga_to_hdmi/inst/serial_r/oserdes_m/CLK
                            (rising edge-triggered cell OSERDESE2 clocked by clk_out2_clk_wiz_0  {rise@0.000ns fall@4.000ns period=8.000ns})
  Destination:            hdmi_tx_p[2]
                            (output port)
  Path Group:             (none)
  Path Type:              Max at Slow Process Corner
  Data Path Delay:        2.348ns  (logic 2.347ns (99.957%)  route 0.001ns (0.043%))
  Logic Levels:           1  (OBUFDS=1)
  Clock Uncertainty:      0.166ns  ((TSJ^2 + DJ^2)^1/2) / 2 + PE
    Total System Jitter     (TSJ):    0.050ns
    Discrete Jitter          (DJ):    0.125ns
    Phase Error              (PE):    0.099ns

    Location             Delay type                Incr(ns)  Path(ns)    Netlist Resource(s)
  -------------------------------------------------------------------    -------------------
                         (clock clk_out2_clk_wiz_0 rise edge)
                                                      0.000     0.000 r  
    H16                                               0.000     0.000 r  clk (IN)
                         net (fo=0)                   0.000     0.000    clk_wiz/inst/clk_in1
    H16                  IBUF (Prop_ibuf_I_O)         1.457     1.457 r  clk_wiz/inst/clkin1_ibufg/O
                         net (fo=1, routed)           1.285     2.742    clk_wiz/inst/clk_in1_clk_wiz_0
    MMCME2_ADV_X0Y1      MMCME2_ADV (Prop_mmcme2_adv_CLKIN1_CLKOUT1)
                                                     -6.996    -4.254 r  clk_wiz/inst/mmcm_adv_inst/CLKOUT1
                         net (fo=1, routed)           1.760    -2.494    clk_wiz/inst/clk_out2_clk_wiz_0
    BUFGCTRL_X0Y17       BUFG (Prop_bufg_I_O)         0.101    -2.393 r  clk_wiz/inst/clkout2_buf/O
                         net (fo=8, routed)           1.761    -0.631    vga_to_hdmi/inst/serial_r/pix_clkx5
    OLOGIC_X0Y24         OSERDESE2                                    r  vga_to_hdmi/inst/serial_r/oserdes_m/CLK
  -------------------------------------------------------------------    -------------------
    OLOGIC_X0Y24         OSERDESE2 (Prop_oserdese2_CLK_OQ)
                                                      0.472    -0.159 r  vga_to_hdmi/inst/serial_r/oserdes_m/OQ
                         net (fo=1, routed)           0.001    -0.158    vga_to_hdmi/inst/TMDSINT_2
    N18                  OBUFDS (Prop_obufds_I_O)     1.875     1.716 r  vga_to_hdmi/inst/OBUFDS_R/O
                         net (fo=0)                   0.000     1.716    hdmi_tx_p[2]
    N18                                                               r  hdmi_tx_p[2] (OUT)
  -------------------------------------------------------------------    -------------------

Slack:                    inf
  Source:                 vga_to_hdmi/inst/serial_b/oserdes_m/CLK
                            (rising edge-triggered cell OSERDESE2 clocked by clk_out2_clk_wiz_0  {rise@0.000ns fall@4.000ns period=8.000ns})
  Destination:            hdmi_tx_p[0]
                            (output port)
  Path Group:             (none)
  Path Type:              Max at Slow Process Corner
  Data Path Delay:        2.332ns  (logic 2.331ns (99.957%)  route 0.001ns (0.043%))
  Logic Levels:           1  (OBUFDS=1)
  Clock Uncertainty:      0.166ns  ((TSJ^2 + DJ^2)^1/2) / 2 + PE
    Total System Jitter     (TSJ):    0.050ns
    Discrete Jitter          (DJ):    0.125ns
    Phase Error              (PE):    0.099ns

    Location             Delay type                Incr(ns)  Path(ns)    Netlist Resource(s)
  -------------------------------------------------------------------    -------------------
                         (clock clk_out2_clk_wiz_0 rise edge)
                                                      0.000     0.000 r  
    H16                                               0.000     0.000 r  clk (IN)
                         net (fo=0)                   0.000     0.000    clk_wiz/inst/clk_in1
    H16                  IBUF (Prop_ibuf_I_O)         1.457     1.457 r  clk_wiz/inst/clkin1_ibufg/O
                         net (fo=1, routed)           1.285     2.742    clk_wiz/inst/clk_in1_clk_wiz_0
    MMCME2_ADV_X0Y1      MMCME2_ADV (Prop_mmcme2_adv_CLKIN1_CLKOUT1)
                                                     -6.996    -4.254 r  clk_wiz/inst/mmcm_adv_inst/CLKOUT1
                         net (fo=1, routed)           1.760    -2.494    clk_wiz/inst/clk_out2_clk_wiz_0
    BUFGCTRL_X0Y17       BUFG (Prop_bufg_I_O)         0.101    -2.393 r  clk_wiz/inst/clkout2_buf/O
                         net (fo=8, routed)           1.777    -0.615    vga_to_hdmi/inst/serial_b/pix_clkx5
    OLOGIC_X0Y8          OSERDESE2                                    r  vga_to_hdmi/inst/serial_b/oserdes_m/CLK
  -------------------------------------------------------------------    -------------------
    OLOGIC_X0Y8          OSERDESE2 (Prop_oserdese2_CLK_OQ)
                                                      0.472    -0.143 r  vga_to_hdmi/inst/serial_b/oserdes_m/OQ
                         net (fo=1, routed)           0.001    -0.142    vga_to_hdmi/inst/TMDSINT_0
    V17                  OBUFDS (Prop_obufds_I_O)     1.859     1.716 r  vga_to_hdmi/inst/OBUFDS_B/O
                         net (fo=0)                   0.000     1.716    hdmi_tx_p[0]
    V17                                                               r  hdmi_tx_p[0] (OUT)
  -------------------------------------------------------------------    -------------------





Min Delay Paths
--------------------------------------------------------------------------------------
Slack:                    inf
  Source:                 vga_to_hdmi/inst/serial_b/oserdes_m/CLK
                            (rising edge-triggered cell OSERDESE2 clocked by clk_out2_clk_wiz_0  {rise@0.000ns fall@4.000ns period=8.000ns})
  Destination:            hdmi_tx_p[0]
                            (output port)
  Path Group:             (none)
  Path Type:              Min at Fast Process Corner
  Data Path Delay:        0.985ns  (logic 0.984ns (99.899%)  route 0.001ns (0.101%))
  Logic Levels:           1  (OBUFDS=1)
  Clock Uncertainty:      0.166ns  ((TSJ^2 + DJ^2)^1/2) / 2 + PE
    Total System Jitter     (TSJ):    0.050ns
    Discrete Jitter          (DJ):    0.125ns
    Phase Error              (PE):    0.099ns

    Location             Delay type                Incr(ns)  Path(ns)    Netlist Resource(s)
  -------------------------------------------------------------------    -------------------
                         (clock clk_out2_clk_wiz_0 rise edge)
                                                      0.000     0.000 r  
    H16                                               0.000     0.000 r  clk (IN)
                         net (fo=0)                   0.000     0.000    clk_wiz/inst/clk_in1
    H16                  IBUF (Prop_ibuf_I_O)         0.225     0.225 r  clk_wiz/inst/clkin1_ibufg/O
                         net (fo=1, routed)           0.440     0.665    clk_wiz/inst/clk_in1_clk_wiz_0
    MMCME2_ADV_X0Y1      MMCME2_ADV (Prop_mmcme2_adv_CLKIN1_CLKOUT1)
                                                     -2.268    -1.602 r  clk_wiz/inst/mmcm_adv_inst/CLKOUT1
                         net (fo=1, routed)           0.482    -1.120    clk_wiz/inst/clk_out2_clk_wiz_0
    BUFGCTRL_X0Y17       BUFG (Prop_bufg_I_O)         0.026    -1.094 r  clk_wiz/inst/clkout2_buf/O
                         net (fo=8, routed)           0.584    -0.511    vga_to_hdmi/inst/serial_b/pix_clkx5
    OLOGIC_X0Y8          OSERDESE2                                    r  vga_to_hdmi/inst/serial_b/oserdes_m/CLK
  -------------------------------------------------------------------    -------------------
    OLOGIC_X0Y8          OSERDESE2 (Prop_oserdese2_CLK_OQ)
                                                      0.177    -0.334 r  vga_to_hdmi/inst/serial_b/oserdes_m/OQ
                         net (fo=1, routed)           0.001    -0.333    vga_to_hdmi/inst/TMDSINT_0
    V17                  OBUFDS (Prop_obufds_I_O)     0.807     0.475 r  vga_to_hdmi/inst/OBUFDS_B/O
                         net (fo=0)                   0.000     0.475    hdmi_tx_p[0]
    V17                                                               r  hdmi_tx_p[0] (OUT)
  -------------------------------------------------------------------    -------------------

Slack:                    inf
  Source:                 vga_to_hdmi/inst/serial_b/oserdes_m/CLK
                            (rising edge-triggered cell OSERDESE2 clocked by clk_out2_clk_wiz_0  {rise@0.000ns fall@4.000ns period=8.000ns})
  Destination:            hdmi_tx_n[0]
                            (output port)
  Path Group:             (none)
  Path Type:              Min at Fast Process Corner
  Data Path Delay:        0.986ns  (logic 0.985ns (99.899%)  route 0.001ns (0.101%))
  Logic Levels:           1  (OBUFDS=1)
  Clock Uncertainty:      0.166ns  ((TSJ^2 + DJ^2)^1/2) / 2 + PE
    Total System Jitter     (TSJ):    0.050ns
    Discrete Jitter          (DJ):    0.125ns
    Phase Error              (PE):    0.099ns

    Location             Delay type                Incr(ns)  Path(ns)    Netlist Resource(s)
  -------------------------------------------------------------------    -------------------
                         (clock clk_out2_clk_wiz_0 rise edge)
                                                      0.000     0.000 r  
    H16                                               0.000     0.000 r  clk (IN)
                         net (fo=0)                   0.000     0.000    clk_wiz/inst/clk_in1
    H16                  IBUF (Prop_ibuf_I_O)         0.225     0.225 r  clk_wiz/inst/clkin1_ibufg/O
                         net (fo=1, routed)           0.440     0.665    clk_wiz/inst/clk_in1_clk_wiz_0
    MMCME2_ADV_X0Y1      MMCME2_ADV (Prop_mmcme2_adv_CLKIN1_CLKOUT1)
                                                     -2.268    -1.602 r  clk_wiz/inst/mmcm_adv_inst/CLKOUT1
                         net (fo=1, routed)           0.482    -1.120    clk_wiz/inst/clk_out2_clk_wiz_0
    BUFGCTRL_X0Y17       BUFG (Prop_bufg_I_O)         0.026    -1.094 r  clk_wiz/inst/clkout2_buf/O
                         net (fo=8, routed)           0.584    -0.511    vga_to_hdmi/inst/serial_b/pix_clkx5
    OLOGIC_X0Y8          OSERDESE2                                    r  vga_to_hdmi/inst/serial_b/oserdes_m/CLK
  -------------------------------------------------------------------    -------------------
    OLOGIC_X0Y8          OSERDESE2 (Prop_oserdese2_CLK_OQ)
                                                      0.177    -0.334 r  vga_to_hdmi/inst/serial_b/oserdes_m/OQ
                         net (fo=1, routed)           0.001    -0.333    vga_to_hdmi/inst/TMDSINT_0
    V17                  OBUFDS (Prop_obufds_I_OB)    0.808     0.476 r  vga_to_hdmi/inst/OBUFDS_B/OB
                         net (fo=0)                   0.000     0.476    hdmi_tx_n[0]
    V18                                                               r  hdmi_tx_n[0] (OUT)
  -------------------------------------------------------------------    -------------------

Slack:                    inf
  Source:                 vga_to_hdmi/inst/serial_r/oserdes_m/CLK
                            (rising edge-triggered cell OSERDESE2 clocked by clk_out2_clk_wiz_0  {rise@0.000ns fall@4.000ns period=8.000ns})
  Destination:            hdmi_tx_p[2]
                            (output port)
  Path Group:             (none)
  Path Type:              Min at Fast Process Corner
  Data Path Delay:        1.002ns  (logic 1.001ns (99.900%)  route 0.001ns (0.100%))
  Logic Levels:           1  (OBUFDS=1)
  Clock Uncertainty:      0.166ns  ((TSJ^2 + DJ^2)^1/2) / 2 + PE
    Total System Jitter     (TSJ):    0.050ns
    Discrete Jitter          (DJ):    0.125ns
    Phase Error              (PE):    0.099ns

    Location             Delay type                Incr(ns)  Path(ns)    Netlist Resource(s)
  -------------------------------------------------------------------    -------------------
                         (clock clk_out2_clk_wiz_0 rise edge)
                                                      0.000     0.000 r  
    H16                                               0.000     0.000 r  clk (IN)
                         net (fo=0)                   0.000     0.000    clk_wiz/inst/clk_in1
    H16                  IBUF (Prop_ibuf_I_O)         0.225     0.225 r  clk_wiz/inst/clkin1_ibufg/O
                         net (fo=1, routed)           0.440     0.665    clk_wiz/inst/clk_in1_clk_wiz_0
    MMCME2_ADV_X0Y1      MMCME2_ADV (Prop_mmcme2_adv_CLKIN1_CLKOUT1)
                                                     -2.268    -1.602 r  clk_wiz/inst/mmcm_adv_inst/CLKOUT1
                         net (fo=1, routed)           0.482    -1.120    clk_wiz/inst/clk_out2_clk_wiz_0
    BUFGCTRL_X0Y17       BUFG (Prop_bufg_I_O)         0.026    -1.094 r  clk_wiz/inst/clkout2_buf/O
                         net (fo=8, routed)           0.577    -0.518    vga_to_hdmi/inst/serial_r/pix_clkx5
    OLOGIC_X0Y24         OSERDESE2                                    r  vga_to_hdmi/inst/serial_r/oserdes_m/CLK
  -------------------------------------------------------------------    -------------------
    OLOGIC_X0Y24         OSERDESE2 (Prop_oserdese2_CLK_OQ)
                                                      0.177    -0.341 r  vga_to_hdmi/inst/serial_r/oserdes_m/OQ
                         net (fo=1, routed)           0.001    -0.340    vga_to_hdmi/inst/TMDSINT_2
    N18                  OBUFDS (Prop_obufds_I_O)     0.824     0.484 r  vga_to_hdmi/inst/OBUFDS_R/O
                         net (fo=0)                   0.000     0.484    hdmi_tx_p[2]
    N18                                                               r  hdmi_tx_p[2] (OUT)
  -------------------------------------------------------------------    -------------------

Slack:                    inf
  Source:                 vga_to_hdmi/inst/serial_r/oserdes_m/CLK
                            (rising edge-triggered cell OSERDESE2 clocked by clk_out2_clk_wiz_0  {rise@0.000ns fall@4.000ns period=8.000ns})
  Destination:            hdmi_tx_n[2]
                            (output port)
  Path Group:             (none)
  Path Type:              Min at Fast Process Corner
  Data Path Delay:        1.003ns  (logic 1.002ns (99.900%)  route 0.001ns (0.100%))
  Logic Levels:           1  (OBUFDS=1)
  Clock Uncertainty:      0.166ns  ((TSJ^2 + DJ^2)^1/2) / 2 + PE
    Total System Jitter     (TSJ):    0.050ns
    Discrete Jitter          (DJ):    0.125ns
    Phase Error              (PE):    0.099ns

    Location             Delay type                Incr(ns)  Path(ns)    Netlist Resource(s)
  -------------------------------------------------------------------    -------------------
                         (clock clk_out2_clk_wiz_0 rise edge)
                                                      0.000     0.000 r  
    H16                                               0.000     0.000 r  clk (IN)
                         net (fo=0)                   0.000     0.000    clk_wiz/inst/clk_in1
    H16                  IBUF (Prop_ibuf_I_O)         0.225     0.225 r  clk_wiz/inst/clkin1_ibufg/O
                         net (fo=1, routed)           0.440     0.665    clk_wiz/inst/clk_in1_clk_wiz_0
    MMCME2_ADV_X0Y1      MMCME2_ADV (Prop_mmcme2_adv_CLKIN1_CLKOUT1)
                                                     -2.268    -1.602 r  clk_wiz/inst/mmcm_adv_inst/CLKOUT1
                         net (fo=1, routed)           0.482    -1.120    clk_wiz/inst/clk_out2_clk_wiz_0
    BUFGCTRL_X0Y17       BUFG (Prop_bufg_I_O)         0.026    -1.094 r  clk_wiz/inst/clkout2_buf/O
                         net (fo=8, routed)           0.577    -0.518    vga_to_hdmi/inst/serial_r/pix_clkx5
    OLOGIC_X0Y24         OSERDESE2                                    r  vga_to_hdmi/inst/serial_r/oserdes_m/CLK
  -------------------------------------------------------------------    -------------------
    OLOGIC_X0Y24         OSERDESE2 (Prop_oserdese2_CLK_OQ)
                                                      0.177    -0.341 r  vga_to_hdmi/inst/serial_r/oserdes_m/OQ
                         net (fo=1, routed)           0.001    -0.340    vga_to_hdmi/inst/TMDSINT_2
    N18                  OBUFDS (Prop_obufds_I_OB)    0.825     0.485 r  vga_to_hdmi/inst/OBUFDS_R/OB
                         net (fo=0)                   0.000     0.485    hdmi_tx_n[2]
    P19                                                               r  hdmi_tx_n[2] (OUT)
  -------------------------------------------------------------------    -------------------

Slack:                    inf
  Source:                 vga_to_hdmi/inst/serial_g/oserdes_m/CLK
                            (rising edge-triggered cell OSERDESE2 clocked by clk_out2_clk_wiz_0  {rise@0.000ns fall@4.000ns period=8.000ns})
  Destination:            hdmi_tx_p[1]
                            (output port)
  Path Group:             (none)
  Path Type:              Min at Fast Process Corner
  Data Path Delay:        1.005ns  (logic 1.004ns (99.900%)  route 0.001ns (0.099%))
  Logic Levels:           1  (OBUFDS=1)
  Clock Uncertainty:      0.166ns  ((TSJ^2 + DJ^2)^1/2) / 2 + PE
    Total System Jitter     (TSJ):    0.050ns
    Discrete Jitter          (DJ):    0.125ns
    Phase Error              (PE):    0.099ns

    Location             Delay type                Incr(ns)  Path(ns)    Netlist Resource(s)
  -------------------------------------------------------------------    -------------------
                         (clock clk_out2_clk_wiz_0 rise edge)
                                                      0.000     0.000 r  
    H16                                               0.000     0.000 r  clk (IN)
                         net (fo=0)                   0.000     0.000    clk_wiz/inst/clk_in1
    H16                  IBUF (Prop_ibuf_I_O)         0.225     0.225 r  clk_wiz/inst/clkin1_ibufg/O
                         net (fo=1, routed)           0.440     0.665    clk_wiz/inst/clk_in1_clk_wiz_0
    MMCME2_ADV_X0Y1      MMCME2_ADV (Prop_mmcme2_adv_CLKIN1_CLKOUT1)
                                                     -2.268    -1.602 r  clk_wiz/inst/mmcm_adv_inst/CLKOUT1
                         net (fo=1, routed)           0.482    -1.120    clk_wiz/inst/clk_out2_clk_wiz_0
    BUFGCTRL_X0Y17       BUFG (Prop_bufg_I_O)         0.026    -1.094 r  clk_wiz/inst/clkout2_buf/O
                         net (fo=8, routed)           0.585    -0.510    vga_to_hdmi/inst/serial_g/pix_clkx5
    OLOGIC_X0Y4          OSERDESE2                                    r  vga_to_hdmi/inst/serial_g/oserdes_m/CLK
  -------------------------------------------------------------------    -------------------
    OLOGIC_X0Y4          OSERDESE2 (Prop_oserdese2_CLK_OQ)
                                                      0.177    -0.333 r  vga_to_hdmi/inst/serial_g/oserdes_m/OQ
                         net (fo=1, routed)           0.001    -0.332    vga_to_hdmi/inst/TMDSINT_1
    N17                  OBUFDS (Prop_obufds_I_O)     0.827     0.496 r  vga_to_hdmi/inst/OBUFDS_G/O
                         net (fo=0)                   0.000     0.496    hdmi_tx_p[1]
    N17                                                               r  hdmi_tx_p[1] (OUT)
  -------------------------------------------------------------------    -------------------

Slack:                    inf
  Source:                 vga_to_hdmi/inst/serial_g/oserdes_m/CLK
                            (rising edge-triggered cell OSERDESE2 clocked by clk_out2_clk_wiz_0  {rise@0.000ns fall@4.000ns period=8.000ns})
  Destination:            hdmi_tx_n[1]
                            (output port)
  Path Group:             (none)
  Path Type:              Min at Fast Process Corner
  Data Path Delay:        1.006ns  (logic 1.005ns (99.901%)  route 0.001ns (0.099%))
  Logic Levels:           1  (OBUFDS=1)
  Clock Uncertainty:      0.166ns  ((TSJ^2 + DJ^2)^1/2) / 2 + PE
    Total System Jitter     (TSJ):    0.050ns
    Discrete Jitter          (DJ):    0.125ns
    Phase Error              (PE):    0.099ns

    Location             Delay type                Incr(ns)  Path(ns)    Netlist Resource(s)
  -------------------------------------------------------------------    -------------------
                         (clock clk_out2_clk_wiz_0 rise edge)
                                                      0.000     0.000 r  
    H16                                               0.000     0.000 r  clk (IN)
                         net (fo=0)                   0.000     0.000    clk_wiz/inst/clk_in1
    H16                  IBUF (Prop_ibuf_I_O)         0.225     0.225 r  clk_wiz/inst/clkin1_ibufg/O
                         net (fo=1, routed)           0.440     0.665    clk_wiz/inst/clk_in1_clk_wiz_0
    MMCME2_ADV_X0Y1      MMCME2_ADV (Prop_mmcme2_adv_CLKIN1_CLKOUT1)
                                                     -2.268    -1.602 r  clk_wiz/inst/mmcm_adv_inst/CLKOUT1
                         net (fo=1, routed)           0.482    -1.120    clk_wiz/inst/clk_out2_clk_wiz_0
    BUFGCTRL_X0Y17       BUFG (Prop_bufg_I_O)         0.026    -1.094 r  clk_wiz/inst/clkout2_buf/O
                         net (fo=8, routed)           0.585    -0.510    vga_to_hdmi/inst/serial_g/pix_clkx5
    OLOGIC_X0Y4          OSERDESE2                                    r  vga_to_hdmi/inst/serial_g/oserdes_m/CLK
  -------------------------------------------------------------------    -------------------
    OLOGIC_X0Y4          OSERDESE2 (Prop_oserdese2_CLK_OQ)
                                                      0.177    -0.333 r  vga_to_hdmi/inst/serial_g/oserdes_m/OQ
                         net (fo=1, routed)           0.001    -0.332    vga_to_hdmi/inst/TMDSINT_1
    N17                  OBUFDS (Prop_obufds_I_OB)    0.828     0.497 r  vga_to_hdmi/inst/OBUFDS_G/OB
                         net (fo=0)                   0.000     0.497    hdmi_tx_n[1]
    P18                                                               r  hdmi_tx_n[1] (OUT)
  -------------------------------------------------------------------    -------------------

Slack:                    inf
  Source:                 vga_to_hdmi/inst/serial_clk/oserdes_m/CLK
                            (rising edge-triggered cell OSERDESE2 clocked by clk_out2_clk_wiz_0  {rise@0.000ns fall@4.000ns period=8.000ns})
  Destination:            hdmi_clk_p
                            (output port)
  Path Group:             (none)
  Path Type:              Min at Fast Process Corner
  Data Path Delay:        1.039ns  (logic 1.038ns (99.904%)  route 0.001ns (0.096%))
  Logic Levels:           1  (OBUFDS=1)
  Clock Uncertainty:      0.166ns  ((TSJ^2 + DJ^2)^1/2) / 2 + PE
    Total System Jitter     (TSJ):    0.050ns
    Discrete Jitter          (DJ):    0.125ns
    Phase Error              (PE):    0.099ns

    Location             Delay type                Incr(ns)  Path(ns)    Netlist Resource(s)
  -------------------------------------------------------------------    -------------------
                         (clock clk_out2_clk_wiz_0 rise edge)
                                                      0.000     0.000 r  
    H16                                               0.000     0.000 r  clk (IN)
                         net (fo=0)                   0.000     0.000    clk_wiz/inst/clk_in1
    H16                  IBUF (Prop_ibuf_I_O)         0.225     0.225 r  clk_wiz/inst/clkin1_ibufg/O
                         net (fo=1, routed)           0.440     0.665    clk_wiz/inst/clk_in1_clk_wiz_0
    MMCME2_ADV_X0Y1      MMCME2_ADV (Prop_mmcme2_adv_CLKIN1_CLKOUT1)
                                                     -2.268    -1.602 r  clk_wiz/inst/mmcm_adv_inst/CLKOUT1
                         net (fo=1, routed)           0.482    -1.120    clk_wiz/inst/clk_out2_clk_wiz_0
    BUFGCTRL_X0Y17       BUFG (Prop_bufg_I_O)         0.026    -1.094 r  clk_wiz/inst/clkout2_buf/O
                         net (fo=8, routed)           0.577    -0.518    vga_to_hdmi/inst/serial_clk/pix_clkx5
    OLOGIC_X0Y26         OSERDESE2                                    r  vga_to_hdmi/inst/serial_clk/oserdes_m/CLK
  -------------------------------------------------------------------    -------------------
    OLOGIC_X0Y26         OSERDESE2 (Prop_oserdese2_CLK_OQ)
                                                      0.177    -0.341 r  vga_to_hdmi/inst/serial_clk/oserdes_m/OQ
                         net (fo=1, routed)           0.001    -0.340    vga_to_hdmi/inst/tmdsclk
    U18                  OBUFDS (Prop_obufds_I_O)     0.861     0.522 r  vga_to_hdmi/inst/OBUFDS_CLK/O
                         net (fo=0)                   0.000     0.522    hdmi_clk_p
    U18                                                               r  hdmi_clk_p (OUT)
  -------------------------------------------------------------------    -------------------

Slack:                    inf
  Source:                 vga_to_hdmi/inst/serial_clk/oserdes_m/CLK
                            (rising edge-triggered cell OSERDESE2 clocked by clk_out2_clk_wiz_0  {rise@0.000ns fall@4.000ns period=8.000ns})
  Destination:            hdmi_clk_n
                            (output port)
  Path Group:             (none)
  Path Type:              Min at Fast Process Corner
  Data Path Delay:        1.040ns  (logic 1.039ns (99.904%)  route 0.001ns (0.096%))
  Logic Levels:           1  (OBUFDS=1)
  Clock Uncertainty:      0.166ns  ((TSJ^2 + DJ^2)^1/2) / 2 + PE
    Total System Jitter     (TSJ):    0.050ns
    Discrete Jitter          (DJ):    0.125ns
    Phase Error              (PE):    0.099ns

    Location             Delay type                Incr(ns)  Path(ns)    Netlist Resource(s)
  -------------------------------------------------------------------    -------------------
                         (clock clk_out2_clk_wiz_0 rise edge)
                                                      0.000     0.000 r  
    H16                                               0.000     0.000 r  clk (IN)
                         net (fo=0)                   0.000     0.000    clk_wiz/inst/clk_in1
    H16                  IBUF (Prop_ibuf_I_O)         0.225     0.225 r  clk_wiz/inst/clkin1_ibufg/O
                         net (fo=1, routed)           0.440     0.665    clk_wiz/inst/clk_in1_clk_wiz_0
    MMCME2_ADV_X0Y1      MMCME2_ADV (Prop_mmcme2_adv_CLKIN1_CLKOUT1)
                                                     -2.268    -1.602 r  clk_wiz/inst/mmcm_adv_inst/CLKOUT1
                         net (fo=1, routed)           0.482    -1.120    clk_wiz/inst/clk_out2_clk_wiz_0
    BUFGCTRL_X0Y17       BUFG (Prop_bufg_I_O)         0.026    -1.094 r  clk_wiz/inst/clkout2_buf/O
                         net (fo=8, routed)           0.577    -0.518    vga_to_hdmi/inst/serial_clk/pix_clkx5
    OLOGIC_X0Y26         OSERDESE2                                    r  vga_to_hdmi/inst/serial_clk/oserdes_m/CLK
  -------------------------------------------------------------------    -------------------
    OLOGIC_X0Y26         OSERDESE2 (Prop_oserdese2_CLK_OQ)
                                                      0.177    -0.341 r  vga_to_hdmi/inst/serial_clk/oserdes_m/OQ
                         net (fo=1, routed)           0.001    -0.340    vga_to_hdmi/inst/tmdsclk
    U18                  OBUFDS (Prop_obufds_I_OB)    0.862     0.523 r  vga_to_hdmi/inst/OBUFDS_CLK/OB
                         net (fo=0)                   0.000     0.523    hdmi_clk_n
    U19                                                               r  hdmi_clk_n (OUT)
  -------------------------------------------------------------------    -------------------





--------------------------------------------------------------------------------------
Path Group:  (none)
From Clock:  
  To Clock:  clk_out1_clk_wiz_0

Max Delay            80 Endpoints
Min Delay            80 Endpoints
--------------------------------------------------------------------------------------


Max Delay Paths
--------------------------------------------------------------------------------------
Slack:                    inf
  Source:                 rst
                            (input port)
  Destination:            vga_to_hdmi/inst/encg/cnt_reg[2]/CLR
                            (recovery check against rising-edge clock clk_out1_clk_wiz_0  {rise@0.000ns fall@20.000ns period=40.000ns})
  Path Group:             (none)
  Path Type:              Recovery (Max at Slow Process Corner)
  Data Path Delay:        5.825ns  (logic 1.597ns (27.412%)  route 4.228ns (72.588%))
  Logic Levels:           2  (IBUF=1 LUT2=1)
  Clock Path Skew:        -1.288ns (DCD - SCD + CPR)
    Destination Clock Delay (DCD):    -1.288ns
    Source Clock Delay      (SCD):    0.000ns
    Clock Pessimism Removal (CPR):    0.000ns
  Clock Uncertainty:      0.190ns  ((TSJ^2 + DJ^2)^1/2) / 2 + PE
    Total System Jitter     (TSJ):    0.050ns
    Discrete Jitter          (DJ):    0.175ns
    Phase Error              (PE):    0.099ns

    Location             Delay type                Incr(ns)  Path(ns)    Netlist Resource(s)
  -------------------------------------------------------------------    -------------------
    R17                                               0.000     0.000 f  rst (IN)
                         net (fo=0)                   0.000     0.000    rst
    R17                  IBUF (Prop_ibuf_I_O)         1.447     1.447 f  rst_IBUF_inst/O
                         net (fo=4, routed)           1.407     2.853    vga_to_hdmi/inst/encr/rst
    SLICE_X42Y15         LUT2 (Prop_lut2_I0_O)        0.150     3.003 f  vga_to_hdmi/inst/encr/oserdes_m_i_1/O
                         net (fo=50, routed)          2.822     5.825    vga_to_hdmi/inst/encg/AR[0]
    SLICE_X39Y3          FDCE                                         f  vga_to_hdmi/inst/encg/cnt_reg[2]/CLR
  -------------------------------------------------------------------    -------------------

                         (clock clk_out1_clk_wiz_0 rise edge)
                                                      0.000     0.000 r  
    H16                                               0.000     0.000 r  clk (IN)
                         net (fo=0)                   0.000     0.000    clk_wiz/inst/clk_in1
    H16                  IBUF (Prop_ibuf_I_O)         1.387     1.387 r  clk_wiz/inst/clkin1_ibufg/O
                         net (fo=1, routed)           1.162     2.549    clk_wiz/inst/clk_in1_clk_wiz_0
    MMCME2_ADV_X0Y1      MMCME2_ADV (Prop_mmcme2_adv_CLKIN1_CLKOUT0)
                                                     -7.105    -4.556 r  clk_wiz/inst/mmcm_adv_inst/CLKOUT0
                         net (fo=1, routed)           1.599    -2.957    clk_wiz/inst/clk_out1_clk_wiz_0
    BUFGCTRL_X0Y16       BUFG (Prop_bufg_I_O)         0.091    -2.866 r  clk_wiz/inst/clkout1_buf/O
                         net (fo=196, routed)         1.578    -1.288    vga_to_hdmi/inst/encg/pix_clk
    SLICE_X39Y3          FDCE                                         r  vga_to_hdmi/inst/encg/cnt_reg[2]/C

Slack:                    inf
  Source:                 rst
                            (input port)
  Destination:            vga_to_hdmi/inst/encg/dout_reg[6]/CLR
                            (recovery check against rising-edge clock clk_out1_clk_wiz_0  {rise@0.000ns fall@20.000ns period=40.000ns})
  Path Group:             (none)
  Path Type:              Recovery (Max at Slow Process Corner)
  Data Path Delay:        5.354ns  (logic 1.597ns (29.826%)  route 3.757ns (70.174%))
  Logic Levels:           2  (IBUF=1 LUT2=1)
  Clock Path Skew:        -1.287ns (DCD - SCD + CPR)
    Destination Clock Delay (DCD):    -1.287ns
    Source Clock Delay      (SCD):    0.000ns
    Clock Pessimism Removal (CPR):    0.000ns
  Clock Uncertainty:      0.190ns  ((TSJ^2 + DJ^2)^1/2) / 2 + PE
    Total System Jitter     (TSJ):    0.050ns
    Discrete Jitter          (DJ):    0.175ns
    Phase Error              (PE):    0.099ns

    Location             Delay type                Incr(ns)  Path(ns)    Netlist Resource(s)
  -------------------------------------------------------------------    -------------------
    R17                                               0.000     0.000 f  rst (IN)
                         net (fo=0)                   0.000     0.000    rst
    R17                  IBUF (Prop_ibuf_I_O)         1.447     1.447 f  rst_IBUF_inst/O
                         net (fo=4, routed)           1.407     2.853    vga_to_hdmi/inst/encr/rst
    SLICE_X42Y15         LUT2 (Prop_lut2_I0_O)        0.150     3.003 f  vga_to_hdmi/inst/encr/oserdes_m_i_1/O
                         net (fo=50, routed)          2.351     5.354    vga_to_hdmi/inst/encg/AR[0]
    SLICE_X40Y5          FDCE                                         f  vga_to_hdmi/inst/encg/dout_reg[6]/CLR
  -------------------------------------------------------------------    -------------------

                         (clock clk_out1_clk_wiz_0 rise edge)
                                                      0.000     0.000 r  
    H16                                               0.000     0.000 r  clk (IN)
                         net (fo=0)                   0.000     0.000    clk_wiz/inst/clk_in1
    H16                  IBUF (Prop_ibuf_I_O)         1.387     1.387 r  clk_wiz/inst/clkin1_ibufg/O
                         net (fo=1, routed)           1.162     2.549    clk_wiz/inst/clk_in1_clk_wiz_0
    MMCME2_ADV_X0Y1      MMCME2_ADV (Prop_mmcme2_adv_CLKIN1_CLKOUT0)
                                                     -7.105    -4.556 r  clk_wiz/inst/mmcm_adv_inst/CLKOUT0
                         net (fo=1, routed)           1.599    -2.957    clk_wiz/inst/clk_out1_clk_wiz_0
    BUFGCTRL_X0Y16       BUFG (Prop_bufg_I_O)         0.091    -2.866 r  clk_wiz/inst/clkout1_buf/O
                         net (fo=196, routed)         1.579    -1.287    vga_to_hdmi/inst/encg/pix_clk
    SLICE_X40Y5          FDCE                                         r  vga_to_hdmi/inst/encg/dout_reg[6]/C

Slack:                    inf
  Source:                 rst
                            (input port)
  Destination:            vga_to_hdmi/inst/encg/dout_reg[3]/CLR
                            (recovery check against rising-edge clock clk_out1_clk_wiz_0  {rise@0.000ns fall@20.000ns period=40.000ns})
  Path Group:             (none)
  Path Type:              Recovery (Max at Slow Process Corner)
  Data Path Delay:        5.320ns  (logic 1.597ns (30.014%)  route 3.724ns (69.986%))
  Logic Levels:           2  (IBUF=1 LUT2=1)
  Clock Path Skew:        -1.287ns (DCD - SCD + CPR)
    Destination Clock Delay (DCD):    -1.287ns
    Source Clock Delay      (SCD):    0.000ns
    Clock Pessimism Removal (CPR):    0.000ns
  Clock Uncertainty:      0.190ns  ((TSJ^2 + DJ^2)^1/2) / 2 + PE
    Total System Jitter     (TSJ):    0.050ns
    Discrete Jitter          (DJ):    0.175ns
    Phase Error              (PE):    0.099ns

    Location             Delay type                Incr(ns)  Path(ns)    Netlist Resource(s)
  -------------------------------------------------------------------    -------------------
    R17                                               0.000     0.000 f  rst (IN)
                         net (fo=0)                   0.000     0.000    rst
    R17                  IBUF (Prop_ibuf_I_O)         1.447     1.447 f  rst_IBUF_inst/O
                         net (fo=4, routed)           1.407     2.853    vga_to_hdmi/inst/encr/rst
    SLICE_X42Y15         LUT2 (Prop_lut2_I0_O)        0.150     3.003 f  vga_to_hdmi/inst/encr/oserdes_m_i_1/O
                         net (fo=50, routed)          2.317     5.320    vga_to_hdmi/inst/encg/AR[0]
    SLICE_X43Y4          FDCE                                         f  vga_to_hdmi/inst/encg/dout_reg[3]/CLR
  -------------------------------------------------------------------    -------------------

                         (clock clk_out1_clk_wiz_0 rise edge)
                                                      0.000     0.000 r  
    H16                                               0.000     0.000 r  clk (IN)
                         net (fo=0)                   0.000     0.000    clk_wiz/inst/clk_in1
    H16                  IBUF (Prop_ibuf_I_O)         1.387     1.387 r  clk_wiz/inst/clkin1_ibufg/O
                         net (fo=1, routed)           1.162     2.549    clk_wiz/inst/clk_in1_clk_wiz_0
    MMCME2_ADV_X0Y1      MMCME2_ADV (Prop_mmcme2_adv_CLKIN1_CLKOUT0)
                                                     -7.105    -4.556 r  clk_wiz/inst/mmcm_adv_inst/CLKOUT0
                         net (fo=1, routed)           1.599    -2.957    clk_wiz/inst/clk_out1_clk_wiz_0
    BUFGCTRL_X0Y16       BUFG (Prop_bufg_I_O)         0.091    -2.866 r  clk_wiz/inst/clkout1_buf/O
                         net (fo=196, routed)         1.579    -1.287    vga_to_hdmi/inst/encg/pix_clk
    SLICE_X43Y4          FDCE                                         r  vga_to_hdmi/inst/encg/dout_reg[3]/C

Slack:                    inf
  Source:                 rst
                            (input port)
  Destination:            vga_to_hdmi/inst/encg/dout_reg[4]/CLR
                            (recovery check against rising-edge clock clk_out1_clk_wiz_0  {rise@0.000ns fall@20.000ns period=40.000ns})
  Path Group:             (none)
  Path Type:              Recovery (Max at Slow Process Corner)
  Data Path Delay:        5.320ns  (logic 1.597ns (30.014%)  route 3.724ns (69.986%))
  Logic Levels:           2  (IBUF=1 LUT2=1)
  Clock Path Skew:        -1.287ns (DCD - SCD + CPR)
    Destination Clock Delay (DCD):    -1.287ns
    Source Clock Delay      (SCD):    0.000ns
    Clock Pessimism Removal (CPR):    0.000ns
  Clock Uncertainty:      0.190ns  ((TSJ^2 + DJ^2)^1/2) / 2 + PE
    Total System Jitter     (TSJ):    0.050ns
    Discrete Jitter          (DJ):    0.175ns
    Phase Error              (PE):    0.099ns

    Location             Delay type                Incr(ns)  Path(ns)    Netlist Resource(s)
  -------------------------------------------------------------------    -------------------
    R17                                               0.000     0.000 f  rst (IN)
                         net (fo=0)                   0.000     0.000    rst
    R17                  IBUF (Prop_ibuf_I_O)         1.447     1.447 f  rst_IBUF_inst/O
                         net (fo=4, routed)           1.407     2.853    vga_to_hdmi/inst/encr/rst
    SLICE_X42Y15         LUT2 (Prop_lut2_I0_O)        0.150     3.003 f  vga_to_hdmi/inst/encr/oserdes_m_i_1/O
                         net (fo=50, routed)          2.317     5.320    vga_to_hdmi/inst/encg/AR[0]
    SLICE_X43Y4          FDCE                                         f  vga_to_hdmi/inst/encg/dout_reg[4]/CLR
  -------------------------------------------------------------------    -------------------

                         (clock clk_out1_clk_wiz_0 rise edge)
                                                      0.000     0.000 r  
    H16                                               0.000     0.000 r  clk (IN)
                         net (fo=0)                   0.000     0.000    clk_wiz/inst/clk_in1
    H16                  IBUF (Prop_ibuf_I_O)         1.387     1.387 r  clk_wiz/inst/clkin1_ibufg/O
                         net (fo=1, routed)           1.162     2.549    clk_wiz/inst/clk_in1_clk_wiz_0
    MMCME2_ADV_X0Y1      MMCME2_ADV (Prop_mmcme2_adv_CLKIN1_CLKOUT0)
                                                     -7.105    -4.556 r  clk_wiz/inst/mmcm_adv_inst/CLKOUT0
                         net (fo=1, routed)           1.599    -2.957    clk_wiz/inst/clk_out1_clk_wiz_0
    BUFGCTRL_X0Y16       BUFG (Prop_bufg_I_O)         0.091    -2.866 r  clk_wiz/inst/clkout1_buf/O
                         net (fo=196, routed)         1.579    -1.287    vga_to_hdmi/inst/encg/pix_clk
    SLICE_X43Y4          FDCE                                         r  vga_to_hdmi/inst/encg/dout_reg[4]/C

Slack:                    inf
  Source:                 rst
                            (input port)
  Destination:            vga_to_hdmi/inst/encg/dout_reg[7]/CLR
                            (recovery check against rising-edge clock clk_out1_clk_wiz_0  {rise@0.000ns fall@20.000ns period=40.000ns})
  Path Group:             (none)
  Path Type:              Recovery (Max at Slow Process Corner)
  Data Path Delay:        5.320ns  (logic 1.597ns (30.014%)  route 3.724ns (69.986%))
  Logic Levels:           2  (IBUF=1 LUT2=1)
  Clock Path Skew:        -1.287ns (DCD - SCD + CPR)
    Destination Clock Delay (DCD):    -1.287ns
    Source Clock Delay      (SCD):    0.000ns
    Clock Pessimism Removal (CPR):    0.000ns
  Clock Uncertainty:      0.190ns  ((TSJ^2 + DJ^2)^1/2) / 2 + PE
    Total System Jitter     (TSJ):    0.050ns
    Discrete Jitter          (DJ):    0.175ns
    Phase Error              (PE):    0.099ns

    Location             Delay type                Incr(ns)  Path(ns)    Netlist Resource(s)
  -------------------------------------------------------------------    -------------------
    R17                                               0.000     0.000 f  rst (IN)
                         net (fo=0)                   0.000     0.000    rst
    R17                  IBUF (Prop_ibuf_I_O)         1.447     1.447 f  rst_IBUF_inst/O
                         net (fo=4, routed)           1.407     2.853    vga_to_hdmi/inst/encr/rst
    SLICE_X42Y15         LUT2 (Prop_lut2_I0_O)        0.150     3.003 f  vga_to_hdmi/inst/encr/oserdes_m_i_1/O
                         net (fo=50, routed)          2.317     5.320    vga_to_hdmi/inst/encg/AR[0]
    SLICE_X42Y4          FDCE                                         f  vga_to_hdmi/inst/encg/dout_reg[7]/CLR
  -------------------------------------------------------------------    -------------------

                         (clock clk_out1_clk_wiz_0 rise edge)
                                                      0.000     0.000 r  
    H16                                               0.000     0.000 r  clk (IN)
                         net (fo=0)                   0.000     0.000    clk_wiz/inst/clk_in1
    H16                  IBUF (Prop_ibuf_I_O)         1.387     1.387 r  clk_wiz/inst/clkin1_ibufg/O
                         net (fo=1, routed)           1.162     2.549    clk_wiz/inst/clk_in1_clk_wiz_0
    MMCME2_ADV_X0Y1      MMCME2_ADV (Prop_mmcme2_adv_CLKIN1_CLKOUT0)
                                                     -7.105    -4.556 r  clk_wiz/inst/mmcm_adv_inst/CLKOUT0
                         net (fo=1, routed)           1.599    -2.957    clk_wiz/inst/clk_out1_clk_wiz_0
    BUFGCTRL_X0Y16       BUFG (Prop_bufg_I_O)         0.091    -2.866 r  clk_wiz/inst/clkout1_buf/O
                         net (fo=196, routed)         1.579    -1.287    vga_to_hdmi/inst/encg/pix_clk
    SLICE_X42Y4          FDCE                                         r  vga_to_hdmi/inst/encg/dout_reg[7]/C

Slack:                    inf
  Source:                 rst
                            (input port)
  Destination:            vga_to_hdmi/inst/encg/dout_reg[8]/CLR
                            (recovery check against rising-edge clock clk_out1_clk_wiz_0  {rise@0.000ns fall@20.000ns period=40.000ns})
  Path Group:             (none)
  Path Type:              Recovery (Max at Slow Process Corner)
  Data Path Delay:        5.320ns  (logic 1.597ns (30.014%)  route 3.724ns (69.986%))
  Logic Levels:           2  (IBUF=1 LUT2=1)
  Clock Path Skew:        -1.287ns (DCD - SCD + CPR)
    Destination Clock Delay (DCD):    -1.287ns
    Source Clock Delay      (SCD):    0.000ns
    Clock Pessimism Removal (CPR):    0.000ns
  Clock Uncertainty:      0.190ns  ((TSJ^2 + DJ^2)^1/2) / 2 + PE
    Total System Jitter     (TSJ):    0.050ns
    Discrete Jitter          (DJ):    0.175ns
    Phase Error              (PE):    0.099ns

    Location             Delay type                Incr(ns)  Path(ns)    Netlist Resource(s)
  -------------------------------------------------------------------    -------------------
    R17                                               0.000     0.000 f  rst (IN)
                         net (fo=0)                   0.000     0.000    rst
    R17                  IBUF (Prop_ibuf_I_O)         1.447     1.447 f  rst_IBUF_inst/O
                         net (fo=4, routed)           1.407     2.853    vga_to_hdmi/inst/encr/rst
    SLICE_X42Y15         LUT2 (Prop_lut2_I0_O)        0.150     3.003 f  vga_to_hdmi/inst/encr/oserdes_m_i_1/O
                         net (fo=50, routed)          2.317     5.320    vga_to_hdmi/inst/encg/AR[0]
    SLICE_X43Y4          FDCE                                         f  vga_to_hdmi/inst/encg/dout_reg[8]/CLR
  -------------------------------------------------------------------    -------------------

                         (clock clk_out1_clk_wiz_0 rise edge)
                                                      0.000     0.000 r  
    H16                                               0.000     0.000 r  clk (IN)
                         net (fo=0)                   0.000     0.000    clk_wiz/inst/clk_in1
    H16                  IBUF (Prop_ibuf_I_O)         1.387     1.387 r  clk_wiz/inst/clkin1_ibufg/O
                         net (fo=1, routed)           1.162     2.549    clk_wiz/inst/clk_in1_clk_wiz_0
    MMCME2_ADV_X0Y1      MMCME2_ADV (Prop_mmcme2_adv_CLKIN1_CLKOUT0)
                                                     -7.105    -4.556 r  clk_wiz/inst/mmcm_adv_inst/CLKOUT0
                         net (fo=1, routed)           1.599    -2.957    clk_wiz/inst/clk_out1_clk_wiz_0
    BUFGCTRL_X0Y16       BUFG (Prop_bufg_I_O)         0.091    -2.866 r  clk_wiz/inst/clkout1_buf/O
                         net (fo=196, routed)         1.579    -1.287    vga_to_hdmi/inst/encg/pix_clk
    SLICE_X43Y4          FDCE                                         r  vga_to_hdmi/inst/encg/dout_reg[8]/C

Slack:                    inf
  Source:                 rst
                            (input port)
  Destination:            vga_to_hdmi/inst/encg/dout_reg[9]/CLR
                            (recovery check against rising-edge clock clk_out1_clk_wiz_0  {rise@0.000ns fall@20.000ns period=40.000ns})
  Path Group:             (none)
  Path Type:              Recovery (Max at Slow Process Corner)
  Data Path Delay:        5.320ns  (logic 1.597ns (30.014%)  route 3.724ns (69.986%))
  Logic Levels:           2  (IBUF=1 LUT2=1)
  Clock Path Skew:        -1.287ns (DCD - SCD + CPR)
    Destination Clock Delay (DCD):    -1.287ns
    Source Clock Delay      (SCD):    0.000ns
    Clock Pessimism Removal (CPR):    0.000ns
  Clock Uncertainty:      0.190ns  ((TSJ^2 + DJ^2)^1/2) / 2 + PE
    Total System Jitter     (TSJ):    0.050ns
    Discrete Jitter          (DJ):    0.175ns
    Phase Error              (PE):    0.099ns

    Location             Delay type                Incr(ns)  Path(ns)    Netlist Resource(s)
  -------------------------------------------------------------------    -------------------
    R17                                               0.000     0.000 f  rst (IN)
                         net (fo=0)                   0.000     0.000    rst
    R17                  IBUF (Prop_ibuf_I_O)         1.447     1.447 f  rst_IBUF_inst/O
                         net (fo=4, routed)           1.407     2.853    vga_to_hdmi/inst/encr/rst
    SLICE_X42Y15         LUT2 (Prop_lut2_I0_O)        0.150     3.003 f  vga_to_hdmi/inst/encr/oserdes_m_i_1/O
                         net (fo=50, routed)          2.317     5.320    vga_to_hdmi/inst/encg/AR[0]
    SLICE_X42Y4          FDCE                                         f  vga_to_hdmi/inst/encg/dout_reg[9]/CLR
  -------------------------------------------------------------------    -------------------

                         (clock clk_out1_clk_wiz_0 rise edge)
                                                      0.000     0.000 r  
    H16                                               0.000     0.000 r  clk (IN)
                         net (fo=0)                   0.000     0.000    clk_wiz/inst/clk_in1
    H16                  IBUF (Prop_ibuf_I_O)         1.387     1.387 r  clk_wiz/inst/clkin1_ibufg/O
                         net (fo=1, routed)           1.162     2.549    clk_wiz/inst/clk_in1_clk_wiz_0
    MMCME2_ADV_X0Y1      MMCME2_ADV (Prop_mmcme2_adv_CLKIN1_CLKOUT0)
                                                     -7.105    -4.556 r  clk_wiz/inst/mmcm_adv_inst/CLKOUT0
                         net (fo=1, routed)           1.599    -2.957    clk_wiz/inst/clk_out1_clk_wiz_0
    BUFGCTRL_X0Y16       BUFG (Prop_bufg_I_O)         0.091    -2.866 r  clk_wiz/inst/clkout1_buf/O
                         net (fo=196, routed)         1.579    -1.287    vga_to_hdmi/inst/encg/pix_clk
    SLICE_X42Y4          FDCE                                         r  vga_to_hdmi/inst/encg/dout_reg[9]/C

Slack:                    inf
  Source:                 rst
                            (input port)
  Destination:            vga_to_hdmi/inst/encg/dout_reg[0]/CLR
                            (recovery check against rising-edge clock clk_out1_clk_wiz_0  {rise@0.000ns fall@20.000ns period=40.000ns})
  Path Group:             (none)
  Path Type:              Recovery (Max at Slow Process Corner)
  Data Path Delay:        5.042ns  (logic 1.597ns (31.674%)  route 3.445ns (68.326%))
  Logic Levels:           2  (IBUF=1 LUT2=1)
  Clock Path Skew:        -1.287ns (DCD - SCD + CPR)
    Destination Clock Delay (DCD):    -1.287ns
    Source Clock Delay      (SCD):    0.000ns
    Clock Pessimism Removal (CPR):    0.000ns
  Clock Uncertainty:      0.190ns  ((TSJ^2 + DJ^2)^1/2) / 2 + PE
    Total System Jitter     (TSJ):    0.050ns
    Discrete Jitter          (DJ):    0.175ns
    Phase Error              (PE):    0.099ns

    Location             Delay type                Incr(ns)  Path(ns)    Netlist Resource(s)
  -------------------------------------------------------------------    -------------------
    R17                                               0.000     0.000 f  rst (IN)
                         net (fo=0)                   0.000     0.000    rst
    R17                  IBUF (Prop_ibuf_I_O)         1.447     1.447 f  rst_IBUF_inst/O
                         net (fo=4, routed)           1.407     2.853    vga_to_hdmi/inst/encr/rst
    SLICE_X42Y15         LUT2 (Prop_lut2_I0_O)        0.150     3.003 f  vga_to_hdmi/inst/encr/oserdes_m_i_1/O
                         net (fo=50, routed)          2.038     5.042    vga_to_hdmi/inst/encg/AR[0]
    SLICE_X42Y5          FDCE                                         f  vga_to_hdmi/inst/encg/dout_reg[0]/CLR
  -------------------------------------------------------------------    -------------------

                         (clock clk_out1_clk_wiz_0 rise edge)
                                                      0.000     0.000 r  
    H16                                               0.000     0.000 r  clk (IN)
                         net (fo=0)                   0.000     0.000    clk_wiz/inst/clk_in1
    H16                  IBUF (Prop_ibuf_I_O)         1.387     1.387 r  clk_wiz/inst/clkin1_ibufg/O
                         net (fo=1, routed)           1.162     2.549    clk_wiz/inst/clk_in1_clk_wiz_0
    MMCME2_ADV_X0Y1      MMCME2_ADV (Prop_mmcme2_adv_CLKIN1_CLKOUT0)
                                                     -7.105    -4.556 r  clk_wiz/inst/mmcm_adv_inst/CLKOUT0
                         net (fo=1, routed)           1.599    -2.957    clk_wiz/inst/clk_out1_clk_wiz_0
    BUFGCTRL_X0Y16       BUFG (Prop_bufg_I_O)         0.091    -2.866 r  clk_wiz/inst/clkout1_buf/O
                         net (fo=196, routed)         1.579    -1.287    vga_to_hdmi/inst/encg/pix_clk
    SLICE_X42Y5          FDCE                                         r  vga_to_hdmi/inst/encg/dout_reg[0]/C

Slack:                    inf
  Source:                 rst
                            (input port)
  Destination:            vga_to_hdmi/inst/encg/dout_reg[1]/CLR
                            (recovery check against rising-edge clock clk_out1_clk_wiz_0  {rise@0.000ns fall@20.000ns period=40.000ns})
  Path Group:             (none)
  Path Type:              Recovery (Max at Slow Process Corner)
  Data Path Delay:        5.042ns  (logic 1.597ns (31.674%)  route 3.445ns (68.326%))
  Logic Levels:           2  (IBUF=1 LUT2=1)
  Clock Path Skew:        -1.287ns (DCD - SCD + CPR)
    Destination Clock Delay (DCD):    -1.287ns
    Source Clock Delay      (SCD):    0.000ns
    Clock Pessimism Removal (CPR):    0.000ns
  Clock Uncertainty:      0.190ns  ((TSJ^2 + DJ^2)^1/2) / 2 + PE
    Total System Jitter     (TSJ):    0.050ns
    Discrete Jitter          (DJ):    0.175ns
    Phase Error              (PE):    0.099ns

    Location             Delay type                Incr(ns)  Path(ns)    Netlist Resource(s)
  -------------------------------------------------------------------    -------------------
    R17                                               0.000     0.000 f  rst (IN)
                         net (fo=0)                   0.000     0.000    rst
    R17                  IBUF (Prop_ibuf_I_O)         1.447     1.447 f  rst_IBUF_inst/O
                         net (fo=4, routed)           1.407     2.853    vga_to_hdmi/inst/encr/rst
    SLICE_X42Y15         LUT2 (Prop_lut2_I0_O)        0.150     3.003 f  vga_to_hdmi/inst/encr/oserdes_m_i_1/O
                         net (fo=50, routed)          2.038     5.042    vga_to_hdmi/inst/encg/AR[0]
    SLICE_X42Y5          FDCE                                         f  vga_to_hdmi/inst/encg/dout_reg[1]/CLR
  -------------------------------------------------------------------    -------------------

                         (clock clk_out1_clk_wiz_0 rise edge)
                                                      0.000     0.000 r  
    H16                                               0.000     0.000 r  clk (IN)
                         net (fo=0)                   0.000     0.000    clk_wiz/inst/clk_in1
    H16                  IBUF (Prop_ibuf_I_O)         1.387     1.387 r  clk_wiz/inst/clkin1_ibufg/O
                         net (fo=1, routed)           1.162     2.549    clk_wiz/inst/clk_in1_clk_wiz_0
    MMCME2_ADV_X0Y1      MMCME2_ADV (Prop_mmcme2_adv_CLKIN1_CLKOUT0)
                                                     -7.105    -4.556 r  clk_wiz/inst/mmcm_adv_inst/CLKOUT0
                         net (fo=1, routed)           1.599    -2.957    clk_wiz/inst/clk_out1_clk_wiz_0
    BUFGCTRL_X0Y16       BUFG (Prop_bufg_I_O)         0.091    -2.866 r  clk_wiz/inst/clkout1_buf/O
                         net (fo=196, routed)         1.579    -1.287    vga_to_hdmi/inst/encg/pix_clk
    SLICE_X42Y5          FDCE                                         r  vga_to_hdmi/inst/encg/dout_reg[1]/C

Slack:                    inf
  Source:                 rst
                            (input port)
  Destination:            vga_to_hdmi/inst/encg/dout_reg[2]/CLR
                            (recovery check against rising-edge clock clk_out1_clk_wiz_0  {rise@0.000ns fall@20.000ns period=40.000ns})
  Path Group:             (none)
  Path Type:              Recovery (Max at Slow Process Corner)
  Data Path Delay:        5.042ns  (logic 1.597ns (31.674%)  route 3.445ns (68.326%))
  Logic Levels:           2  (IBUF=1 LUT2=1)
  Clock Path Skew:        -1.287ns (DCD - SCD + CPR)
    Destination Clock Delay (DCD):    -1.287ns
    Source Clock Delay      (SCD):    0.000ns
    Clock Pessimism Removal (CPR):    0.000ns
  Clock Uncertainty:      0.190ns  ((TSJ^2 + DJ^2)^1/2) / 2 + PE
    Total System Jitter     (TSJ):    0.050ns
    Discrete Jitter          (DJ):    0.175ns
    Phase Error              (PE):    0.099ns

    Location             Delay type                Incr(ns)  Path(ns)    Netlist Resource(s)
  -------------------------------------------------------------------    -------------------
    R17                                               0.000     0.000 f  rst (IN)
                         net (fo=0)                   0.000     0.000    rst
    R17                  IBUF (Prop_ibuf_I_O)         1.447     1.447 f  rst_IBUF_inst/O
                         net (fo=4, routed)           1.407     2.853    vga_to_hdmi/inst/encr/rst
    SLICE_X42Y15         LUT2 (Prop_lut2_I0_O)        0.150     3.003 f  vga_to_hdmi/inst/encr/oserdes_m_i_1/O
                         net (fo=50, routed)          2.038     5.042    vga_to_hdmi/inst/encg/AR[0]
    SLICE_X42Y5          FDCE                                         f  vga_to_hdmi/inst/encg/dout_reg[2]/CLR
  -------------------------------------------------------------------    -------------------

                         (clock clk_out1_clk_wiz_0 rise edge)
                                                      0.000     0.000 r  
    H16                                               0.000     0.000 r  clk (IN)
                         net (fo=0)                   0.000     0.000    clk_wiz/inst/clk_in1
    H16                  IBUF (Prop_ibuf_I_O)         1.387     1.387 r  clk_wiz/inst/clkin1_ibufg/O
                         net (fo=1, routed)           1.162     2.549    clk_wiz/inst/clk_in1_clk_wiz_0
    MMCME2_ADV_X0Y1      MMCME2_ADV (Prop_mmcme2_adv_CLKIN1_CLKOUT0)
                                                     -7.105    -4.556 r  clk_wiz/inst/mmcm_adv_inst/CLKOUT0
                         net (fo=1, routed)           1.599    -2.957    clk_wiz/inst/clk_out1_clk_wiz_0
    BUFGCTRL_X0Y16       BUFG (Prop_bufg_I_O)         0.091    -2.866 r  clk_wiz/inst/clkout1_buf/O
                         net (fo=196, routed)         1.579    -1.287    vga_to_hdmi/inst/encg/pix_clk
    SLICE_X42Y5          FDCE                                         r  vga_to_hdmi/inst/encg/dout_reg[2]/C





Min Delay Paths
--------------------------------------------------------------------------------------
Slack:                    inf
  Source:                 rst
                            (input port)
  Destination:            vga/horizontal_counter/val_reg[2]/R
                            (rising edge-triggered cell FDRE clocked by clk_out1_clk_wiz_0  {rise@0.000ns fall@20.000ns period=40.000ns})
  Path Group:             (none)
  Path Type:              Hold (Min at Fast Process Corner)
  Data Path Delay:        0.891ns  (logic 0.260ns (29.175%)  route 0.631ns (70.825%))
  Logic Levels:           2  (IBUF=1 LUT3=1)
  Clock Path Skew:        -0.738ns (DCD - SCD - CPR)
    Destination Clock Delay (DCD):    -0.738ns
    Source Clock Delay      (SCD):    0.000ns
    Clock Pessimism Removal (CPR):    -0.000ns

    Location             Delay type                Incr(ns)  Path(ns)    Netlist Resource(s)
  -------------------------------------------------------------------    -------------------
    R17                                               0.000     0.000 r  rst (IN)
                         net (fo=0)                   0.000     0.000    rst
    R17                  IBUF (Prop_ibuf_I_O)         0.215     0.215 r  rst_IBUF_inst/O
                         net (fo=4, routed)           0.376     0.591    vga/horizontal_counter/rst
    SLICE_X42Y13         LUT3 (Prop_lut3_I1_O)        0.045     0.636 r  vga/horizontal_counter/val[9]_i_1/O
                         net (fo=10, routed)          0.255     0.891    vga/horizontal_counter/val[9]_i_1_n_0
    SLICE_X40Y12         FDRE                                         r  vga/horizontal_counter/val_reg[2]/R
  -------------------------------------------------------------------    -------------------

                         (clock clk_out1_clk_wiz_0 rise edge)
                                                      0.000     0.000 r  
    H16                                               0.000     0.000 r  clk (IN)
                         net (fo=0)                   0.000     0.000    clk_wiz/inst/clk_in1
    H16                  IBUF (Prop_ibuf_I_O)         0.413     0.413 r  clk_wiz/inst/clkin1_ibufg/O
                         net (fo=1, routed)           0.480     0.893    clk_wiz/inst/clk_in1_clk_wiz_0
    MMCME2_ADV_X0Y1      MMCME2_ADV (Prop_mmcme2_adv_CLKIN1_CLKOUT0)
                                                     -3.047    -2.154 r  clk_wiz/inst/mmcm_adv_inst/CLKOUT0
                         net (fo=1, routed)           0.528    -1.626    clk_wiz/inst/clk_out1_clk_wiz_0
    BUFGCTRL_X0Y16       BUFG (Prop_bufg_I_O)         0.029    -1.597 r  clk_wiz/inst/clkout1_buf/O
                         net (fo=196, routed)         0.859    -0.738    vga/horizontal_counter/CLK
    SLICE_X40Y12         FDRE                                         r  vga/horizontal_counter/val_reg[2]/C

Slack:                    inf
  Source:                 rst
                            (input port)
  Destination:            vga/horizontal_counter/val_reg[3]/R
                            (rising edge-triggered cell FDRE clocked by clk_out1_clk_wiz_0  {rise@0.000ns fall@20.000ns period=40.000ns})
  Path Group:             (none)
  Path Type:              Hold (Min at Fast Process Corner)
  Data Path Delay:        0.891ns  (logic 0.260ns (29.175%)  route 0.631ns (70.825%))
  Logic Levels:           2  (IBUF=1 LUT3=1)
  Clock Path Skew:        -0.738ns (DCD - SCD - CPR)
    Destination Clock Delay (DCD):    -0.738ns
    Source Clock Delay      (SCD):    0.000ns
    Clock Pessimism Removal (CPR):    -0.000ns

    Location             Delay type                Incr(ns)  Path(ns)    Netlist Resource(s)
  -------------------------------------------------------------------    -------------------
    R17                                               0.000     0.000 r  rst (IN)
                         net (fo=0)                   0.000     0.000    rst
    R17                  IBUF (Prop_ibuf_I_O)         0.215     0.215 r  rst_IBUF_inst/O
                         net (fo=4, routed)           0.376     0.591    vga/horizontal_counter/rst
    SLICE_X42Y13         LUT3 (Prop_lut3_I1_O)        0.045     0.636 r  vga/horizontal_counter/val[9]_i_1/O
                         net (fo=10, routed)          0.255     0.891    vga/horizontal_counter/val[9]_i_1_n_0
    SLICE_X40Y12         FDRE                                         r  vga/horizontal_counter/val_reg[3]/R
  -------------------------------------------------------------------    -------------------

                         (clock clk_out1_clk_wiz_0 rise edge)
                                                      0.000     0.000 r  
    H16                                               0.000     0.000 r  clk (IN)
                         net (fo=0)                   0.000     0.000    clk_wiz/inst/clk_in1
    H16                  IBUF (Prop_ibuf_I_O)         0.413     0.413 r  clk_wiz/inst/clkin1_ibufg/O
                         net (fo=1, routed)           0.480     0.893    clk_wiz/inst/clk_in1_clk_wiz_0
    MMCME2_ADV_X0Y1      MMCME2_ADV (Prop_mmcme2_adv_CLKIN1_CLKOUT0)
                                                     -3.047    -2.154 r  clk_wiz/inst/mmcm_adv_inst/CLKOUT0
                         net (fo=1, routed)           0.528    -1.626    clk_wiz/inst/clk_out1_clk_wiz_0
    BUFGCTRL_X0Y16       BUFG (Prop_bufg_I_O)         0.029    -1.597 r  clk_wiz/inst/clkout1_buf/O
                         net (fo=196, routed)         0.859    -0.738    vga/horizontal_counter/CLK
    SLICE_X40Y12         FDRE                                         r  vga/horizontal_counter/val_reg[3]/C

Slack:                    inf
  Source:                 rst
                            (input port)
  Destination:            vga/horizontal_counter/val_reg[4]/R
                            (rising edge-triggered cell FDRE clocked by clk_out1_clk_wiz_0  {rise@0.000ns fall@20.000ns period=40.000ns})
  Path Group:             (none)
  Path Type:              Hold (Min at Fast Process Corner)
  Data Path Delay:        0.891ns  (logic 0.260ns (29.175%)  route 0.631ns (70.825%))
  Logic Levels:           2  (IBUF=1 LUT3=1)
  Clock Path Skew:        -0.738ns (DCD - SCD - CPR)
    Destination Clock Delay (DCD):    -0.738ns
    Source Clock Delay      (SCD):    0.000ns
    Clock Pessimism Removal (CPR):    -0.000ns

    Location             Delay type                Incr(ns)  Path(ns)    Netlist Resource(s)
  -------------------------------------------------------------------    -------------------
    R17                                               0.000     0.000 r  rst (IN)
                         net (fo=0)                   0.000     0.000    rst
    R17                  IBUF (Prop_ibuf_I_O)         0.215     0.215 r  rst_IBUF_inst/O
                         net (fo=4, routed)           0.376     0.591    vga/horizontal_counter/rst
    SLICE_X42Y13         LUT3 (Prop_lut3_I1_O)        0.045     0.636 r  vga/horizontal_counter/val[9]_i_1/O
                         net (fo=10, routed)          0.255     0.891    vga/horizontal_counter/val[9]_i_1_n_0
    SLICE_X40Y12         FDRE                                         r  vga/horizontal_counter/val_reg[4]/R
  -------------------------------------------------------------------    -------------------

                         (clock clk_out1_clk_wiz_0 rise edge)
                                                      0.000     0.000 r  
    H16                                               0.000     0.000 r  clk (IN)
                         net (fo=0)                   0.000     0.000    clk_wiz/inst/clk_in1
    H16                  IBUF (Prop_ibuf_I_O)         0.413     0.413 r  clk_wiz/inst/clkin1_ibufg/O
                         net (fo=1, routed)           0.480     0.893    clk_wiz/inst/clk_in1_clk_wiz_0
    MMCME2_ADV_X0Y1      MMCME2_ADV (Prop_mmcme2_adv_CLKIN1_CLKOUT0)
                                                     -3.047    -2.154 r  clk_wiz/inst/mmcm_adv_inst/CLKOUT0
                         net (fo=1, routed)           0.528    -1.626    clk_wiz/inst/clk_out1_clk_wiz_0
    BUFGCTRL_X0Y16       BUFG (Prop_bufg_I_O)         0.029    -1.597 r  clk_wiz/inst/clkout1_buf/O
                         net (fo=196, routed)         0.859    -0.738    vga/horizontal_counter/CLK
    SLICE_X40Y12         FDRE                                         r  vga/horizontal_counter/val_reg[4]/C

Slack:                    inf
  Source:                 rst
                            (input port)
  Destination:            vga/horizontal_counter/val_reg[5]/R
                            (rising edge-triggered cell FDRE clocked by clk_out1_clk_wiz_0  {rise@0.000ns fall@20.000ns period=40.000ns})
  Path Group:             (none)
  Path Type:              Hold (Min at Fast Process Corner)
  Data Path Delay:        0.891ns  (logic 0.260ns (29.175%)  route 0.631ns (70.825%))
  Logic Levels:           2  (IBUF=1 LUT3=1)
  Clock Path Skew:        -0.738ns (DCD - SCD - CPR)
    Destination Clock Delay (DCD):    -0.738ns
    Source Clock Delay      (SCD):    0.000ns
    Clock Pessimism Removal (CPR):    -0.000ns

    Location             Delay type                Incr(ns)  Path(ns)    Netlist Resource(s)
  -------------------------------------------------------------------    -------------------
    R17                                               0.000     0.000 r  rst (IN)
                         net (fo=0)                   0.000     0.000    rst
    R17                  IBUF (Prop_ibuf_I_O)         0.215     0.215 r  rst_IBUF_inst/O
                         net (fo=4, routed)           0.376     0.591    vga/horizontal_counter/rst
    SLICE_X42Y13         LUT3 (Prop_lut3_I1_O)        0.045     0.636 r  vga/horizontal_counter/val[9]_i_1/O
                         net (fo=10, routed)          0.255     0.891    vga/horizontal_counter/val[9]_i_1_n_0
    SLICE_X40Y12         FDRE                                         r  vga/horizontal_counter/val_reg[5]/R
  -------------------------------------------------------------------    -------------------

                         (clock clk_out1_clk_wiz_0 rise edge)
                                                      0.000     0.000 r  
    H16                                               0.000     0.000 r  clk (IN)
                         net (fo=0)                   0.000     0.000    clk_wiz/inst/clk_in1
    H16                  IBUF (Prop_ibuf_I_O)         0.413     0.413 r  clk_wiz/inst/clkin1_ibufg/O
                         net (fo=1, routed)           0.480     0.893    clk_wiz/inst/clk_in1_clk_wiz_0
    MMCME2_ADV_X0Y1      MMCME2_ADV (Prop_mmcme2_adv_CLKIN1_CLKOUT0)
                                                     -3.047    -2.154 r  clk_wiz/inst/mmcm_adv_inst/CLKOUT0
                         net (fo=1, routed)           0.528    -1.626    clk_wiz/inst/clk_out1_clk_wiz_0
    BUFGCTRL_X0Y16       BUFG (Prop_bufg_I_O)         0.029    -1.597 r  clk_wiz/inst/clkout1_buf/O
                         net (fo=196, routed)         0.859    -0.738    vga/horizontal_counter/CLK
    SLICE_X40Y12         FDRE                                         r  vga/horizontal_counter/val_reg[5]/C

Slack:                    inf
  Source:                 rst
                            (input port)
  Destination:            vga/horizontal_counter/val_reg[7]/R
                            (rising edge-triggered cell FDRE clocked by clk_out1_clk_wiz_0  {rise@0.000ns fall@20.000ns period=40.000ns})
  Path Group:             (none)
  Path Type:              Hold (Min at Fast Process Corner)
  Data Path Delay:        0.896ns  (logic 0.260ns (29.037%)  route 0.636ns (70.963%))
  Logic Levels:           2  (IBUF=1 LUT3=1)
  Clock Path Skew:        -0.739ns (DCD - SCD - CPR)
    Destination Clock Delay (DCD):    -0.739ns
    Source Clock Delay      (SCD):    0.000ns
    Clock Pessimism Removal (CPR):    -0.000ns

    Location             Delay type                Incr(ns)  Path(ns)    Netlist Resource(s)
  -------------------------------------------------------------------    -------------------
    R17                                               0.000     0.000 r  rst (IN)
                         net (fo=0)                   0.000     0.000    rst
    R17                  IBUF (Prop_ibuf_I_O)         0.215     0.215 r  rst_IBUF_inst/O
                         net (fo=4, routed)           0.376     0.591    vga/horizontal_counter/rst
    SLICE_X42Y13         LUT3 (Prop_lut3_I1_O)        0.045     0.636 r  vga/horizontal_counter/val[9]_i_1/O
                         net (fo=10, routed)          0.259     0.896    vga/horizontal_counter/val[9]_i_1_n_0
    SLICE_X41Y13         FDRE                                         r  vga/horizontal_counter/val_reg[7]/R
  -------------------------------------------------------------------    -------------------

                         (clock clk_out1_clk_wiz_0 rise edge)
                                                      0.000     0.000 r  
    H16                                               0.000     0.000 r  clk (IN)
                         net (fo=0)                   0.000     0.000    clk_wiz/inst/clk_in1
    H16                  IBUF (Prop_ibuf_I_O)         0.413     0.413 r  clk_wiz/inst/clkin1_ibufg/O
                         net (fo=1, routed)           0.480     0.893    clk_wiz/inst/clk_in1_clk_wiz_0
    MMCME2_ADV_X0Y1      MMCME2_ADV (Prop_mmcme2_adv_CLKIN1_CLKOUT0)
                                                     -3.047    -2.154 r  clk_wiz/inst/mmcm_adv_inst/CLKOUT0
                         net (fo=1, routed)           0.528    -1.626    clk_wiz/inst/clk_out1_clk_wiz_0
    BUFGCTRL_X0Y16       BUFG (Prop_bufg_I_O)         0.029    -1.597 r  clk_wiz/inst/clkout1_buf/O
                         net (fo=196, routed)         0.858    -0.739    vga/horizontal_counter/CLK
    SLICE_X41Y13         FDRE                                         r  vga/horizontal_counter/val_reg[7]/C

Slack:                    inf
  Source:                 rst
                            (input port)
  Destination:            vga/horizontal_counter/val_reg[8]/R
                            (rising edge-triggered cell FDRE clocked by clk_out1_clk_wiz_0  {rise@0.000ns fall@20.000ns period=40.000ns})
  Path Group:             (none)
  Path Type:              Hold (Min at Fast Process Corner)
  Data Path Delay:        0.896ns  (logic 0.260ns (29.037%)  route 0.636ns (70.963%))
  Logic Levels:           2  (IBUF=1 LUT3=1)
  Clock Path Skew:        -0.739ns (DCD - SCD - CPR)
    Destination Clock Delay (DCD):    -0.739ns
    Source Clock Delay      (SCD):    0.000ns
    Clock Pessimism Removal (CPR):    -0.000ns

    Location             Delay type                Incr(ns)  Path(ns)    Netlist Resource(s)
  -------------------------------------------------------------------    -------------------
    R17                                               0.000     0.000 r  rst (IN)
                         net (fo=0)                   0.000     0.000    rst
    R17                  IBUF (Prop_ibuf_I_O)         0.215     0.215 r  rst_IBUF_inst/O
                         net (fo=4, routed)           0.376     0.591    vga/horizontal_counter/rst
    SLICE_X42Y13         LUT3 (Prop_lut3_I1_O)        0.045     0.636 r  vga/horizontal_counter/val[9]_i_1/O
                         net (fo=10, routed)          0.259     0.896    vga/horizontal_counter/val[9]_i_1_n_0
    SLICE_X41Y13         FDRE                                         r  vga/horizontal_counter/val_reg[8]/R
  -------------------------------------------------------------------    -------------------

                         (clock clk_out1_clk_wiz_0 rise edge)
                                                      0.000     0.000 r  
    H16                                               0.000     0.000 r  clk (IN)
                         net (fo=0)                   0.000     0.000    clk_wiz/inst/clk_in1
    H16                  IBUF (Prop_ibuf_I_O)         0.413     0.413 r  clk_wiz/inst/clkin1_ibufg/O
                         net (fo=1, routed)           0.480     0.893    clk_wiz/inst/clk_in1_clk_wiz_0
    MMCME2_ADV_X0Y1      MMCME2_ADV (Prop_mmcme2_adv_CLKIN1_CLKOUT0)
                                                     -3.047    -2.154 r  clk_wiz/inst/mmcm_adv_inst/CLKOUT0
                         net (fo=1, routed)           0.528    -1.626    clk_wiz/inst/clk_out1_clk_wiz_0
    BUFGCTRL_X0Y16       BUFG (Prop_bufg_I_O)         0.029    -1.597 r  clk_wiz/inst/clkout1_buf/O
                         net (fo=196, routed)         0.858    -0.739    vga/horizontal_counter/CLK
    SLICE_X41Y13         FDRE                                         r  vga/horizontal_counter/val_reg[8]/C

Slack:                    inf
  Source:                 rst
                            (input port)
  Destination:            vga/horizontal_counter/val_reg[9]/R
                            (rising edge-triggered cell FDRE clocked by clk_out1_clk_wiz_0  {rise@0.000ns fall@20.000ns period=40.000ns})
  Path Group:             (none)
  Path Type:              Hold (Min at Fast Process Corner)
  Data Path Delay:        0.896ns  (logic 0.260ns (29.037%)  route 0.636ns (70.963%))
  Logic Levels:           2  (IBUF=1 LUT3=1)
  Clock Path Skew:        -0.739ns (DCD - SCD - CPR)
    Destination Clock Delay (DCD):    -0.739ns
    Source Clock Delay      (SCD):    0.000ns
    Clock Pessimism Removal (CPR):    -0.000ns

    Location             Delay type                Incr(ns)  Path(ns)    Netlist Resource(s)
  -------------------------------------------------------------------    -------------------
    R17                                               0.000     0.000 r  rst (IN)
                         net (fo=0)                   0.000     0.000    rst
    R17                  IBUF (Prop_ibuf_I_O)         0.215     0.215 r  rst_IBUF_inst/O
                         net (fo=4, routed)           0.376     0.591    vga/horizontal_counter/rst
    SLICE_X42Y13         LUT3 (Prop_lut3_I1_O)        0.045     0.636 r  vga/horizontal_counter/val[9]_i_1/O
                         net (fo=10, routed)          0.259     0.896    vga/horizontal_counter/val[9]_i_1_n_0
    SLICE_X41Y13         FDRE                                         r  vga/horizontal_counter/val_reg[9]/R
  -------------------------------------------------------------------    -------------------

                         (clock clk_out1_clk_wiz_0 rise edge)
                                                      0.000     0.000 r  
    H16                                               0.000     0.000 r  clk (IN)
                         net (fo=0)                   0.000     0.000    clk_wiz/inst/clk_in1
    H16                  IBUF (Prop_ibuf_I_O)         0.413     0.413 r  clk_wiz/inst/clkin1_ibufg/O
                         net (fo=1, routed)           0.480     0.893    clk_wiz/inst/clk_in1_clk_wiz_0
    MMCME2_ADV_X0Y1      MMCME2_ADV (Prop_mmcme2_adv_CLKIN1_CLKOUT0)
                                                     -3.047    -2.154 r  clk_wiz/inst/mmcm_adv_inst/CLKOUT0
                         net (fo=1, routed)           0.528    -1.626    clk_wiz/inst/clk_out1_clk_wiz_0
    BUFGCTRL_X0Y16       BUFG (Prop_bufg_I_O)         0.029    -1.597 r  clk_wiz/inst/clkout1_buf/O
                         net (fo=196, routed)         0.858    -0.739    vga/horizontal_counter/CLK
    SLICE_X41Y13         FDRE                                         r  vga/horizontal_counter/val_reg[9]/C

Slack:                    inf
  Source:                 rst
                            (input port)
  Destination:            vga/horizontal_counter/val_reg[0]/R
                            (rising edge-triggered cell FDRE clocked by clk_out1_clk_wiz_0  {rise@0.000ns fall@20.000ns period=40.000ns})
  Path Group:             (none)
  Path Type:              Hold (Min at Fast Process Corner)
  Data Path Delay:        0.900ns  (logic 0.260ns (28.896%)  route 0.640ns (71.104%))
  Logic Levels:           2  (IBUF=1 LUT3=1)
  Clock Path Skew:        -0.739ns (DCD - SCD - CPR)
    Destination Clock Delay (DCD):    -0.739ns
    Source Clock Delay      (SCD):    0.000ns
    Clock Pessimism Removal (CPR):    -0.000ns

    Location             Delay type                Incr(ns)  Path(ns)    Netlist Resource(s)
  -------------------------------------------------------------------    -------------------
    R17                                               0.000     0.000 r  rst (IN)
                         net (fo=0)                   0.000     0.000    rst
    R17                  IBUF (Prop_ibuf_I_O)         0.215     0.215 r  rst_IBUF_inst/O
                         net (fo=4, routed)           0.376     0.591    vga/horizontal_counter/rst
    SLICE_X42Y13         LUT3 (Prop_lut3_I1_O)        0.045     0.636 r  vga/horizontal_counter/val[9]_i_1/O
                         net (fo=10, routed)          0.263     0.900    vga/horizontal_counter/val[9]_i_1_n_0
    SLICE_X40Y13         FDRE                                         r  vga/horizontal_counter/val_reg[0]/R
  -------------------------------------------------------------------    -------------------

                         (clock clk_out1_clk_wiz_0 rise edge)
                                                      0.000     0.000 r  
    H16                                               0.000     0.000 r  clk (IN)
                         net (fo=0)                   0.000     0.000    clk_wiz/inst/clk_in1
    H16                  IBUF (Prop_ibuf_I_O)         0.413     0.413 r  clk_wiz/inst/clkin1_ibufg/O
                         net (fo=1, routed)           0.480     0.893    clk_wiz/inst/clk_in1_clk_wiz_0
    MMCME2_ADV_X0Y1      MMCME2_ADV (Prop_mmcme2_adv_CLKIN1_CLKOUT0)
                                                     -3.047    -2.154 r  clk_wiz/inst/mmcm_adv_inst/CLKOUT0
                         net (fo=1, routed)           0.528    -1.626    clk_wiz/inst/clk_out1_clk_wiz_0
    BUFGCTRL_X0Y16       BUFG (Prop_bufg_I_O)         0.029    -1.597 r  clk_wiz/inst/clkout1_buf/O
                         net (fo=196, routed)         0.858    -0.739    vga/horizontal_counter/CLK
    SLICE_X40Y13         FDRE                                         r  vga/horizontal_counter/val_reg[0]/C

Slack:                    inf
  Source:                 rst
                            (input port)
  Destination:            vga/horizontal_counter/val_reg[1]/R
                            (rising edge-triggered cell FDRE clocked by clk_out1_clk_wiz_0  {rise@0.000ns fall@20.000ns period=40.000ns})
  Path Group:             (none)
  Path Type:              Hold (Min at Fast Process Corner)
  Data Path Delay:        0.900ns  (logic 0.260ns (28.896%)  route 0.640ns (71.104%))
  Logic Levels:           2  (IBUF=1 LUT3=1)
  Clock Path Skew:        -0.739ns (DCD - SCD - CPR)
    Destination Clock Delay (DCD):    -0.739ns
    Source Clock Delay      (SCD):    0.000ns
    Clock Pessimism Removal (CPR):    -0.000ns

    Location             Delay type                Incr(ns)  Path(ns)    Netlist Resource(s)
  -------------------------------------------------------------------    -------------------
    R17                                               0.000     0.000 r  rst (IN)
                         net (fo=0)                   0.000     0.000    rst
    R17                  IBUF (Prop_ibuf_I_O)         0.215     0.215 r  rst_IBUF_inst/O
                         net (fo=4, routed)           0.376     0.591    vga/horizontal_counter/rst
    SLICE_X42Y13         LUT3 (Prop_lut3_I1_O)        0.045     0.636 r  vga/horizontal_counter/val[9]_i_1/O
                         net (fo=10, routed)          0.263     0.900    vga/horizontal_counter/val[9]_i_1_n_0
    SLICE_X40Y13         FDRE                                         r  vga/horizontal_counter/val_reg[1]/R
  -------------------------------------------------------------------    -------------------

                         (clock clk_out1_clk_wiz_0 rise edge)
                                                      0.000     0.000 r  
    H16                                               0.000     0.000 r  clk (IN)
                         net (fo=0)                   0.000     0.000    clk_wiz/inst/clk_in1
    H16                  IBUF (Prop_ibuf_I_O)         0.413     0.413 r  clk_wiz/inst/clkin1_ibufg/O
                         net (fo=1, routed)           0.480     0.893    clk_wiz/inst/clk_in1_clk_wiz_0
    MMCME2_ADV_X0Y1      MMCME2_ADV (Prop_mmcme2_adv_CLKIN1_CLKOUT0)
                                                     -3.047    -2.154 r  clk_wiz/inst/mmcm_adv_inst/CLKOUT0
                         net (fo=1, routed)           0.528    -1.626    clk_wiz/inst/clk_out1_clk_wiz_0
    BUFGCTRL_X0Y16       BUFG (Prop_bufg_I_O)         0.029    -1.597 r  clk_wiz/inst/clkout1_buf/O
                         net (fo=196, routed)         0.858    -0.739    vga/horizontal_counter/CLK
    SLICE_X40Y13         FDRE                                         r  vga/horizontal_counter/val_reg[1]/C

Slack:                    inf
  Source:                 rst
                            (input port)
  Destination:            vga/horizontal_counter/val_reg[6]/R
                            (rising edge-triggered cell FDRE clocked by clk_out1_clk_wiz_0  {rise@0.000ns fall@20.000ns period=40.000ns})
  Path Group:             (none)
  Path Type:              Hold (Min at Fast Process Corner)
  Data Path Delay:        0.900ns  (logic 0.260ns (28.896%)  route 0.640ns (71.104%))
  Logic Levels:           2  (IBUF=1 LUT3=1)
  Clock Path Skew:        -0.739ns (DCD - SCD - CPR)
    Destination Clock Delay (DCD):    -0.739ns
    Source Clock Delay      (SCD):    0.000ns
    Clock Pessimism Removal (CPR):    -0.000ns

    Location             Delay type                Incr(ns)  Path(ns)    Netlist Resource(s)
  -------------------------------------------------------------------    -------------------
    R17                                               0.000     0.000 r  rst (IN)
                         net (fo=0)                   0.000     0.000    rst
    R17                  IBUF (Prop_ibuf_I_O)         0.215     0.215 r  rst_IBUF_inst/O
                         net (fo=4, routed)           0.376     0.591    vga/horizontal_counter/rst
    SLICE_X42Y13         LUT3 (Prop_lut3_I1_O)        0.045     0.636 r  vga/horizontal_counter/val[9]_i_1/O
                         net (fo=10, routed)          0.263     0.900    vga/horizontal_counter/val[9]_i_1_n_0
    SLICE_X40Y13         FDRE                                         r  vga/horizontal_counter/val_reg[6]/R
  -------------------------------------------------------------------    -------------------

                         (clock clk_out1_clk_wiz_0 rise edge)
                                                      0.000     0.000 r  
    H16                                               0.000     0.000 r  clk (IN)
                         net (fo=0)                   0.000     0.000    clk_wiz/inst/clk_in1
    H16                  IBUF (Prop_ibuf_I_O)         0.413     0.413 r  clk_wiz/inst/clkin1_ibufg/O
                         net (fo=1, routed)           0.480     0.893    clk_wiz/inst/clk_in1_clk_wiz_0
    MMCME2_ADV_X0Y1      MMCME2_ADV (Prop_mmcme2_adv_CLKIN1_CLKOUT0)
                                                     -3.047    -2.154 r  clk_wiz/inst/mmcm_adv_inst/CLKOUT0
                         net (fo=1, routed)           0.528    -1.626    clk_wiz/inst/clk_out1_clk_wiz_0
    BUFGCTRL_X0Y16       BUFG (Prop_bufg_I_O)         0.029    -1.597 r  clk_wiz/inst/clkout1_buf/O
                         net (fo=196, routed)         0.858    -0.739    vga/horizontal_counter/CLK
    SLICE_X40Y13         FDRE                                         r  vga/horizontal_counter/val_reg[6]/C





