Copyright 1986-2022 Xilinx, Inc. All Rights Reserved. Copyright 2022-2025 Advanced Micro Devices, Inc. All Rights Reserved.
---------------------------------------------------------------------------------------------------------------------------------------------------------------------------------------------------------------------------------------------
| Tool Version : Vivado v.2025.2 (lin64) Build 6299465 Fri Nov 14 12:34:56 MST 2025
| Date         : Wed Sep 23 14:37:06 2026
| Host         : Tyrion running 64-bit Ubuntu 26.04.1 LTS
| Command      : report_timing_summary -max_paths 10 -routable_nets -report_unconstrained -file vga_wrapper_timing_summary_routed.rpt -pb vga_wrapper_timing_summary_routed.pb -rpx vga_wrapper_timing_summary_routed.rpx -warn_on_violation
| Design       : vga_wrapper
| Device       : 7z007s-clg400
| Speed File   : -1  PRODUCTION 1.12 2019-11-22
| Design State : Routed
---------------------------------------------------------------------------------------------------------------------------------------------------------------------------------------------------------------------------------------------

Timing Summary Report

------------------------------------------------------------------------------------------------
| Timer Settings
| --------------
------------------------------------------------------------------------------------------------

  Enable Multi Corner Analysis               :  Yes
  Enable Pessimism Removal                   :  Yes
  Pessimism Removal Resolution               :  Nearest Common Node
  Enable Input Delay Default Clock           :  No
  Enable Preset / Clear Arcs                 :  No
  Disable Flight Delays                      :  No
  Ignore I/O Paths                           :  No
  Timing Early Launch at Borrowing Latches   :  No
  Borrow Time for Max Delay Exceptions       :  Yes
  Merge Timing Exceptions                    :  Yes
  Inter-SLR Compensation                     :  Conservative

  Corner  Analyze    Analyze    
  Name    Max Paths  Min Paths  
  ------  ---------  ---------  
  Slow    Yes        Yes        
  Fast    Yes        Yes        


------------------------------------------------------------------------------------------------
| Report Methodology
| ------------------
------------------------------------------------------------------------------------------------

Rule     Severity  Description                   Violations  
-------  --------  ----------------------------  ----------  
LUTAR-1  Warning   LUT drives async reset alert  1           

Note: This report is based on the most recent report_methodology run and may not be up-to-date. Run report_methodology on the current design for the latest report.



check_timing report

Table of Contents
-----------------
1. checking no_clock (0)
2. checking constant_clock (0)
3. checking pulse_width_clock (0)
4. checking unconstrained_internal_endpoints (0)
5. checking no_input_delay (1)
6. checking no_output_delay (4)
7. checking multiple_clock (0)
8. checking generated_clocks (0)
9. checking loops (0)
10. checking partial_input_delay (0)
11. checking partial_output_delay (0)
12. checking latch_loops (0)

1. checking no_clock (0)
------------------------
 There are 0 register/latch pins with no clock.


2. checking constant_clock (0)
------------------------------
 There are 0 register/latch pins with constant_clock.


3. checking pulse_width_clock (0)
---------------------------------
 There are 0 register/latch pins which need pulse_width check


4. checking unconstrained_internal_endpoints (0)
------------------------------------------------
 There are 0 pins that are not constrained for maximum delay.

 There are 0 pins that are not constrained for maximum delay due to constant clock.


5. checking no_input_delay (1)
------------------------------
 There is 1 input port with no input delay specified. (HIGH)

 There are 0 input ports with no input delay but user has a false path constraint.


6. checking no_output_delay (4)
-------------------------------
 There are 4 ports with no output delay specified. (HIGH)

 There are 0 ports with no output delay but user has a false path constraint

 There are 0 ports with no output delay but with a timing clock defined on it or propagating through it


7. checking multiple_clock (0)
------------------------------
 There are 0 register/latch pins with multiple clocks.


8. checking generated_clocks (0)
--------------------------------
 There are 0 generated clocks that are not connected to a clock source.


9. checking loops (0)
---------------------
 There are 0 combinational loops in the design.


10. checking partial_input_delay (0)
------------------------------------
 There are 0 input ports with partial input delay specified.


11. checking partial_output_delay (0)
-------------------------------------
 There are 0 ports with partial output delay specified.


12. checking latch_loops (0)
----------------------------
 There are 0 combinational latch loops in the design through latch input



------------------------------------------------------------------------------------------------
| Design Timing Summary
| ---------------------
------------------------------------------------------------------------------------------------

    WNS(ns)      TNS(ns)  TNS Failing Endpoints  TNS Total Endpoints      WHS(ns)      THS(ns)  THS Failing Endpoints  THS Total Endpoints     WPWS(ns)     TPWS(ns)  TPWS Failing Endpoints  TPWS Total Endpoints  
    -------      -------  ---------------------  -------------------      -------      -------  ---------------------  -------------------     --------     --------  ----------------------  --------------------  
     35.069        0.000                      0                  204        0.140        0.000                      0                  204        3.000        0.000                       0                   202  


All user specified timing constraints are met.


------------------------------------------------------------------------------------------------
| Clock Summary
| -------------
------------------------------------------------------------------------------------------------

Clock                 Waveform(ns)         Period(ns)      Frequency(MHz)
-----                 ------------         ----------      --------------
clk                   {0.000 5.000}        10.000          100.000         
  clk_out1_clk_wiz_0  {0.000 20.000}       40.000          25.000          
  clk_out2_clk_wiz_0  {0.000 4.000}        8.000           125.000         
  clkfbout_clk_wiz_0  {0.000 5.000}        10.000          100.000         


------------------------------------------------------------------------------------------------
| Intra Clock Table
| -----------------
------------------------------------------------------------------------------------------------

Clock                     WNS(ns)      TNS(ns)  TNS Failing Endpoints  TNS Total Endpoints      WHS(ns)      THS(ns)  THS Failing Endpoints  THS Total Endpoints     WPWS(ns)     TPWS(ns)  TPWS Failing Endpoints  TPWS Total Endpoints  
-----                     -------      -------  ---------------------  -------------------      -------      -------  ---------------------  -------------------     --------     --------  ----------------------  --------------------  
clk                                                                                                                                                                     3.000        0.000                       0                     1  
  clk_out1_clk_wiz_0       35.069        0.000                      0                  204        0.140        0.000                      0                  204       19.020        0.000                       0                   188  
  clk_out2_clk_wiz_0                                                                                                                                                    5.845        0.000                       0                    10  
  clkfbout_clk_wiz_0                                                                                                                                                    7.845        0.000                       0                     3  


------------------------------------------------------------------------------------------------
| Inter Clock Table
| -----------------
------------------------------------------------------------------------------------------------

From Clock    To Clock          WNS(ns)      TNS(ns)  TNS Failing Endpoints  TNS Total Endpoints      WHS(ns)      THS(ns)  THS Failing Endpoints  THS Total Endpoints  
----------    --------          -------      -------  ---------------------  -------------------      -------      -------  ---------------------  -------------------  


------------------------------------------------------------------------------------------------
| Other Path Groups Table
| -----------------------
------------------------------------------------------------------------------------------------

Path Group    From Clock    To Clock          WNS(ns)      TNS(ns)  TNS Failing Endpoints  TNS Total Endpoints      WHS(ns)      THS(ns)  THS Failing Endpoints  THS Total Endpoints  
----------    ----------    --------          -------      -------  ---------------------  -------------------      -------      -------  ---------------------  -------------------  


------------------------------------------------------------------------------------------------
| User Ignored Path Table
| -----------------------
------------------------------------------------------------------------------------------------

Path Group    From Clock    To Clock    
----------    ----------    --------    


------------------------------------------------------------------------------------------------
| Unconstrained Path Table
| ------------------------
------------------------------------------------------------------------------------------------

Path Group          From Clock          To Clock          
----------          ----------          --------          
(none)              clk_out2_clk_wiz_0                      
(none)                                  clk_out1_clk_wiz_0  


------------------------------------------------------------------------------------------------
| Timing Details
| --------------
------------------------------------------------------------------------------------------------


---------------------------------------------------------------------------------------------------
From Clock:  clk
  To Clock:  clk

Setup :           NA  Failing Endpoints,  Worst Slack           NA  ,  Total Violation           NA
Hold  :           NA  Failing Endpoints,  Worst Slack           NA  ,  Total Violation           NA
PW    :            0  Failing Endpoints,  Worst Slack        3.000ns,  Total Violation        0.000ns
---------------------------------------------------------------------------------------------------


Pulse Width Checks
--------------------------------------------------------------------------------------
Clock Name:         clk
Waveform(ns):       { 0.000 5.000 }
Period(ns):         10.000
Sources:            { clk }

Check Type        Corner  Lib Pin            Reference Pin  Required(ns)  Actual(ns)  Slack(ns)  Location         Pin
Min Period        n/a     MMCME2_ADV/CLKIN1  n/a            1.249         10.000      8.751      MMCME2_ADV_X0Y1  clk_wiz/inst/mmcm_adv_inst/CLKIN1
Max Period        n/a     MMCME2_ADV/CLKIN1  n/a            100.000       10.000      90.000     MMCME2_ADV_X0Y1  clk_wiz/inst/mmcm_adv_inst/CLKIN1
Low Pulse Width   Slow    MMCME2_ADV/CLKIN1  n/a            2.000         5.000       3.000      MMCME2_ADV_X0Y1  clk_wiz/inst/mmcm_adv_inst/CLKIN1
Low Pulse Width   Fast    MMCME2_ADV/CLKIN1  n/a            2.000         5.000       3.000      MMCME2_ADV_X0Y1  clk_wiz/inst/mmcm_adv_inst/CLKIN1
High Pulse Width  Slow    MMCME2_ADV/CLKIN1  n/a            2.000         5.000       3.000      MMCME2_ADV_X0Y1  clk_wiz/inst/mmcm_adv_inst/CLKIN1
High Pulse Width  Fast    MMCME2_ADV/CLKIN1  n/a            2.000         5.000       3.000      MMCME2_ADV_X0Y1  clk_wiz/inst/mmcm_adv_inst/CLKIN1



---------------------------------------------------------------------------------------------------
From Clock:  clk_out1_clk_wiz_0
  To Clock:  clk_out1_clk_wiz_0

Setup :            0  Failing Endpoints,  Worst Slack       35.069ns,  Total Violation        0.000ns
Hold  :            0  Failing Endpoints,  Worst Slack        0.140ns,  Total Violation        0.000ns
PW    :            0  Failing Endpoints,  Worst Slack       19.020ns,  Total Violation        0.000ns
---------------------------------------------------------------------------------------------------


Max Delay Paths
--------------------------------------------------------------------------------------
Slack (MET) :             35.069ns  (required time - arrival time)
  Source:                 vga_to_hdmi/inst/srldly_0/srl[37].srl16_i/CLK
                            (rising edge-triggered cell SRL16E clocked by clk_out1_clk_wiz_0  {rise@0.000ns fall@20.000ns period=40.000ns})
  Destination:            vga_to_hdmi/inst/encb/n1d_reg[2]/D
                            (rising edge-triggered cell FDRE clocked by clk_out1_clk_wiz_0  {rise@0.000ns fall@20.000ns period=40.000ns})
  Path Group:             clk_out1_clk_wiz_0
  Path Type:              Setup (Max at Slow Process Corner)
  Requirement:            40.000ns  (clk_out1_clk_wiz_0 rise@40.000ns - clk_out1_clk_wiz_0 rise@0.000ns)
  Data Path Delay:        4.843ns  (logic 2.228ns (46.003%)  route 2.615ns (53.997%))
  Logic Levels:           3  (LUT3=1 LUT6=2)
  Clock Path Skew:        -0.022ns (DCD - SCD + CPR)
    Destination Clock Delay (DCD):    -1.291ns = ( 38.709 - 40.000 ) 
    Source Clock Delay      (SCD):    -0.641ns
    Clock Pessimism Removal (CPR):    0.628ns
  Clock Uncertainty:      0.095ns  ((TSJ^2 + DJ^2)^1/2) / 2 + PE
    Total System Jitter     (TSJ):    0.071ns
    Discrete Jitter          (DJ):    0.175ns
    Phase Error              (PE):    0.000ns

    Location             Delay type                Incr(ns)  Path(ns)    Netlist Resource(s)
  -------------------------------------------------------------------    -------------------
                         (clock clk_out1_clk_wiz_0 rise edge)
                                                      0.000     0.000 r  
    H16                                               0.000     0.000 r  clk (IN)
                         net (fo=0)                   0.000     0.000    clk_wiz/inst/clk_in1
    H16                  IBUF (Prop_ibuf_I_O)         1.457     1.457 r  clk_wiz/inst/clkin1_ibufg/O
                         net (fo=1, routed)           1.285     2.742    clk_wiz/inst/clk_in1_clk_wiz_0
    MMCME2_ADV_X0Y1      MMCME2_ADV (Prop_mmcme2_adv_CLKIN1_CLKOUT0)
                                                     -6.996    -4.254 r  clk_wiz/inst/mmcm_adv_inst/CLKOUT0
                         net (fo=1, routed)           1.760    -2.494    clk_wiz/inst/clk_out1_clk_wiz_0
    BUFGCTRL_X0Y16       BUFG (Prop_bufg_I_O)         0.101    -2.393 r  clk_wiz/inst/clkout1_buf/O
                         net (fo=186, routed)         1.752    -0.641    vga_to_hdmi/inst/srldly_0/pix_clk
    SLICE_X38Y11         SRL16E                                       r  vga_to_hdmi/inst/srldly_0/srl[37].srl16_i/CLK
  -------------------------------------------------------------------    -------------------
    SLICE_X38Y11         SRL16E (Prop_srl16e_CLK_Q)
                                                      1.632     0.991 r  vga_to_hdmi/inst/srldly_0/srl[37].srl16_i/Q
                         net (fo=6, routed)           0.898     1.889    vga_to_hdmi/inst/encb/data_o[11]
    SLICE_X39Y10         LUT3 (Prop_lut3_I2_O)        0.348     2.237 r  vga_to_hdmi/inst/encb/n1d[0]_i_2/O
                         net (fo=2, routed)           0.890     3.127    vga_to_hdmi/inst/encb/n1d[0]_i_2_n_0
    SLICE_X38Y10         LUT6 (Prop_lut6_I5_O)        0.124     3.251 r  vga_to_hdmi/inst/encb/n1d[3]_i_2/O
                         net (fo=3, routed)           0.827     4.078    vga_to_hdmi/inst/encb/n1d[3]_i_2_n_0
    SLICE_X39Y11         LUT6 (Prop_lut6_I0_O)        0.124     4.202 r  vga_to_hdmi/inst/encb/n1d[2]_i_1/O
                         net (fo=1, routed)           0.000     4.202    vga_to_hdmi/inst/encb/n1d0[2]
    SLICE_X39Y11         FDRE                                         r  vga_to_hdmi/inst/encb/n1d_reg[2]/D
  -------------------------------------------------------------------    -------------------

                         (clock clk_out1_clk_wiz_0 rise edge)
                                                     40.000    40.000 r  
    H16                                               0.000    40.000 r  clk (IN)
                         net (fo=0)                   0.000    40.000    clk_wiz/inst/clk_in1
    H16                  IBUF (Prop_ibuf_I_O)         1.387    41.387 r  clk_wiz/inst/clkin1_ibufg/O
                         net (fo=1, routed)           1.162    42.549    clk_wiz/inst/clk_in1_clk_wiz_0
    MMCME2_ADV_X0Y1      MMCME2_ADV (Prop_mmcme2_adv_CLKIN1_CLKOUT0)
                                                     -7.105    35.444 r  clk_wiz/inst/mmcm_adv_inst/CLKOUT0
                         net (fo=1, routed)           1.599    37.043    clk_wiz/inst/clk_out1_clk_wiz_0
    BUFGCTRL_X0Y16       BUFG (Prop_bufg_I_O)         0.091    37.134 r  clk_wiz/inst/clkout1_buf/O
                         net (fo=186, routed)         1.575    38.709    vga_to_hdmi/inst/encb/pix_clk
    SLICE_X39Y11         FDRE                                         r  vga_to_hdmi/inst/encb/n1d_reg[2]/C
                         clock pessimism              0.628    39.337    
                         clock uncertainty           -0.095    39.243    
    SLICE_X39Y11         FDRE (Setup_fdre_C_D)        0.029    39.272    vga_to_hdmi/inst/encb/n1d_reg[2]
  -------------------------------------------------------------------
                         required time                         39.272    
                         arrival time                          -4.202    
  -------------------------------------------------------------------
                         slack                                 35.069    

Slack (MET) :             35.069ns  (required time - arrival time)
  Source:                 vga_to_hdmi/inst/srldly_0/srl[37].srl16_i/CLK
                            (rising edge-triggered cell SRL16E clocked by clk_out1_clk_wiz_0  {rise@0.000ns fall@20.000ns period=40.000ns})
  Destination:            vga_to_hdmi/inst/encb/n1d_reg[3]/D
                            (rising edge-triggered cell FDRE clocked by clk_out1_clk_wiz_0  {rise@0.000ns fall@20.000ns period=40.000ns})
  Path Group:             clk_out1_clk_wiz_0
  Path Type:              Setup (Max at Slow Process Corner)
  Requirement:            40.000ns  (clk_out1_clk_wiz_0 rise@40.000ns - clk_out1_clk_wiz_0 rise@0.000ns)
  Data Path Delay:        4.845ns  (logic 2.228ns (45.984%)  route 2.617ns (54.016%))
  Logic Levels:           3  (LUT3=1 LUT6=2)
  Clock Path Skew:        -0.022ns (DCD - SCD + CPR)
    Destination Clock Delay (DCD):    -1.291ns = ( 38.709 - 40.000 ) 
    Source Clock Delay      (SCD):    -0.641ns
    Clock Pessimism Removal (CPR):    0.628ns
  Clock Uncertainty:      0.095ns  ((TSJ^2 + DJ^2)^1/2) / 2 + PE
    Total System Jitter     (TSJ):    0.071ns
    Discrete Jitter          (DJ):    0.175ns
    Phase Error              (PE):    0.000ns

    Location             Delay type                Incr(ns)  Path(ns)    Netlist Resource(s)
  -------------------------------------------------------------------    -------------------
                         (clock clk_out1_clk_wiz_0 rise edge)
                                                      0.000     0.000 r  
    H16                                               0.000     0.000 r  clk (IN)
                         net (fo=0)                   0.000     0.000    clk_wiz/inst/clk_in1
    H16                  IBUF (Prop_ibuf_I_O)         1.457     1.457 r  clk_wiz/inst/clkin1_ibufg/O
                         net (fo=1, routed)           1.285     2.742    clk_wiz/inst/clk_in1_clk_wiz_0
    MMCME2_ADV_X0Y1      MMCME2_ADV (Prop_mmcme2_adv_CLKIN1_CLKOUT0)
                                                     -6.996    -4.254 r  clk_wiz/inst/mmcm_adv_inst/CLKOUT0
                         net (fo=1, routed)           1.760    -2.494    clk_wiz/inst/clk_out1_clk_wiz_0
    BUFGCTRL_X0Y16       BUFG (Prop_bufg_I_O)         0.101    -2.393 r  clk_wiz/inst/clkout1_buf/O
                         net (fo=186, routed)         1.752    -0.641    vga_to_hdmi/inst/srldly_0/pix_clk
    SLICE_X38Y11         SRL16E                                       r  vga_to_hdmi/inst/srldly_0/srl[37].srl16_i/CLK
  -------------------------------------------------------------------    -------------------
    SLICE_X38Y11         SRL16E (Prop_srl16e_CLK_Q)
                                                      1.632     0.991 r  vga_to_hdmi/inst/srldly_0/srl[37].srl16_i/Q
                         net (fo=6, routed)           0.898     1.889    vga_to_hdmi/inst/encb/data_o[11]
    SLICE_X39Y10         LUT3 (Prop_lut3_I2_O)        0.348     2.237 r  vga_to_hdmi/inst/encb/n1d[0]_i_2/O
                         net (fo=2, routed)           0.890     3.127    vga_to_hdmi/inst/encb/n1d[0]_i_2_n_0
    SLICE_X38Y10         LUT6 (Prop_lut6_I5_O)        0.124     3.251 r  vga_to_hdmi/inst/encb/n1d[3]_i_2/O
                         net (fo=3, routed)           0.829     4.080    vga_to_hdmi/inst/encb/n1d[3]_i_2_n_0
    SLICE_X39Y11         LUT6 (Prop_lut6_I0_O)        0.124     4.204 r  vga_to_hdmi/inst/encb/n1d[3]_i_1/O
                         net (fo=1, routed)           0.000     4.204    vga_to_hdmi/inst/encb/n1d0[3]
    SLICE_X39Y11         FDRE                                         r  vga_to_hdmi/inst/encb/n1d_reg[3]/D
  -------------------------------------------------------------------    -------------------

                         (clock clk_out1_clk_wiz_0 rise edge)
                                                     40.000    40.000 r  
    H16                                               0.000    40.000 r  clk (IN)
                         net (fo=0)                   0.000    40.000    clk_wiz/inst/clk_in1
    H16                  IBUF (Prop_ibuf_I_O)         1.387    41.387 r  clk_wiz/inst/clkin1_ibufg/O
                         net (fo=1, routed)           1.162    42.549    clk_wiz/inst/clk_in1_clk_wiz_0
    MMCME2_ADV_X0Y1      MMCME2_ADV (Prop_mmcme2_adv_CLKIN1_CLKOUT0)
                                                     -7.105    35.444 r  clk_wiz/inst/mmcm_adv_inst/CLKOUT0
                         net (fo=1, routed)           1.599    37.043    clk_wiz/inst/clk_out1_clk_wiz_0
    BUFGCTRL_X0Y16       BUFG (Prop_bufg_I_O)         0.091    37.134 r  clk_wiz/inst/clkout1_buf/O
                         net (fo=186, routed)         1.575    38.709    vga_to_hdmi/inst/encb/pix_clk
    SLICE_X39Y11         FDRE                                         r  vga_to_hdmi/inst/encb/n1d_reg[3]/C
                         clock pessimism              0.628    39.337    
                         clock uncertainty           -0.095    39.243    
    SLICE_X39Y11         FDRE (Setup_fdre_C_D)        0.031    39.274    vga_to_hdmi/inst/encb/n1d_reg[3]
  -------------------------------------------------------------------
                         required time                         39.274    
                         arrival time                          -4.204    
  -------------------------------------------------------------------
                         slack                                 35.069    

Slack (MET) :             35.457ns  (required time - arrival time)
  Source:                 vga_to_hdmi/inst/srldly_0/srl[20].srl16_i/CLK
                            (rising edge-triggered cell SRL16E clocked by clk_out1_clk_wiz_0  {rise@0.000ns fall@20.000ns period=40.000ns})
  Destination:            vga_to_hdmi/inst/encr/n1d_reg[2]/D
                            (rising edge-triggered cell FDRE clocked by clk_out1_clk_wiz_0  {rise@0.000ns fall@20.000ns period=40.000ns})
  Path Group:             clk_out1_clk_wiz_0
  Path Type:              Setup (Max at Slow Process Corner)
  Requirement:            40.000ns  (clk_out1_clk_wiz_0 rise@40.000ns - clk_out1_clk_wiz_0 rise@0.000ns)
  Data Path Delay:        4.455ns  (logic 2.193ns (49.222%)  route 2.262ns (50.778%))
  Logic Levels:           3  (LUT3=1 LUT6=2)
  Clock Path Skew:        -0.024ns (DCD - SCD + CPR)
    Destination Clock Delay (DCD):    -1.304ns = ( 38.696 - 40.000 ) 
    Source Clock Delay      (SCD):    -0.654ns
    Clock Pessimism Removal (CPR):    0.626ns
  Clock Uncertainty:      0.095ns  ((TSJ^2 + DJ^2)^1/2) / 2 + PE
    Total System Jitter     (TSJ):    0.071ns
    Discrete Jitter          (DJ):    0.175ns
    Phase Error              (PE):    0.000ns

    Location             Delay type                Incr(ns)  Path(ns)    Netlist Resource(s)
  -------------------------------------------------------------------    -------------------
                         (clock clk_out1_clk_wiz_0 rise edge)
                                                      0.000     0.000 r  
    H16                                               0.000     0.000 r  clk (IN)
                         net (fo=0)                   0.000     0.000    clk_wiz/inst/clk_in1
    H16                  IBUF (Prop_ibuf_I_O)         1.457     1.457 r  clk_wiz/inst/clkin1_ibufg/O
                         net (fo=1, routed)           1.285     2.742    clk_wiz/inst/clk_in1_clk_wiz_0
    MMCME2_ADV_X0Y1      MMCME2_ADV (Prop_mmcme2_adv_CLKIN1_CLKOUT0)
                                                     -6.996    -4.254 r  clk_wiz/inst/mmcm_adv_inst/CLKOUT0
                         net (fo=1, routed)           1.760    -2.494    clk_wiz/inst/clk_out1_clk_wiz_0
    BUFGCTRL_X0Y16       BUFG (Prop_bufg_I_O)         0.101    -2.393 r  clk_wiz/inst/clkout1_buf/O
                         net (fo=186, routed)         1.739    -0.654    vga_to_hdmi/inst/srldly_0/pix_clk
    SLICE_X42Y26         SRL16E                                       r  vga_to_hdmi/inst/srldly_0/srl[20].srl16_i/CLK
  -------------------------------------------------------------------    -------------------
    SLICE_X42Y26         SRL16E (Prop_srl16e_CLK_Q)
                                                      1.617     0.963 r  vga_to_hdmi/inst/srldly_0/srl[20].srl16_i/Q
                         net (fo=6, routed)           0.852     1.815    vga_to_hdmi/inst/encr/data_o[9]
    SLICE_X42Y25         LUT3 (Prop_lut3_I1_O)        0.328     2.143 r  vga_to_hdmi/inst/encr/n1d[0]_i_2/O
                         net (fo=2, routed)           0.682     2.824    vga_to_hdmi/inst/encr/n1d[0]_i_2_n_0
    SLICE_X42Y25         LUT6 (Prop_lut6_I5_O)        0.124     2.948 r  vga_to_hdmi/inst/encr/n1d[3]_i_2/O
                         net (fo=3, routed)           0.729     3.678    vga_to_hdmi/inst/encr/n1d[3]_i_2_n_0
    SLICE_X43Y25         LUT6 (Prop_lut6_I0_O)        0.124     3.802 r  vga_to_hdmi/inst/encr/n1d[2]_i_1/O
                         net (fo=1, routed)           0.000     3.802    vga_to_hdmi/inst/encr/n1d[2]_i_1_n_0
    SLICE_X43Y25         FDRE                                         r  vga_to_hdmi/inst/encr/n1d_reg[2]/D
  -------------------------------------------------------------------    -------------------

                         (clock clk_out1_clk_wiz_0 rise edge)
                                                     40.000    40.000 r  
    H16                                               0.000    40.000 r  clk (IN)
                         net (fo=0)                   0.000    40.000    clk_wiz/inst/clk_in1
    H16                  IBUF (Prop_ibuf_I_O)         1.387    41.387 r  clk_wiz/inst/clkin1_ibufg/O
                         net (fo=1, routed)           1.162    42.549    clk_wiz/inst/clk_in1_clk_wiz_0
    MMCME2_ADV_X0Y1      MMCME2_ADV (Prop_mmcme2_adv_CLKIN1_CLKOUT0)
                                                     -7.105    35.444 r  clk_wiz/inst/mmcm_adv_inst/CLKOUT0
                         net (fo=1, routed)           1.599    37.043    clk_wiz/inst/clk_out1_clk_wiz_0
    BUFGCTRL_X0Y16       BUFG (Prop_bufg_I_O)         0.091    37.134 r  clk_wiz/inst/clkout1_buf/O
                         net (fo=186, routed)         1.562    38.696    vga_to_hdmi/inst/encr/pix_clk
    SLICE_X43Y25         FDRE                                         r  vga_to_hdmi/inst/encr/n1d_reg[2]/C
                         clock pessimism              0.626    39.322    
                         clock uncertainty           -0.095    39.228    
    SLICE_X43Y25         FDRE (Setup_fdre_C_D)        0.031    39.259    vga_to_hdmi/inst/encr/n1d_reg[2]
  -------------------------------------------------------------------
                         required time                         39.259    
                         arrival time                          -3.802    
  -------------------------------------------------------------------
                         slack                                 35.457    

Slack (MET) :             35.459ns  (required time - arrival time)
  Source:                 vga_to_hdmi/inst/srldly_0/srl[1].srl16_i/CLK
                            (rising edge-triggered cell SRL16E clocked by clk_out1_clk_wiz_0  {rise@0.000ns fall@20.000ns period=40.000ns})
  Destination:            vga_to_hdmi/inst/encr/dout_reg[3]/D
                            (rising edge-triggered cell FDCE clocked by clk_out1_clk_wiz_0  {rise@0.000ns fall@20.000ns period=40.000ns})
  Path Group:             clk_out1_clk_wiz_0
  Path Type:              Setup (Max at Slow Process Corner)
  Requirement:            40.000ns  (clk_out1_clk_wiz_0 rise@40.000ns - clk_out1_clk_wiz_0 rise@0.000ns)
  Data Path Delay:        4.436ns  (logic 1.876ns (42.288%)  route 2.560ns (57.712%))
  Logic Levels:           2  (LUT2=1 LUT6=1)
  Clock Path Skew:        -0.041ns (DCD - SCD + CPR)
    Destination Clock Delay (DCD):    -1.304ns = ( 38.696 - 40.000 ) 
    Source Clock Delay      (SCD):    -0.637ns
    Clock Pessimism Removal (CPR):    0.626ns
  Clock Uncertainty:      0.095ns  ((TSJ^2 + DJ^2)^1/2) / 2 + PE
    Total System Jitter     (TSJ):    0.071ns
    Discrete Jitter          (DJ):    0.175ns
    Phase Error              (PE):    0.000ns

    Location             Delay type                Incr(ns)  Path(ns)    Netlist Resource(s)
  -------------------------------------------------------------------    -------------------
                         (clock clk_out1_clk_wiz_0 rise edge)
                                                      0.000     0.000 r  
    H16                                               0.000     0.000 r  clk (IN)
                         net (fo=0)                   0.000     0.000    clk_wiz/inst/clk_in1
    H16                  IBUF (Prop_ibuf_I_O)         1.457     1.457 r  clk_wiz/inst/clkin1_ibufg/O
                         net (fo=1, routed)           1.285     2.742    clk_wiz/inst/clk_in1_clk_wiz_0
    MMCME2_ADV_X0Y1      MMCME2_ADV (Prop_mmcme2_adv_CLKIN1_CLKOUT0)
                                                     -6.996    -4.254 r  clk_wiz/inst/mmcm_adv_inst/CLKOUT0
                         net (fo=1, routed)           1.760    -2.494    clk_wiz/inst/clk_out1_clk_wiz_0
    BUFGCTRL_X0Y16       BUFG (Prop_bufg_I_O)         0.101    -2.393 r  clk_wiz/inst/clkout1_buf/O
                         net (fo=186, routed)         1.756    -0.637    vga_to_hdmi/inst/srldly_0/pix_clk
    SLICE_X42Y7          SRL16E                                       r  vga_to_hdmi/inst/srldly_0/srl[1].srl16_i/CLK
  -------------------------------------------------------------------    -------------------
    SLICE_X42Y7          SRL16E (Prop_srl16e_CLK_Q)
                                                      1.628     0.991 r  vga_to_hdmi/inst/srldly_0/srl[1].srl16_i/Q
                         net (fo=16, routed)          1.987     2.979    vga_to_hdmi/inst/encb/data_o[1]
    SLICE_X42Y24         LUT2 (Prop_lut2_I0_O)        0.124     3.103 r  vga_to_hdmi/inst/encb/dout[7]_i_3__1/O
                         net (fo=2, routed)           0.573     3.676    vga_to_hdmi/inst/encr/dout_reg[7]_0
    SLICE_X41Y24         LUT6 (Prop_lut6_I0_O)        0.124     3.800 r  vga_to_hdmi/inst/encr/dout[3]_i_1__1/O
                         net (fo=1, routed)           0.000     3.800    vga_to_hdmi/inst/encr/dout[3]_i_1__1_n_0
    SLICE_X41Y24         FDCE                                         r  vga_to_hdmi/inst/encr/dout_reg[3]/D
  -------------------------------------------------------------------    -------------------

                         (clock clk_out1_clk_wiz_0 rise edge)
                                                     40.000    40.000 r  
    H16                                               0.000    40.000 r  clk (IN)
                         net (fo=0)                   0.000    40.000    clk_wiz/inst/clk_in1
    H16                  IBUF (Prop_ibuf_I_O)         1.387    41.387 r  clk_wiz/inst/clkin1_ibufg/O
                         net (fo=1, routed)           1.162    42.549    clk_wiz/inst/clk_in1_clk_wiz_0
    MMCME2_ADV_X0Y1      MMCME2_ADV (Prop_mmcme2_adv_CLKIN1_CLKOUT0)
                                                     -7.105    35.444 r  clk_wiz/inst/mmcm_adv_inst/CLKOUT0
                         net (fo=1, routed)           1.599    37.043    clk_wiz/inst/clk_out1_clk_wiz_0
    BUFGCTRL_X0Y16       BUFG (Prop_bufg_I_O)         0.091    37.134 r  clk_wiz/inst/clkout1_buf/O
                         net (fo=186, routed)         1.562    38.696    vga_to_hdmi/inst/encr/pix_clk
    SLICE_X41Y24         FDCE                                         r  vga_to_hdmi/inst/encr/dout_reg[3]/C
                         clock pessimism              0.626    39.322    
                         clock uncertainty           -0.095    39.228    
    SLICE_X41Y24         FDCE (Setup_fdce_C_D)        0.031    39.259    vga_to_hdmi/inst/encr/dout_reg[3]
  -------------------------------------------------------------------
                         required time                         39.259    
                         arrival time                          -3.800    
  -------------------------------------------------------------------
                         slack                                 35.459    

Slack (MET) :             35.518ns  (required time - arrival time)
  Source:                 vga_to_hdmi/inst/srldly_0/srl[20].srl16_i/CLK
                            (rising edge-triggered cell SRL16E clocked by clk_out1_clk_wiz_0  {rise@0.000ns fall@20.000ns period=40.000ns})
  Destination:            vga_to_hdmi/inst/encr/n1d_reg[3]/D
                            (rising edge-triggered cell FDRE clocked by clk_out1_clk_wiz_0  {rise@0.000ns fall@20.000ns period=40.000ns})
  Path Group:             clk_out1_clk_wiz_0
  Path Type:              Setup (Max at Slow Process Corner)
  Requirement:            40.000ns  (clk_out1_clk_wiz_0 rise@40.000ns - clk_out1_clk_wiz_0 rise@0.000ns)
  Data Path Delay:        4.394ns  (logic 2.193ns (49.908%)  route 2.201ns (50.092%))
  Logic Levels:           3  (LUT3=1 LUT6=2)
  Clock Path Skew:        -0.024ns (DCD - SCD + CPR)
    Destination Clock Delay (DCD):    -1.304ns = ( 38.696 - 40.000 ) 
    Source Clock Delay      (SCD):    -0.654ns
    Clock Pessimism Removal (CPR):    0.626ns
  Clock Uncertainty:      0.095ns  ((TSJ^2 + DJ^2)^1/2) / 2 + PE
    Total System Jitter     (TSJ):    0.071ns
    Discrete Jitter          (DJ):    0.175ns
    Phase Error              (PE):    0.000ns

    Location             Delay type                Incr(ns)  Path(ns)    Netlist Resource(s)
  -------------------------------------------------------------------    -------------------
                         (clock clk_out1_clk_wiz_0 rise edge)
                                                      0.000     0.000 r  
    H16                                               0.000     0.000 r  clk (IN)
                         net (fo=0)                   0.000     0.000    clk_wiz/inst/clk_in1
    H16                  IBUF (Prop_ibuf_I_O)         1.457     1.457 r  clk_wiz/inst/clkin1_ibufg/O
                         net (fo=1, routed)           1.285     2.742    clk_wiz/inst/clk_in1_clk_wiz_0
    MMCME2_ADV_X0Y1      MMCME2_ADV (Prop_mmcme2_adv_CLKIN1_CLKOUT0)
                                                     -6.996    -4.254 r  clk_wiz/inst/mmcm_adv_inst/CLKOUT0
                         net (fo=1, routed)           1.760    -2.494    clk_wiz/inst/clk_out1_clk_wiz_0
    BUFGCTRL_X0Y16       BUFG (Prop_bufg_I_O)         0.101    -2.393 r  clk_wiz/inst/clkout1_buf/O
                         net (fo=186, routed)         1.739    -0.654    vga_to_hdmi/inst/srldly_0/pix_clk
    SLICE_X42Y26         SRL16E                                       r  vga_to_hdmi/inst/srldly_0/srl[20].srl16_i/CLK
  -------------------------------------------------------------------    -------------------
    SLICE_X42Y26         SRL16E (Prop_srl16e_CLK_Q)
                                                      1.617     0.963 r  vga_to_hdmi/inst/srldly_0/srl[20].srl16_i/Q
                         net (fo=6, routed)           0.852     1.815    vga_to_hdmi/inst/encr/data_o[9]
    SLICE_X42Y25         LUT3 (Prop_lut3_I1_O)        0.328     2.143 r  vga_to_hdmi/inst/encr/n1d[0]_i_2/O
                         net (fo=2, routed)           0.682     2.824    vga_to_hdmi/inst/encr/n1d[0]_i_2_n_0
    SLICE_X42Y25         LUT6 (Prop_lut6_I5_O)        0.124     2.948 r  vga_to_hdmi/inst/encr/n1d[3]_i_2/O
                         net (fo=3, routed)           0.668     3.616    vga_to_hdmi/inst/encr/n1d[3]_i_2_n_0
    SLICE_X43Y25         LUT6 (Prop_lut6_I0_O)        0.124     3.740 r  vga_to_hdmi/inst/encr/n1d[3]_i_1/O
                         net (fo=1, routed)           0.000     3.740    vga_to_hdmi/inst/encr/n1d[3]_i_1_n_0
    SLICE_X43Y25         FDRE                                         r  vga_to_hdmi/inst/encr/n1d_reg[3]/D
  -------------------------------------------------------------------    -------------------

                         (clock clk_out1_clk_wiz_0 rise edge)
                                                     40.000    40.000 r  
    H16                                               0.000    40.000 r  clk (IN)
                         net (fo=0)                   0.000    40.000    clk_wiz/inst/clk_in1
    H16                  IBUF (Prop_ibuf_I_O)         1.387    41.387 r  clk_wiz/inst/clkin1_ibufg/O
                         net (fo=1, routed)           1.162    42.549    clk_wiz/inst/clk_in1_clk_wiz_0
    MMCME2_ADV_X0Y1      MMCME2_ADV (Prop_mmcme2_adv_CLKIN1_CLKOUT0)
                                                     -7.105    35.444 r  clk_wiz/inst/mmcm_adv_inst/CLKOUT0
                         net (fo=1, routed)           1.599    37.043    clk_wiz/inst/clk_out1_clk_wiz_0
    BUFGCTRL_X0Y16       BUFG (Prop_bufg_I_O)         0.091    37.134 r  clk_wiz/inst/clkout1_buf/O
                         net (fo=186, routed)         1.562    38.696    vga_to_hdmi/inst/encr/pix_clk
    SLICE_X43Y25         FDRE                                         r  vga_to_hdmi/inst/encr/n1d_reg[3]/C
                         clock pessimism              0.626    39.322    
                         clock uncertainty           -0.095    39.228    
    SLICE_X43Y25         FDRE (Setup_fdre_C_D)        0.031    39.259    vga_to_hdmi/inst/encr/n1d_reg[3]
  -------------------------------------------------------------------
                         required time                         39.259    
                         arrival time                          -3.740    
  -------------------------------------------------------------------
                         slack                                 35.518    

Slack (MET) :             35.547ns  (required time - arrival time)
  Source:                 vga_to_hdmi/inst/srldly_0/srl[1].srl16_i/CLK
                            (rising edge-triggered cell SRL16E clocked by clk_out1_clk_wiz_0  {rise@0.000ns fall@20.000ns period=40.000ns})
  Destination:            vga_to_hdmi/inst/encr/dout_reg[7]/D
                            (rising edge-triggered cell FDCE clocked by clk_out1_clk_wiz_0  {rise@0.000ns fall@20.000ns period=40.000ns})
  Path Group:             clk_out1_clk_wiz_0
  Path Type:              Setup (Max at Slow Process Corner)
  Requirement:            40.000ns  (clk_out1_clk_wiz_0 rise@40.000ns - clk_out1_clk_wiz_0 rise@0.000ns)
  Data Path Delay:        4.350ns  (logic 1.876ns (43.129%)  route 2.474ns (56.871%))
  Logic Levels:           2  (LUT2=1 LUT6=1)
  Clock Path Skew:        -0.041ns (DCD - SCD + CPR)
    Destination Clock Delay (DCD):    -1.304ns = ( 38.696 - 40.000 ) 
    Source Clock Delay      (SCD):    -0.637ns
    Clock Pessimism Removal (CPR):    0.626ns
  Clock Uncertainty:      0.095ns  ((TSJ^2 + DJ^2)^1/2) / 2 + PE
    Total System Jitter     (TSJ):    0.071ns
    Discrete Jitter          (DJ):    0.175ns
    Phase Error              (PE):    0.000ns

    Location             Delay type                Incr(ns)  Path(ns)    Netlist Resource(s)
  -------------------------------------------------------------------    -------------------
                         (clock clk_out1_clk_wiz_0 rise edge)
                                                      0.000     0.000 r  
    H16                                               0.000     0.000 r  clk (IN)
                         net (fo=0)                   0.000     0.000    clk_wiz/inst/clk_in1
    H16                  IBUF (Prop_ibuf_I_O)         1.457     1.457 r  clk_wiz/inst/clkin1_ibufg/O
                         net (fo=1, routed)           1.285     2.742    clk_wiz/inst/clk_in1_clk_wiz_0
    MMCME2_ADV_X0Y1      MMCME2_ADV (Prop_mmcme2_adv_CLKIN1_CLKOUT0)
                                                     -6.996    -4.254 r  clk_wiz/inst/mmcm_adv_inst/CLKOUT0
                         net (fo=1, routed)           1.760    -2.494    clk_wiz/inst/clk_out1_clk_wiz_0
    BUFGCTRL_X0Y16       BUFG (Prop_bufg_I_O)         0.101    -2.393 r  clk_wiz/inst/clkout1_buf/O
                         net (fo=186, routed)         1.756    -0.637    vga_to_hdmi/inst/srldly_0/pix_clk
    SLICE_X42Y7          SRL16E                                       r  vga_to_hdmi/inst/srldly_0/srl[1].srl16_i/CLK
  -------------------------------------------------------------------    -------------------
    SLICE_X42Y7          SRL16E (Prop_srl16e_CLK_Q)
                                                      1.628     0.991 r  vga_to_hdmi/inst/srldly_0/srl[1].srl16_i/Q
                         net (fo=16, routed)          1.987     2.979    vga_to_hdmi/inst/encb/data_o[1]
    SLICE_X42Y24         LUT2 (Prop_lut2_I0_O)        0.124     3.103 r  vga_to_hdmi/inst/encb/dout[7]_i_3__1/O
                         net (fo=2, routed)           0.486     3.589    vga_to_hdmi/inst/encr/dout_reg[7]_0
    SLICE_X41Y24         LUT6 (Prop_lut6_I0_O)        0.124     3.713 r  vga_to_hdmi/inst/encr/dout[7]_i_1__1/O
                         net (fo=1, routed)           0.000     3.713    vga_to_hdmi/inst/encr/dout[7]_i_1__1_n_0
    SLICE_X41Y24         FDCE                                         r  vga_to_hdmi/inst/encr/dout_reg[7]/D
  -------------------------------------------------------------------    -------------------

                         (clock clk_out1_clk_wiz_0 rise edge)
                                                     40.000    40.000 r  
    H16                                               0.000    40.000 r  clk (IN)
                         net (fo=0)                   0.000    40.000    clk_wiz/inst/clk_in1
    H16                  IBUF (Prop_ibuf_I_O)         1.387    41.387 r  clk_wiz/inst/clkin1_ibufg/O
                         net (fo=1, routed)           1.162    42.549    clk_wiz/inst/clk_in1_clk_wiz_0
    MMCME2_ADV_X0Y1      MMCME2_ADV (Prop_mmcme2_adv_CLKIN1_CLKOUT0)
                                                     -7.105    35.444 r  clk_wiz/inst/mmcm_adv_inst/CLKOUT0
                         net (fo=1, routed)           1.599    37.043    clk_wiz/inst/clk_out1_clk_wiz_0
    BUFGCTRL_X0Y16       BUFG (Prop_bufg_I_O)         0.091    37.134 r  clk_wiz/inst/clkout1_buf/O
                         net (fo=186, routed)         1.562    38.696    vga_to_hdmi/inst/encr/pix_clk
    SLICE_X41Y24         FDCE                                         r  vga_to_hdmi/inst/encr/dout_reg[7]/C
                         clock pessimism              0.626    39.322    
                         clock uncertainty           -0.095    39.228    
    SLICE_X41Y24         FDCE (Setup_fdce_C_D)        0.032    39.260    vga_to_hdmi/inst/encr/dout_reg[7]
  -------------------------------------------------------------------
                         required time                         39.260    
                         arrival time                          -3.713    
  -------------------------------------------------------------------
                         slack                                 35.547    

Slack (MET) :             35.547ns  (required time - arrival time)
  Source:                 vga_to_hdmi/inst/srldly_0/srl[1].srl16_i/CLK
                            (rising edge-triggered cell SRL16E clocked by clk_out1_clk_wiz_0  {rise@0.000ns fall@20.000ns period=40.000ns})
  Destination:            vga_to_hdmi/inst/encr/dout_reg[4]/D
                            (rising edge-triggered cell FDCE clocked by clk_out1_clk_wiz_0  {rise@0.000ns fall@20.000ns period=40.000ns})
  Path Group:             clk_out1_clk_wiz_0
  Path Type:              Setup (Max at Slow Process Corner)
  Requirement:            40.000ns  (clk_out1_clk_wiz_0 rise@40.000ns - clk_out1_clk_wiz_0 rise@0.000ns)
  Data Path Delay:        4.348ns  (logic 1.876ns (43.143%)  route 2.472ns (56.857%))
  Logic Levels:           2  (LUT2=1 LUT6=1)
  Clock Path Skew:        -0.039ns (DCD - SCD + CPR)
    Destination Clock Delay (DCD):    -1.302ns = ( 38.698 - 40.000 ) 
    Source Clock Delay      (SCD):    -0.637ns
    Clock Pessimism Removal (CPR):    0.626ns
  Clock Uncertainty:      0.095ns  ((TSJ^2 + DJ^2)^1/2) / 2 + PE
    Total System Jitter     (TSJ):    0.071ns
    Discrete Jitter          (DJ):    0.175ns
    Phase Error              (PE):    0.000ns

    Location             Delay type                Incr(ns)  Path(ns)    Netlist Resource(s)
  -------------------------------------------------------------------    -------------------
                         (clock clk_out1_clk_wiz_0 rise edge)
                                                      0.000     0.000 r  
    H16                                               0.000     0.000 r  clk (IN)
                         net (fo=0)                   0.000     0.000    clk_wiz/inst/clk_in1
    H16                  IBUF (Prop_ibuf_I_O)         1.457     1.457 r  clk_wiz/inst/clkin1_ibufg/O
                         net (fo=1, routed)           1.285     2.742    clk_wiz/inst/clk_in1_clk_wiz_0
    MMCME2_ADV_X0Y1      MMCME2_ADV (Prop_mmcme2_adv_CLKIN1_CLKOUT0)
                                                     -6.996    -4.254 r  clk_wiz/inst/mmcm_adv_inst/CLKOUT0
                         net (fo=1, routed)           1.760    -2.494    clk_wiz/inst/clk_out1_clk_wiz_0
    BUFGCTRL_X0Y16       BUFG (Prop_bufg_I_O)         0.101    -2.393 r  clk_wiz/inst/clkout1_buf/O
                         net (fo=186, routed)         1.756    -0.637    vga_to_hdmi/inst/srldly_0/pix_clk
    SLICE_X42Y7          SRL16E                                       r  vga_to_hdmi/inst/srldly_0/srl[1].srl16_i/CLK
  -------------------------------------------------------------------    -------------------
    SLICE_X42Y7          SRL16E (Prop_srl16e_CLK_Q)
                                                      1.628     0.991 f  vga_to_hdmi/inst/srldly_0/srl[1].srl16_i/Q
                         net (fo=16, routed)          0.979     1.970    vga_to_hdmi/inst/encb/data_o[1]
    SLICE_X42Y4          LUT2 (Prop_lut2_I1_O)        0.124     2.094 r  vga_to_hdmi/inst/encb/dout[6]_i_3__0/O
                         net (fo=3, routed)           1.493     3.587    vga_to_hdmi/inst/encr/dout_reg[4]_0
    SLICE_X43Y23         LUT6 (Prop_lut6_I0_O)        0.124     3.711 r  vga_to_hdmi/inst/encr/dout[4]_i_1__1/O
                         net (fo=1, routed)           0.000     3.711    vga_to_hdmi/inst/encr/dout[4]_i_1__1_n_0
    SLICE_X43Y23         FDCE                                         r  vga_to_hdmi/inst/encr/dout_reg[4]/D
  -------------------------------------------------------------------    -------------------

                         (clock clk_out1_clk_wiz_0 rise edge)
                                                     40.000    40.000 r  
    H16                                               0.000    40.000 r  clk (IN)
                         net (fo=0)                   0.000    40.000    clk_wiz/inst/clk_in1
    H16                  IBUF (Prop_ibuf_I_O)         1.387    41.387 r  clk_wiz/inst/clkin1_ibufg/O
                         net (fo=1, routed)           1.162    42.549    clk_wiz/inst/clk_in1_clk_wiz_0
    MMCME2_ADV_X0Y1      MMCME2_ADV (Prop_mmcme2_adv_CLKIN1_CLKOUT0)
                                                     -7.105    35.444 r  clk_wiz/inst/mmcm_adv_inst/CLKOUT0
                         net (fo=1, routed)           1.599    37.043    clk_wiz/inst/clk_out1_clk_wiz_0
    BUFGCTRL_X0Y16       BUFG (Prop_bufg_I_O)         0.091    37.134 r  clk_wiz/inst/clkout1_buf/O
                         net (fo=186, routed)         1.564    38.698    vga_to_hdmi/inst/encr/pix_clk
    SLICE_X43Y23         FDCE                                         r  vga_to_hdmi/inst/encr/dout_reg[4]/C
                         clock pessimism              0.626    39.324    
                         clock uncertainty           -0.095    39.230    
    SLICE_X43Y23         FDCE (Setup_fdce_C_D)        0.029    39.259    vga_to_hdmi/inst/encr/dout_reg[4]
  -------------------------------------------------------------------
                         required time                         39.259    
                         arrival time                          -3.711    
  -------------------------------------------------------------------
                         slack                                 35.547    

Slack (MET) :             35.593ns  (required time - arrival time)
  Source:                 vga_to_hdmi/inst/srldly_0/srl[37].srl16_i/CLK
                            (rising edge-triggered cell SRL16E clocked by clk_out1_clk_wiz_0  {rise@0.000ns fall@20.000ns period=40.000ns})
  Destination:            vga_to_hdmi/inst/encb/n1d_reg[1]/D
                            (rising edge-triggered cell FDRE clocked by clk_out1_clk_wiz_0  {rise@0.000ns fall@20.000ns period=40.000ns})
  Path Group:             clk_out1_clk_wiz_0
  Path Type:              Setup (Max at Slow Process Corner)
  Requirement:            40.000ns  (clk_out1_clk_wiz_0 rise@40.000ns - clk_out1_clk_wiz_0 rise@0.000ns)
  Data Path Delay:        4.319ns  (logic 2.228ns (51.585%)  route 2.091ns (48.415%))
  Logic Levels:           3  (LUT3=2 LUT6=1)
  Clock Path Skew:        -0.024ns (DCD - SCD + CPR)
    Destination Clock Delay (DCD):    -1.290ns = ( 38.710 - 40.000 ) 
    Source Clock Delay      (SCD):    -0.641ns
    Clock Pessimism Removal (CPR):    0.625ns
  Clock Uncertainty:      0.095ns  ((TSJ^2 + DJ^2)^1/2) / 2 + PE
    Total System Jitter     (TSJ):    0.071ns
    Discrete Jitter          (DJ):    0.175ns
    Phase Error              (PE):    0.000ns

    Location             Delay type                Incr(ns)  Path(ns)    Netlist Resource(s)
  -------------------------------------------------------------------    -------------------
                         (clock clk_out1_clk_wiz_0 rise edge)
                                                      0.000     0.000 r  
    H16                                               0.000     0.000 r  clk (IN)
                         net (fo=0)                   0.000     0.000    clk_wiz/inst/clk_in1
    H16                  IBUF (Prop_ibuf_I_O)         1.457     1.457 r  clk_wiz/inst/clkin1_ibufg/O
                         net (fo=1, routed)           1.285     2.742    clk_wiz/inst/clk_in1_clk_wiz_0
    MMCME2_ADV_X0Y1      MMCME2_ADV (Prop_mmcme2_adv_CLKIN1_CLKOUT0)
                                                     -6.996    -4.254 r  clk_wiz/inst/mmcm_adv_inst/CLKOUT0
                         net (fo=1, routed)           1.760    -2.494    clk_wiz/inst/clk_out1_clk_wiz_0
    BUFGCTRL_X0Y16       BUFG (Prop_bufg_I_O)         0.101    -2.393 r  clk_wiz/inst/clkout1_buf/O
                         net (fo=186, routed)         1.752    -0.641    vga_to_hdmi/inst/srldly_0/pix_clk
    SLICE_X38Y11         SRL16E                                       r  vga_to_hdmi/inst/srldly_0/srl[37].srl16_i/CLK
  -------------------------------------------------------------------    -------------------
    SLICE_X38Y11         SRL16E (Prop_srl16e_CLK_Q)
                                                      1.632     0.991 r  vga_to_hdmi/inst/srldly_0/srl[37].srl16_i/Q
                         net (fo=6, routed)           0.898     1.889    vga_to_hdmi/inst/encb/data_o[11]
    SLICE_X39Y10         LUT3 (Prop_lut3_I2_O)        0.348     2.237 r  vga_to_hdmi/inst/encb/n1d[0]_i_2/O
                         net (fo=2, routed)           0.890     3.127    vga_to_hdmi/inst/encb/n1d[0]_i_2_n_0
    SLICE_X38Y10         LUT6 (Prop_lut6_I5_O)        0.124     3.251 r  vga_to_hdmi/inst/encb/n1d[3]_i_2/O
                         net (fo=3, routed)           0.303     3.554    vga_to_hdmi/inst/encb/n1d[3]_i_2_n_0
    SLICE_X39Y10         LUT3 (Prop_lut3_I0_O)        0.124     3.678 r  vga_to_hdmi/inst/encb/n1d[1]_i_1/O
                         net (fo=1, routed)           0.000     3.678    vga_to_hdmi/inst/encb/n1d0[1]
    SLICE_X39Y10         FDRE                                         r  vga_to_hdmi/inst/encb/n1d_reg[1]/D
  -------------------------------------------------------------------    -------------------

                         (clock clk_out1_clk_wiz_0 rise edge)
                                                     40.000    40.000 r  
    H16                                               0.000    40.000 r  clk (IN)
                         net (fo=0)                   0.000    40.000    clk_wiz/inst/clk_in1
    H16                  IBUF (Prop_ibuf_I_O)         1.387    41.387 r  clk_wiz/inst/clkin1_ibufg/O
                         net (fo=1, routed)           1.162    42.549    clk_wiz/inst/clk_in1_clk_wiz_0
    MMCME2_ADV_X0Y1      MMCME2_ADV (Prop_mmcme2_adv_CLKIN1_CLKOUT0)
                                                     -7.105    35.444 r  clk_wiz/inst/mmcm_adv_inst/CLKOUT0
                         net (fo=1, routed)           1.599    37.043    clk_wiz/inst/clk_out1_clk_wiz_0
    BUFGCTRL_X0Y16       BUFG (Prop_bufg_I_O)         0.091    37.134 r  clk_wiz/inst/clkout1_buf/O
                         net (fo=186, routed)         1.576    38.710    vga_to_hdmi/inst/encb/pix_clk
    SLICE_X39Y10         FDRE                                         r  vga_to_hdmi/inst/encb/n1d_reg[1]/C
                         clock pessimism              0.625    39.335    
                         clock uncertainty           -0.095    39.241    
    SLICE_X39Y10         FDRE (Setup_fdre_C_D)        0.031    39.272    vga_to_hdmi/inst/encb/n1d_reg[1]
  -------------------------------------------------------------------
                         required time                         39.272    
                         arrival time                          -3.678    
  -------------------------------------------------------------------
                         slack                                 35.593    

Slack (MET) :             35.597ns  (required time - arrival time)
  Source:                 vga_to_hdmi/inst/srldly_0/srl[1].srl16_i/CLK
                            (rising edge-triggered cell SRL16E clocked by clk_out1_clk_wiz_0  {rise@0.000ns fall@20.000ns period=40.000ns})
  Destination:            vga_to_hdmi/inst/encg/dout_reg[2]/D
                            (rising edge-triggered cell FDCE clocked by clk_out1_clk_wiz_0  {rise@0.000ns fall@20.000ns period=40.000ns})
  Path Group:             clk_out1_clk_wiz_0
  Path Type:              Setup (Max at Slow Process Corner)
  Requirement:            40.000ns  (clk_out1_clk_wiz_0 rise@40.000ns - clk_out1_clk_wiz_0 rise@0.000ns)
  Data Path Delay:        4.366ns  (logic 2.000ns (45.811%)  route 2.366ns (54.189%))
  Logic Levels:           3  (LUT2=2 LUT6=1)
  Clock Path Skew:        -0.024ns (DCD - SCD + CPR)
    Destination Clock Delay (DCD):    -1.287ns = ( 38.713 - 40.000 ) 
    Source Clock Delay      (SCD):    -0.637ns
    Clock Pessimism Removal (CPR):    0.626ns
  Clock Uncertainty:      0.095ns  ((TSJ^2 + DJ^2)^1/2) / 2 + PE
    Total System Jitter     (TSJ):    0.071ns
    Discrete Jitter          (DJ):    0.175ns
    Phase Error              (PE):    0.000ns

    Location             Delay type                Incr(ns)  Path(ns)    Netlist Resource(s)
  -------------------------------------------------------------------    -------------------
                         (clock clk_out1_clk_wiz_0 rise edge)
                                                      0.000     0.000 r  
    H16                                               0.000     0.000 r  clk (IN)
                         net (fo=0)                   0.000     0.000    clk_wiz/inst/clk_in1
    H16                  IBUF (Prop_ibuf_I_O)         1.457     1.457 r  clk_wiz/inst/clkin1_ibufg/O
                         net (fo=1, routed)           1.285     2.742    clk_wiz/inst/clk_in1_clk_wiz_0
    MMCME2_ADV_X0Y1      MMCME2_ADV (Prop_mmcme2_adv_CLKIN1_CLKOUT0)
                                                     -6.996    -4.254 r  clk_wiz/inst/mmcm_adv_inst/CLKOUT0
                         net (fo=1, routed)           1.760    -2.494    clk_wiz/inst/clk_out1_clk_wiz_0
    BUFGCTRL_X0Y16       BUFG (Prop_bufg_I_O)         0.101    -2.393 r  clk_wiz/inst/clkout1_buf/O
                         net (fo=186, routed)         1.756    -0.637    vga_to_hdmi/inst/srldly_0/pix_clk
    SLICE_X42Y7          SRL16E                                       r  vga_to_hdmi/inst/srldly_0/srl[1].srl16_i/CLK
  -------------------------------------------------------------------    -------------------
    SLICE_X42Y7          SRL16E (Prop_srl16e_CLK_Q)
                                                      1.628     0.991 f  vga_to_hdmi/inst/srldly_0/srl[1].srl16_i/Q
                         net (fo=16, routed)          0.979     1.970    vga_to_hdmi/inst/encb/data_o[1]
    SLICE_X42Y4          LUT2 (Prop_lut2_I1_O)        0.124     2.094 r  vga_to_hdmi/inst/encb/dout[6]_i_3__0/O
                         net (fo=3, routed)           0.717     2.811    vga_to_hdmi/inst/encb/dout[6]_i_3__0_n_0
    SLICE_X42Y4          LUT2 (Prop_lut2_I0_O)        0.124     2.935 r  vga_to_hdmi/inst/encb/dout[2]_i_2/O
                         net (fo=1, routed)           0.670     3.605    vga_to_hdmi/inst/encg/dout_reg[2]_0
    SLICE_X42Y4          LUT6 (Prop_lut6_I0_O)        0.124     3.729 r  vga_to_hdmi/inst/encg/dout[2]_i_1__0/O
                         net (fo=1, routed)           0.000     3.729    vga_to_hdmi/inst/encg/dout[2]_i_1__0_n_0
    SLICE_X42Y4          FDCE                                         r  vga_to_hdmi/inst/encg/dout_reg[2]/D
  -------------------------------------------------------------------    -------------------

                         (clock clk_out1_clk_wiz_0 rise edge)
                                                     40.000    40.000 r  
    H16                                               0.000    40.000 r  clk (IN)
                         net (fo=0)                   0.000    40.000    clk_wiz/inst/clk_in1
    H16                  IBUF (Prop_ibuf_I_O)         1.387    41.387 r  clk_wiz/inst/clkin1_ibufg/O
                         net (fo=1, routed)           1.162    42.549    clk_wiz/inst/clk_in1_clk_wiz_0
    MMCME2_ADV_X0Y1      MMCME2_ADV (Prop_mmcme2_adv_CLKIN1_CLKOUT0)
                                                     -7.105    35.444 r  clk_wiz/inst/mmcm_adv_inst/CLKOUT0
                         net (fo=1, routed)           1.599    37.043    clk_wiz/inst/clk_out1_clk_wiz_0
    BUFGCTRL_X0Y16       BUFG (Prop_bufg_I_O)         0.091    37.134 r  clk_wiz/inst/clkout1_buf/O
                         net (fo=186, routed)         1.579    38.713    vga_to_hdmi/inst/encg/pix_clk
    SLICE_X42Y4          FDCE                                         r  vga_to_hdmi/inst/encg/dout_reg[2]/C
                         clock pessimism              0.626    39.339    
                         clock uncertainty           -0.095    39.245    
    SLICE_X42Y4          FDCE (Setup_fdce_C_D)        0.081    39.326    vga_to_hdmi/inst/encg/dout_reg[2]
  -------------------------------------------------------------------
                         required time                         39.326    
                         arrival time                          -3.729    
  -------------------------------------------------------------------
                         slack                                 35.597    

Slack (MET) :             35.631ns  (required time - arrival time)
  Source:                 vga_to_hdmi/inst/encr/n1q_m_reg[1]/C
                            (rising edge-triggered cell FDRE clocked by clk_out1_clk_wiz_0  {rise@0.000ns fall@20.000ns period=40.000ns})
  Destination:            vga_to_hdmi/inst/encr/dout_reg[5]/D
                            (rising edge-triggered cell FDCE clocked by clk_out1_clk_wiz_0  {rise@0.000ns fall@20.000ns period=40.000ns})
  Path Group:             clk_out1_clk_wiz_0
  Path Type:              Setup (Max at Slow Process Corner)
  Requirement:            40.000ns  (clk_out1_clk_wiz_0 rise@40.000ns - clk_out1_clk_wiz_0 rise@0.000ns)
  Data Path Delay:        4.331ns  (logic 0.890ns (20.552%)  route 3.441ns (79.448%))
  Logic Levels:           3  (LUT5=2 LUT6=1)
  Clock Path Skew:        -0.021ns (DCD - SCD + CPR)
    Destination Clock Delay (DCD):    -1.301ns = ( 38.699 - 40.000 ) 
    Source Clock Delay      (SCD):    -0.654ns
    Clock Pessimism Removal (CPR):    0.626ns
  Clock Uncertainty:      0.095ns  ((TSJ^2 + DJ^2)^1/2) / 2 + PE
    Total System Jitter     (TSJ):    0.071ns
    Discrete Jitter          (DJ):    0.175ns
    Phase Error              (PE):    0.000ns

    Location             Delay type                Incr(ns)  Path(ns)    Netlist Resource(s)
  -------------------------------------------------------------------    -------------------
                         (clock clk_out1_clk_wiz_0 rise edge)
                                                      0.000     0.000 r  
    H16                                               0.000     0.000 r  clk (IN)
                         net (fo=0)                   0.000     0.000    clk_wiz/inst/clk_in1
    H16                  IBUF (Prop_ibuf_I_O)         1.457     1.457 r  clk_wiz/inst/clkin1_ibufg/O
                         net (fo=1, routed)           1.285     2.742    clk_wiz/inst/clk_in1_clk_wiz_0
    MMCME2_ADV_X0Y1      MMCME2_ADV (Prop_mmcme2_adv_CLKIN1_CLKOUT0)
                                                     -6.996    -4.254 r  clk_wiz/inst/mmcm_adv_inst/CLKOUT0
                         net (fo=1, routed)           1.760    -2.494    clk_wiz/inst/clk_out1_clk_wiz_0
    BUFGCTRL_X0Y16       BUFG (Prop_bufg_I_O)         0.101    -2.393 r  clk_wiz/inst/clkout1_buf/O
                         net (fo=186, routed)         1.739    -0.654    vga_to_hdmi/inst/encr/pix_clk
    SLICE_X42Y23         FDRE                                         r  vga_to_hdmi/inst/encr/n1q_m_reg[1]/C
  -------------------------------------------------------------------    -------------------
    SLICE_X42Y23         FDRE (Prop_fdre_C_Q)         0.518    -0.136 f  vga_to_hdmi/inst/encr/n1q_m_reg[1]/Q
                         net (fo=17, routed)          1.499     1.363    vga_to_hdmi/inst/encr/n1q_m_reg_n_0_[1]
    SLICE_X39Y25         LUT6 (Prop_lut6_I1_O)        0.124     1.487 r  vga_to_hdmi/inst/encr/cnt[4]_i_13__1/O
                         net (fo=1, routed)           0.542     2.029    vga_to_hdmi/inst/encr/cnt[4]_i_13__1_n_0
    SLICE_X39Y25         LUT5 (Prop_lut5_I0_O)        0.124     2.153 r  vga_to_hdmi/inst/encr/cnt[4]_i_3__1/O
                         net (fo=13, routed)          1.399     3.553    vga_to_hdmi/inst/encr/cnt[4]_i_3__1_n_0
    SLICE_X42Y22         LUT5 (Prop_lut5_I1_O)        0.124     3.677 r  vga_to_hdmi/inst/encr/dout[5]_i_1__1/O
                         net (fo=1, routed)           0.000     3.677    vga_to_hdmi/inst/encr/dout[5]_i_1__1_n_0
    SLICE_X42Y22         FDCE                                         r  vga_to_hdmi/inst/encr/dout_reg[5]/D
  -------------------------------------------------------------------    -------------------

                         (clock clk_out1_clk_wiz_0 rise edge)
                                                     40.000    40.000 r  
    H16                                               0.000    40.000 r  clk (IN)
                         net (fo=0)                   0.000    40.000    clk_wiz/inst/clk_in1
    H16                  IBUF (Prop_ibuf_I_O)         1.387    41.387 r  clk_wiz/inst/clkin1_ibufg/O
                         net (fo=1, routed)           1.162    42.549    clk_wiz/inst/clk_in1_clk_wiz_0
    MMCME2_ADV_X0Y1      MMCME2_ADV (Prop_mmcme2_adv_CLKIN1_CLKOUT0)
                                                     -7.105    35.444 r  clk_wiz/inst/mmcm_adv_inst/CLKOUT0
                         net (fo=1, routed)           1.599    37.043    clk_wiz/inst/clk_out1_clk_wiz_0
    BUFGCTRL_X0Y16       BUFG (Prop_bufg_I_O)         0.091    37.134 r  clk_wiz/inst/clkout1_buf/O
                         net (fo=186, routed)         1.565    38.699    vga_to_hdmi/inst/encr/pix_clk
    SLICE_X42Y22         FDCE                                         r  vga_to_hdmi/inst/encr/dout_reg[5]/C
                         clock pessimism              0.626    39.325    
                         clock uncertainty           -0.095    39.231    
    SLICE_X42Y22         FDCE (Setup_fdce_C_D)        0.077    39.308    vga_to_hdmi/inst/encr/dout_reg[5]
  -------------------------------------------------------------------
                         required time                         39.308    
                         arrival time                          -3.677    
  -------------------------------------------------------------------
                         slack                                 35.631    





Min Delay Paths
--------------------------------------------------------------------------------------
Slack (MET) :             0.140ns  (arrival time - required time)
  Source:                 vga_to_hdmi/inst/encr/q_m_reg_reg[5]/C
                            (rising edge-triggered cell FDRE clocked by clk_out1_clk_wiz_0  {rise@0.000ns fall@20.000ns period=40.000ns})
  Destination:            vga_to_hdmi/inst/encr/dout_reg[5]/D
                            (rising edge-triggered cell FDCE clocked by clk_out1_clk_wiz_0  {rise@0.000ns fall@20.000ns period=40.000ns})
  Path Group:             clk_out1_clk_wiz_0
  Path Type:              Hold (Min at Fast Process Corner)
  Requirement:            0.000ns  (clk_out1_clk_wiz_0 rise@0.000ns - clk_out1_clk_wiz_0 rise@0.000ns)
  Data Path Delay:        0.273ns  (logic 0.186ns (68.106%)  route 0.087ns (31.894%))
  Logic Levels:           1  (LUT5=1)
  Clock Path Skew:        0.013ns (DCD - SCD - CPR)
    Destination Clock Delay (DCD):    -0.747ns
    Source Clock Delay      (SCD):    -0.511ns
    Clock Pessimism Removal (CPR):    -0.249ns

    Location             Delay type                Incr(ns)  Path(ns)    Netlist Resource(s)
  -------------------------------------------------------------------    -------------------
                         (clock clk_out1_clk_wiz_0 rise edge)
                                                      0.000     0.000 r  
    H16                                               0.000     0.000 r  clk (IN)
                         net (fo=0)                   0.000     0.000    clk_wiz/inst/clk_in1
    H16                  IBUF (Prop_ibuf_I_O)         0.225     0.225 r  clk_wiz/inst/clkin1_ibufg/O
                         net (fo=1, routed)           0.440     0.665    clk_wiz/inst/clk_in1_clk_wiz_0
    MMCME2_ADV_X0Y1      MMCME2_ADV (Prop_mmcme2_adv_CLKIN1_CLKOUT0)
                                                     -2.268    -1.602 r  clk_wiz/inst/mmcm_adv_inst/CLKOUT0
                         net (fo=1, routed)           0.482    -1.120    clk_wiz/inst/clk_out1_clk_wiz_0
    BUFGCTRL_X0Y16       BUFG (Prop_bufg_I_O)         0.026    -1.094 r  clk_wiz/inst/clkout1_buf/O
                         net (fo=186, routed)         0.584    -0.511    vga_to_hdmi/inst/encr/pix_clk
    SLICE_X43Y22         FDRE                                         r  vga_to_hdmi/inst/encr/q_m_reg_reg[5]/C
  -------------------------------------------------------------------    -------------------
    SLICE_X43Y22         FDRE (Prop_fdre_C_Q)         0.141    -0.370 r  vga_to_hdmi/inst/encr/q_m_reg_reg[5]/Q
                         net (fo=1, routed)           0.087    -0.283    vga_to_hdmi/inst/encr/q_m_reg_reg_n_0_[5]
    SLICE_X42Y22         LUT5 (Prop_lut5_I0_O)        0.045    -0.238 r  vga_to_hdmi/inst/encr/dout[5]_i_1__1/O
                         net (fo=1, routed)           0.000    -0.238    vga_to_hdmi/inst/encr/dout[5]_i_1__1_n_0
    SLICE_X42Y22         FDCE                                         r  vga_to_hdmi/inst/encr/dout_reg[5]/D
  -------------------------------------------------------------------    -------------------

                         (clock clk_out1_clk_wiz_0 rise edge)
                                                      0.000     0.000 r  
    H16                                               0.000     0.000 r  clk (IN)
                         net (fo=0)                   0.000     0.000    clk_wiz/inst/clk_in1
    H16                  IBUF (Prop_ibuf_I_O)         0.413     0.413 r  clk_wiz/inst/clkin1_ibufg/O
                         net (fo=1, routed)           0.480     0.893    clk_wiz/inst/clk_in1_clk_wiz_0
    MMCME2_ADV_X0Y1      MMCME2_ADV (Prop_mmcme2_adv_CLKIN1_CLKOUT0)
                                                     -3.047    -2.154 r  clk_wiz/inst/mmcm_adv_inst/CLKOUT0
                         net (fo=1, routed)           0.528    -1.626    clk_wiz/inst/clk_out1_clk_wiz_0
    BUFGCTRL_X0Y16       BUFG (Prop_bufg_I_O)         0.029    -1.597 r  clk_wiz/inst/clkout1_buf/O
                         net (fo=186, routed)         0.850    -0.747    vga_to_hdmi/inst/encr/pix_clk
    SLICE_X42Y22         FDCE                                         r  vga_to_hdmi/inst/encr/dout_reg[5]/C
                         clock pessimism              0.249    -0.498    
    SLICE_X42Y22         FDCE (Hold_fdce_C_D)         0.120    -0.378    vga_to_hdmi/inst/encr/dout_reg[5]
  -------------------------------------------------------------------
                         required time                          0.378    
                         arrival time                          -0.238    
  -------------------------------------------------------------------
                         slack                                  0.140    

Slack (MET) :             0.150ns  (arrival time - required time)
  Source:                 vga_to_hdmi/inst/encb/q_m_reg_reg[6]/C
                            (rising edge-triggered cell FDRE clocked by clk_out1_clk_wiz_0  {rise@0.000ns fall@20.000ns period=40.000ns})
  Destination:            vga_to_hdmi/inst/encb/dout_reg[6]/D
                            (rising edge-triggered cell FDCE clocked by clk_out1_clk_wiz_0  {rise@0.000ns fall@20.000ns period=40.000ns})
  Path Group:             clk_out1_clk_wiz_0
  Path Type:              Hold (Min at Fast Process Corner)
  Requirement:            0.000ns  (clk_out1_clk_wiz_0 rise@0.000ns - clk_out1_clk_wiz_0 rise@0.000ns)
  Data Path Delay:        0.286ns  (logic 0.186ns (64.941%)  route 0.100ns (35.059%))
  Logic Levels:           1  (LUT6=1)
  Clock Path Skew:        0.016ns (DCD - SCD - CPR)
    Destination Clock Delay (DCD):    -0.735ns
    Source Clock Delay      (SCD):    -0.502ns
    Clock Pessimism Removal (CPR):    -0.249ns

    Location             Delay type                Incr(ns)  Path(ns)    Netlist Resource(s)
  -------------------------------------------------------------------    -------------------
                         (clock clk_out1_clk_wiz_0 rise edge)
                                                      0.000     0.000 r  
    H16                                               0.000     0.000 r  clk (IN)
                         net (fo=0)                   0.000     0.000    clk_wiz/inst/clk_in1
    H16                  IBUF (Prop_ibuf_I_O)         0.225     0.225 r  clk_wiz/inst/clkin1_ibufg/O
                         net (fo=1, routed)           0.440     0.665    clk_wiz/inst/clk_in1_clk_wiz_0
    MMCME2_ADV_X0Y1      MMCME2_ADV (Prop_mmcme2_adv_CLKIN1_CLKOUT0)
                                                     -2.268    -1.602 r  clk_wiz/inst/mmcm_adv_inst/CLKOUT0
                         net (fo=1, routed)           0.482    -1.120    clk_wiz/inst/clk_out1_clk_wiz_0
    BUFGCTRL_X0Y16       BUFG (Prop_bufg_I_O)         0.026    -1.094 r  clk_wiz/inst/clkout1_buf/O
                         net (fo=186, routed)         0.593    -0.502    vga_to_hdmi/inst/encb/pix_clk
    SLICE_X41Y9          FDRE                                         r  vga_to_hdmi/inst/encb/q_m_reg_reg[6]/C
  -------------------------------------------------------------------    -------------------
    SLICE_X41Y9          FDRE (Prop_fdre_C_Q)         0.141    -0.361 r  vga_to_hdmi/inst/encb/q_m_reg_reg[6]/Q
                         net (fo=1, routed)           0.100    -0.260    vga_to_hdmi/inst/encb/q_m_reg_reg_n_0_[6]
    SLICE_X42Y8          LUT6 (Prop_lut6_I0_O)        0.045    -0.215 r  vga_to_hdmi/inst/encb/dout[6]_i_1/O
                         net (fo=1, routed)           0.000    -0.215    vga_to_hdmi/inst/encb/dout[6]_i_1_n_0
    SLICE_X42Y8          FDCE                                         r  vga_to_hdmi/inst/encb/dout_reg[6]/D
  -------------------------------------------------------------------    -------------------

                         (clock clk_out1_clk_wiz_0 rise edge)
                                                      0.000     0.000 r  
    H16                                               0.000     0.000 r  clk (IN)
                         net (fo=0)                   0.000     0.000    clk_wiz/inst/clk_in1
    H16                  IBUF (Prop_ibuf_I_O)         0.413     0.413 r  clk_wiz/inst/clkin1_ibufg/O
                         net (fo=1, routed)           0.480     0.893    clk_wiz/inst/clk_in1_clk_wiz_0
    MMCME2_ADV_X0Y1      MMCME2_ADV (Prop_mmcme2_adv_CLKIN1_CLKOUT0)
                                                     -3.047    -2.154 r  clk_wiz/inst/mmcm_adv_inst/CLKOUT0
                         net (fo=1, routed)           0.528    -1.626    clk_wiz/inst/clk_out1_clk_wiz_0
    BUFGCTRL_X0Y16       BUFG (Prop_bufg_I_O)         0.029    -1.597 r  clk_wiz/inst/clkout1_buf/O
                         net (fo=186, routed)         0.862    -0.735    vga_to_hdmi/inst/encb/pix_clk
    SLICE_X42Y8          FDCE                                         r  vga_to_hdmi/inst/encb/dout_reg[6]/C
                         clock pessimism              0.249    -0.486    
    SLICE_X42Y8          FDCE (Hold_fdce_C_D)         0.120    -0.366    vga_to_hdmi/inst/encb/dout_reg[6]
  -------------------------------------------------------------------
                         required time                          0.366    
                         arrival time                          -0.215    
  -------------------------------------------------------------------
                         slack                                  0.150    

Slack (MET) :             0.152ns  (arrival time - required time)
  Source:                 vga_to_hdmi/inst/encb/q_m_reg_reg[0]/C
                            (rising edge-triggered cell FDRE clocked by clk_out1_clk_wiz_0  {rise@0.000ns fall@20.000ns period=40.000ns})
  Destination:            vga_to_hdmi/inst/encb/dout_reg[0]/D
                            (rising edge-triggered cell FDCE clocked by clk_out1_clk_wiz_0  {rise@0.000ns fall@20.000ns period=40.000ns})
  Path Group:             clk_out1_clk_wiz_0
  Path Type:              Hold (Min at Fast Process Corner)
  Requirement:            0.000ns  (clk_out1_clk_wiz_0 rise@0.000ns - clk_out1_clk_wiz_0 rise@0.000ns)
  Data Path Delay:        0.288ns  (logic 0.186ns (64.545%)  route 0.102ns (35.455%))
  Logic Levels:           1  (LUT6=1)
  Clock Path Skew:        0.016ns (DCD - SCD - CPR)
    Destination Clock Delay (DCD):    -0.735ns
    Source Clock Delay      (SCD):    -0.502ns
    Clock Pessimism Removal (CPR):    -0.249ns

    Location             Delay type                Incr(ns)  Path(ns)    Netlist Resource(s)
  -------------------------------------------------------------------    -------------------
                         (clock clk_out1_clk_wiz_0 rise edge)
                                                      0.000     0.000 r  
    H16                                               0.000     0.000 r  clk (IN)
                         net (fo=0)                   0.000     0.000    clk_wiz/inst/clk_in1
    H16                  IBUF (Prop_ibuf_I_O)         0.225     0.225 r  clk_wiz/inst/clkin1_ibufg/O
                         net (fo=1, routed)           0.440     0.665    clk_wiz/inst/clk_in1_clk_wiz_0
    MMCME2_ADV_X0Y1      MMCME2_ADV (Prop_mmcme2_adv_CLKIN1_CLKOUT0)
                                                     -2.268    -1.602 r  clk_wiz/inst/mmcm_adv_inst/CLKOUT0
                         net (fo=1, routed)           0.482    -1.120    clk_wiz/inst/clk_out1_clk_wiz_0
    BUFGCTRL_X0Y16       BUFG (Prop_bufg_I_O)         0.026    -1.094 r  clk_wiz/inst/clkout1_buf/O
                         net (fo=186, routed)         0.593    -0.502    vga_to_hdmi/inst/encb/pix_clk
    SLICE_X41Y9          FDRE                                         r  vga_to_hdmi/inst/encb/q_m_reg_reg[0]/C
  -------------------------------------------------------------------    -------------------
    SLICE_X41Y9          FDRE (Prop_fdre_C_Q)         0.141    -0.361 r  vga_to_hdmi/inst/encb/q_m_reg_reg[0]/Q
                         net (fo=1, routed)           0.102    -0.258    vga_to_hdmi/inst/encb/q_m_reg_reg_n_0_[0]
    SLICE_X42Y9          LUT6 (Prop_lut6_I2_O)        0.045    -0.213 r  vga_to_hdmi/inst/encb/dout[0]_i_1/O
                         net (fo=1, routed)           0.000    -0.213    vga_to_hdmi/inst/encb/dout[0]_i_1_n_0
    SLICE_X42Y9          FDCE                                         r  vga_to_hdmi/inst/encb/dout_reg[0]/D
  -------------------------------------------------------------------    -------------------

                         (clock clk_out1_clk_wiz_0 rise edge)
                                                      0.000     0.000 r  
    H16                                               0.000     0.000 r  clk (IN)
                         net (fo=0)                   0.000     0.000    clk_wiz/inst/clk_in1
    H16                  IBUF (Prop_ibuf_I_O)         0.413     0.413 r  clk_wiz/inst/clkin1_ibufg/O
                         net (fo=1, routed)           0.480     0.893    clk_wiz/inst/clk_in1_clk_wiz_0
    MMCME2_ADV_X0Y1      MMCME2_ADV (Prop_mmcme2_adv_CLKIN1_CLKOUT0)
                                                     -3.047    -2.154 r  clk_wiz/inst/mmcm_adv_inst/CLKOUT0
                         net (fo=1, routed)           0.528    -1.626    clk_wiz/inst/clk_out1_clk_wiz_0
    BUFGCTRL_X0Y16       BUFG (Prop_bufg_I_O)         0.029    -1.597 r  clk_wiz/inst/clkout1_buf/O
                         net (fo=186, routed)         0.862    -0.735    vga_to_hdmi/inst/encb/pix_clk
    SLICE_X42Y9          FDCE                                         r  vga_to_hdmi/inst/encb/dout_reg[0]/C
                         clock pessimism              0.249    -0.486    
    SLICE_X42Y9          FDCE (Hold_fdce_C_D)         0.120    -0.366    vga_to_hdmi/inst/encb/dout_reg[0]
  -------------------------------------------------------------------
                         required time                          0.366    
                         arrival time                          -0.213    
  -------------------------------------------------------------------
                         slack                                  0.152    

Slack (MET) :             0.179ns  (arrival time - required time)
  Source:                 vga_to_hdmi/inst/encb/q_m_reg_reg[4]/C
                            (rising edge-triggered cell FDRE clocked by clk_out1_clk_wiz_0  {rise@0.000ns fall@20.000ns period=40.000ns})
  Destination:            vga_to_hdmi/inst/encb/dout_reg[4]/D
                            (rising edge-triggered cell FDCE clocked by clk_out1_clk_wiz_0  {rise@0.000ns fall@20.000ns period=40.000ns})
  Path Group:             clk_out1_clk_wiz_0
  Path Type:              Hold (Min at Fast Process Corner)
  Requirement:            0.000ns  (clk_out1_clk_wiz_0 rise@0.000ns - clk_out1_clk_wiz_0 rise@0.000ns)
  Data Path Delay:        0.283ns  (logic 0.186ns (65.755%)  route 0.097ns (34.245%))
  Logic Levels:           1  (LUT6=1)
  Clock Path Skew:        0.013ns (DCD - SCD - CPR)
    Destination Clock Delay (DCD):    -0.735ns
    Source Clock Delay      (SCD):    -0.502ns
    Clock Pessimism Removal (CPR):    -0.246ns

    Location             Delay type                Incr(ns)  Path(ns)    Netlist Resource(s)
  -------------------------------------------------------------------    -------------------
                         (clock clk_out1_clk_wiz_0 rise edge)
                                                      0.000     0.000 r  
    H16                                               0.000     0.000 r  clk (IN)
                         net (fo=0)                   0.000     0.000    clk_wiz/inst/clk_in1
    H16                  IBUF (Prop_ibuf_I_O)         0.225     0.225 r  clk_wiz/inst/clkin1_ibufg/O
                         net (fo=1, routed)           0.440     0.665    clk_wiz/inst/clk_in1_clk_wiz_0
    MMCME2_ADV_X0Y1      MMCME2_ADV (Prop_mmcme2_adv_CLKIN1_CLKOUT0)
                                                     -2.268    -1.602 r  clk_wiz/inst/mmcm_adv_inst/CLKOUT0
                         net (fo=1, routed)           0.482    -1.120    clk_wiz/inst/clk_out1_clk_wiz_0
    BUFGCTRL_X0Y16       BUFG (Prop_bufg_I_O)         0.026    -1.094 r  clk_wiz/inst/clkout1_buf/O
                         net (fo=186, routed)         0.593    -0.502    vga_to_hdmi/inst/encb/pix_clk
    SLICE_X41Y8          FDRE                                         r  vga_to_hdmi/inst/encb/q_m_reg_reg[4]/C
  -------------------------------------------------------------------    -------------------
    SLICE_X41Y8          FDRE (Prop_fdre_C_Q)         0.141    -0.361 r  vga_to_hdmi/inst/encb/q_m_reg_reg[4]/Q
                         net (fo=1, routed)           0.097    -0.264    vga_to_hdmi/inst/encb/q_m_reg_reg_n_0_[4]
    SLICE_X40Y8          LUT6 (Prop_lut6_I4_O)        0.045    -0.219 r  vga_to_hdmi/inst/encb/dout[4]_i_1/O
                         net (fo=1, routed)           0.000    -0.219    vga_to_hdmi/inst/encb/dout[4]_i_1_n_0
    SLICE_X40Y8          FDCE                                         r  vga_to_hdmi/inst/encb/dout_reg[4]/D
  -------------------------------------------------------------------    -------------------

                         (clock clk_out1_clk_wiz_0 rise edge)
                                                      0.000     0.000 r  
    H16                                               0.000     0.000 r  clk (IN)
                         net (fo=0)                   0.000     0.000    clk_wiz/inst/clk_in1
    H16                  IBUF (Prop_ibuf_I_O)         0.413     0.413 r  clk_wiz/inst/clkin1_ibufg/O
                         net (fo=1, routed)           0.480     0.893    clk_wiz/inst/clk_in1_clk_wiz_0
    MMCME2_ADV_X0Y1      MMCME2_ADV (Prop_mmcme2_adv_CLKIN1_CLKOUT0)
                                                     -3.047    -2.154 r  clk_wiz/inst/mmcm_adv_inst/CLKOUT0
                         net (fo=1, routed)           0.528    -1.626    clk_wiz/inst/clk_out1_clk_wiz_0
    BUFGCTRL_X0Y16       BUFG (Prop_bufg_I_O)         0.029    -1.597 r  clk_wiz/inst/clkout1_buf/O
                         net (fo=186, routed)         0.862    -0.735    vga_to_hdmi/inst/encb/pix_clk
    SLICE_X40Y8          FDCE                                         r  vga_to_hdmi/inst/encb/dout_reg[4]/C
                         clock pessimism              0.246    -0.489    
    SLICE_X40Y8          FDCE (Hold_fdce_C_D)         0.091    -0.398    vga_to_hdmi/inst/encb/dout_reg[4]
  -------------------------------------------------------------------
                         required time                          0.398    
                         arrival time                          -0.219    
  -------------------------------------------------------------------
                         slack                                  0.179    

Slack (MET) :             0.187ns  (arrival time - required time)
  Source:                 vga_to_hdmi/inst/encr/q_m_reg_reg[4]/C
                            (rising edge-triggered cell FDRE clocked by clk_out1_clk_wiz_0  {rise@0.000ns fall@20.000ns period=40.000ns})
  Destination:            vga_to_hdmi/inst/encr/dout_reg[4]/D
                            (rising edge-triggered cell FDCE clocked by clk_out1_clk_wiz_0  {rise@0.000ns fall@20.000ns period=40.000ns})
  Path Group:             clk_out1_clk_wiz_0
  Path Type:              Hold (Min at Fast Process Corner)
  Requirement:            0.000ns  (clk_out1_clk_wiz_0 rise@0.000ns - clk_out1_clk_wiz_0 rise@0.000ns)
  Data Path Delay:        0.291ns  (logic 0.209ns (71.796%)  route 0.082ns (28.204%))
  Logic Levels:           1  (LUT6=1)
  Clock Path Skew:        0.013ns (DCD - SCD - CPR)
    Destination Clock Delay (DCD):    -0.749ns
    Source Clock Delay      (SCD):    -0.513ns
    Clock Pessimism Removal (CPR):    -0.249ns

    Location             Delay type                Incr(ns)  Path(ns)    Netlist Resource(s)
  -------------------------------------------------------------------    -------------------
                         (clock clk_out1_clk_wiz_0 rise edge)
                                                      0.000     0.000 r  
    H16                                               0.000     0.000 r  clk (IN)
                         net (fo=0)                   0.000     0.000    clk_wiz/inst/clk_in1
    H16                  IBUF (Prop_ibuf_I_O)         0.225     0.225 r  clk_wiz/inst/clkin1_ibufg/O
                         net (fo=1, routed)           0.440     0.665    clk_wiz/inst/clk_in1_clk_wiz_0
    MMCME2_ADV_X0Y1      MMCME2_ADV (Prop_mmcme2_adv_CLKIN1_CLKOUT0)
                                                     -2.268    -1.602 r  clk_wiz/inst/mmcm_adv_inst/CLKOUT0
                         net (fo=1, routed)           0.482    -1.120    clk_wiz/inst/clk_out1_clk_wiz_0
    BUFGCTRL_X0Y16       BUFG (Prop_bufg_I_O)         0.026    -1.094 r  clk_wiz/inst/clkout1_buf/O
                         net (fo=186, routed)         0.582    -0.513    vga_to_hdmi/inst/encr/pix_clk
    SLICE_X42Y23         FDRE                                         r  vga_to_hdmi/inst/encr/q_m_reg_reg[4]/C
  -------------------------------------------------------------------    -------------------
    SLICE_X42Y23         FDRE (Prop_fdre_C_Q)         0.164    -0.349 r  vga_to_hdmi/inst/encr/q_m_reg_reg[4]/Q
                         net (fo=1, routed)           0.082    -0.267    vga_to_hdmi/inst/encr/q_m_reg_reg_n_0_[4]
    SLICE_X43Y23         LUT6 (Prop_lut6_I1_O)        0.045    -0.222 r  vga_to_hdmi/inst/encr/dout[4]_i_1__1/O
                         net (fo=1, routed)           0.000    -0.222    vga_to_hdmi/inst/encr/dout[4]_i_1__1_n_0
    SLICE_X43Y23         FDCE                                         r  vga_to_hdmi/inst/encr/dout_reg[4]/D
  -------------------------------------------------------------------    -------------------

                         (clock clk_out1_clk_wiz_0 rise edge)
                                                      0.000     0.000 r  
    H16                                               0.000     0.000 r  clk (IN)
                         net (fo=0)                   0.000     0.000    clk_wiz/inst/clk_in1
    H16                  IBUF (Prop_ibuf_I_O)         0.413     0.413 r  clk_wiz/inst/clkin1_ibufg/O
                         net (fo=1, routed)           0.480     0.893    clk_wiz/inst/clk_in1_clk_wiz_0
    MMCME2_ADV_X0Y1      MMCME2_ADV (Prop_mmcme2_adv_CLKIN1_CLKOUT0)
                                                     -3.047    -2.154 r  clk_wiz/inst/mmcm_adv_inst/CLKOUT0
                         net (fo=1, routed)           0.528    -1.626    clk_wiz/inst/clk_out1_clk_wiz_0
    BUFGCTRL_X0Y16       BUFG (Prop_bufg_I_O)         0.029    -1.597 r  clk_wiz/inst/clkout1_buf/O
                         net (fo=186, routed)         0.848    -0.749    vga_to_hdmi/inst/encr/pix_clk
    SLICE_X43Y23         FDCE                                         r  vga_to_hdmi/inst/encr/dout_reg[4]/C
                         clock pessimism              0.249    -0.500    
    SLICE_X43Y23         FDCE (Hold_fdce_C_D)         0.091    -0.409    vga_to_hdmi/inst/encr/dout_reg[4]
  -------------------------------------------------------------------
                         required time                          0.409    
                         arrival time                          -0.222    
  -------------------------------------------------------------------
                         slack                                  0.187    

Slack (MET) :             0.189ns  (arrival time - required time)
  Source:                 vga/vertical_counter/val_reg[9]/C
                            (rising edge-triggered cell FDRE clocked by clk_out1_clk_wiz_0  {rise@0.000ns fall@20.000ns period=40.000ns})
  Destination:            vga/vertical_counter/val_reg[0]/D
                            (rising edge-triggered cell FDRE clocked by clk_out1_clk_wiz_0  {rise@0.000ns fall@20.000ns period=40.000ns})
  Path Group:             clk_out1_clk_wiz_0
  Path Type:              Hold (Min at Fast Process Corner)
  Requirement:            0.000ns  (clk_out1_clk_wiz_0 rise@0.000ns - clk_out1_clk_wiz_0 rise@0.000ns)
  Data Path Delay:        0.325ns  (logic 0.186ns (57.165%)  route 0.139ns (42.835%))
  Logic Levels:           1  (LUT6=1)
  Clock Path Skew:        0.016ns (DCD - SCD - CPR)
    Destination Clock Delay (DCD):    -0.736ns
    Source Clock Delay      (SCD):    -0.503ns
    Clock Pessimism Removal (CPR):    -0.249ns

    Location             Delay type                Incr(ns)  Path(ns)    Netlist Resource(s)
  -------------------------------------------------------------------    -------------------
                         (clock clk_out1_clk_wiz_0 rise edge)
                                                      0.000     0.000 r  
    H16                                               0.000     0.000 r  clk (IN)
                         net (fo=0)                   0.000     0.000    clk_wiz/inst/clk_in1
    H16                  IBUF (Prop_ibuf_I_O)         0.225     0.225 r  clk_wiz/inst/clkin1_ibufg/O
                         net (fo=1, routed)           0.440     0.665    clk_wiz/inst/clk_in1_clk_wiz_0
    MMCME2_ADV_X0Y1      MMCME2_ADV (Prop_mmcme2_adv_CLKIN1_CLKOUT0)
                                                     -2.268    -1.602 r  clk_wiz/inst/mmcm_adv_inst/CLKOUT0
                         net (fo=1, routed)           0.482    -1.120    clk_wiz/inst/clk_out1_clk_wiz_0
    BUFGCTRL_X0Y16       BUFG (Prop_bufg_I_O)         0.026    -1.094 r  clk_wiz/inst/clkout1_buf/O
                         net (fo=186, routed)         0.592    -0.503    vga/vertical_counter/CLK
    SLICE_X36Y4          FDRE                                         r  vga/vertical_counter/val_reg[9]/C
  -------------------------------------------------------------------    -------------------
    SLICE_X36Y4          FDRE (Prop_fdre_C_Q)         0.141    -0.362 f  vga/vertical_counter/val_reg[9]/Q
                         net (fo=5, routed)           0.139    -0.222    vga/vertical_counter/Q[0]
    SLICE_X38Y4          LUT6 (Prop_lut6_I2_O)        0.045    -0.177 r  vga/vertical_counter/val[0]_i_1__0/O
                         net (fo=1, routed)           0.000    -0.177    vga/vertical_counter/val[0]
    SLICE_X38Y4          FDRE                                         r  vga/vertical_counter/val_reg[0]/D
  -------------------------------------------------------------------    -------------------

                         (clock clk_out1_clk_wiz_0 rise edge)
                                                      0.000     0.000 r  
    H16                                               0.000     0.000 r  clk (IN)
                         net (fo=0)                   0.000     0.000    clk_wiz/inst/clk_in1
    H16                  IBUF (Prop_ibuf_I_O)         0.413     0.413 r  clk_wiz/inst/clkin1_ibufg/O
                         net (fo=1, routed)           0.480     0.893    clk_wiz/inst/clk_in1_clk_wiz_0
    MMCME2_ADV_X0Y1      MMCME2_ADV (Prop_mmcme2_adv_CLKIN1_CLKOUT0)
                                                     -3.047    -2.154 r  clk_wiz/inst/mmcm_adv_inst/CLKOUT0
                         net (fo=1, routed)           0.528    -1.626    clk_wiz/inst/clk_out1_clk_wiz_0
    BUFGCTRL_X0Y16       BUFG (Prop_bufg_I_O)         0.029    -1.597 r  clk_wiz/inst/clkout1_buf/O
                         net (fo=186, routed)         0.861    -0.736    vga/vertical_counter/CLK
    SLICE_X38Y4          FDRE                                         r  vga/vertical_counter/val_reg[0]/C
                         clock pessimism              0.249    -0.487    
    SLICE_X38Y4          FDRE (Hold_fdre_C_D)         0.120    -0.367    vga/vertical_counter/val_reg[0]
  -------------------------------------------------------------------
                         required time                          0.367    
                         arrival time                          -0.177    
  -------------------------------------------------------------------
                         slack                                  0.189    

Slack (MET) :             0.191ns  (arrival time - required time)
  Source:                 vga_to_hdmi/inst/encr/q_m_reg_reg[6]/C
                            (rising edge-triggered cell FDRE clocked by clk_out1_clk_wiz_0  {rise@0.000ns fall@20.000ns period=40.000ns})
  Destination:            vga_to_hdmi/inst/encr/dout_reg[6]/D
                            (rising edge-triggered cell FDCE clocked by clk_out1_clk_wiz_0  {rise@0.000ns fall@20.000ns period=40.000ns})
  Path Group:             clk_out1_clk_wiz_0
  Path Type:              Hold (Min at Fast Process Corner)
  Requirement:            0.000ns  (clk_out1_clk_wiz_0 rise@0.000ns - clk_out1_clk_wiz_0 rise@0.000ns)
  Data Path Delay:        0.325ns  (logic 0.186ns (57.212%)  route 0.139ns (42.788%))
  Logic Levels:           1  (LUT5=1)
  Clock Path Skew:        0.013ns (DCD - SCD - CPR)
    Destination Clock Delay (DCD):    -0.747ns
    Source Clock Delay      (SCD):    -0.511ns
    Clock Pessimism Removal (CPR):    -0.249ns

    Location             Delay type                Incr(ns)  Path(ns)    Netlist Resource(s)
  -------------------------------------------------------------------    -------------------
                         (clock clk_out1_clk_wiz_0 rise edge)
                                                      0.000     0.000 r  
    H16                                               0.000     0.000 r  clk (IN)
                         net (fo=0)                   0.000     0.000    clk_wiz/inst/clk_in1
    H16                  IBUF (Prop_ibuf_I_O)         0.225     0.225 r  clk_wiz/inst/clkin1_ibufg/O
                         net (fo=1, routed)           0.440     0.665    clk_wiz/inst/clk_in1_clk_wiz_0
    MMCME2_ADV_X0Y1      MMCME2_ADV (Prop_mmcme2_adv_CLKIN1_CLKOUT0)
                                                     -2.268    -1.602 r  clk_wiz/inst/mmcm_adv_inst/CLKOUT0
                         net (fo=1, routed)           0.482    -1.120    clk_wiz/inst/clk_out1_clk_wiz_0
    BUFGCTRL_X0Y16       BUFG (Prop_bufg_I_O)         0.026    -1.094 r  clk_wiz/inst/clkout1_buf/O
                         net (fo=186, routed)         0.584    -0.511    vga_to_hdmi/inst/encr/pix_clk
    SLICE_X43Y22         FDRE                                         r  vga_to_hdmi/inst/encr/q_m_reg_reg[6]/C
  -------------------------------------------------------------------    -------------------
    SLICE_X43Y22         FDRE (Prop_fdre_C_Q)         0.141    -0.370 r  vga_to_hdmi/inst/encr/q_m_reg_reg[6]/Q
                         net (fo=1, routed)           0.139    -0.231    vga_to_hdmi/inst/encr/q_m_reg_reg_n_0_[6]
    SLICE_X42Y22         LUT5 (Prop_lut5_I1_O)        0.045    -0.186 r  vga_to_hdmi/inst/encr/dout[6]_i_1__1/O
                         net (fo=1, routed)           0.000    -0.186    vga_to_hdmi/inst/encr/dout[6]_i_1__1_n_0
    SLICE_X42Y22         FDCE                                         r  vga_to_hdmi/inst/encr/dout_reg[6]/D
  -------------------------------------------------------------------    -------------------

                         (clock clk_out1_clk_wiz_0 rise edge)
                                                      0.000     0.000 r  
    H16                                               0.000     0.000 r  clk (IN)
                         net (fo=0)                   0.000     0.000    clk_wiz/inst/clk_in1
    H16                  IBUF (Prop_ibuf_I_O)         0.413     0.413 r  clk_wiz/inst/clkin1_ibufg/O
                         net (fo=1, routed)           0.480     0.893    clk_wiz/inst/clk_in1_clk_wiz_0
    MMCME2_ADV_X0Y1      MMCME2_ADV (Prop_mmcme2_adv_CLKIN1_CLKOUT0)
                                                     -3.047    -2.154 r  clk_wiz/inst/mmcm_adv_inst/CLKOUT0
                         net (fo=1, routed)           0.528    -1.626    clk_wiz/inst/clk_out1_clk_wiz_0
    BUFGCTRL_X0Y16       BUFG (Prop_bufg_I_O)         0.029    -1.597 r  clk_wiz/inst/clkout1_buf/O
                         net (fo=186, routed)         0.850    -0.747    vga_to_hdmi/inst/encr/pix_clk
    SLICE_X42Y22         FDCE                                         r  vga_to_hdmi/inst/encr/dout_reg[6]/C
                         clock pessimism              0.249    -0.498    
    SLICE_X42Y22         FDCE (Hold_fdce_C_D)         0.121    -0.377    vga_to_hdmi/inst/encr/dout_reg[6]
  -------------------------------------------------------------------
                         required time                          0.377    
                         arrival time                          -0.186    
  -------------------------------------------------------------------
                         slack                                  0.191    

Slack (MET) :             0.194ns  (arrival time - required time)
  Source:                 vga_to_hdmi/inst/encb/c1_q_reg/C
                            (rising edge-triggered cell FDRE clocked by clk_out1_clk_wiz_0  {rise@0.000ns fall@20.000ns period=40.000ns})
  Destination:            vga_to_hdmi/inst/encb/c1_reg_reg/D
                            (rising edge-triggered cell FDRE clocked by clk_out1_clk_wiz_0  {rise@0.000ns fall@20.000ns period=40.000ns})
  Path Group:             clk_out1_clk_wiz_0
  Path Type:              Hold (Min at Fast Process Corner)
  Requirement:            0.000ns  (clk_out1_clk_wiz_0 rise@0.000ns - clk_out1_clk_wiz_0 rise@0.000ns)
  Data Path Delay:        0.276ns  (logic 0.164ns (59.419%)  route 0.112ns (40.581%))
  Logic Levels:           0  
  Clock Path Skew:        0.016ns (DCD - SCD - CPR)
    Destination Clock Delay (DCD):    -0.735ns
    Source Clock Delay      (SCD):    -0.502ns
    Clock Pessimism Removal (CPR):    -0.249ns

    Location             Delay type                Incr(ns)  Path(ns)    Netlist Resource(s)
  -------------------------------------------------------------------    -------------------
                         (clock clk_out1_clk_wiz_0 rise edge)
                                                      0.000     0.000 r  
    H16                                               0.000     0.000 r  clk (IN)
                         net (fo=0)                   0.000     0.000    clk_wiz/inst/clk_in1
    H16                  IBUF (Prop_ibuf_I_O)         0.225     0.225 r  clk_wiz/inst/clkin1_ibufg/O
                         net (fo=1, routed)           0.440     0.665    clk_wiz/inst/clk_in1_clk_wiz_0
    MMCME2_ADV_X0Y1      MMCME2_ADV (Prop_mmcme2_adv_CLKIN1_CLKOUT0)
                                                     -2.268    -1.602 r  clk_wiz/inst/mmcm_adv_inst/CLKOUT0
                         net (fo=1, routed)           0.482    -1.120    clk_wiz/inst/clk_out1_clk_wiz_0
    BUFGCTRL_X0Y16       BUFG (Prop_bufg_I_O)         0.026    -1.094 r  clk_wiz/inst/clkout1_buf/O
                         net (fo=186, routed)         0.593    -0.502    vga_to_hdmi/inst/encb/pix_clk
    SLICE_X42Y7          FDRE                                         r  vga_to_hdmi/inst/encb/c1_q_reg/C
  -------------------------------------------------------------------    -------------------
    SLICE_X42Y7          FDRE (Prop_fdre_C_Q)         0.164    -0.338 r  vga_to_hdmi/inst/encb/c1_q_reg/Q
                         net (fo=1, routed)           0.112    -0.226    vga_to_hdmi/inst/encb/c1_q
    SLICE_X43Y8          FDRE                                         r  vga_to_hdmi/inst/encb/c1_reg_reg/D
  -------------------------------------------------------------------    -------------------

                         (clock clk_out1_clk_wiz_0 rise edge)
                                                      0.000     0.000 r  
    H16                                               0.000     0.000 r  clk (IN)
                         net (fo=0)                   0.000     0.000    clk_wiz/inst/clk_in1
    H16                  IBUF (Prop_ibuf_I_O)         0.413     0.413 r  clk_wiz/inst/clkin1_ibufg/O
                         net (fo=1, routed)           0.480     0.893    clk_wiz/inst/clk_in1_clk_wiz_0
    MMCME2_ADV_X0Y1      MMCME2_ADV (Prop_mmcme2_adv_CLKIN1_CLKOUT0)
                                                     -3.047    -2.154 r  clk_wiz/inst/mmcm_adv_inst/CLKOUT0
                         net (fo=1, routed)           0.528    -1.626    clk_wiz/inst/clk_out1_clk_wiz_0
    BUFGCTRL_X0Y16       BUFG (Prop_bufg_I_O)         0.029    -1.597 r  clk_wiz/inst/clkout1_buf/O
                         net (fo=186, routed)         0.862    -0.735    vga_to_hdmi/inst/encb/pix_clk
    SLICE_X43Y8          FDRE                                         r  vga_to_hdmi/inst/encb/c1_reg_reg/C
                         clock pessimism              0.249    -0.486    
    SLICE_X43Y8          FDRE (Hold_fdre_C_D)         0.066    -0.420    vga_to_hdmi/inst/encb/c1_reg_reg
  -------------------------------------------------------------------
                         required time                          0.420    
                         arrival time                          -0.226    
  -------------------------------------------------------------------
                         slack                                  0.194    

Slack (MET) :             0.201ns  (arrival time - required time)
  Source:                 vga_to_hdmi/inst/encr/vdin_q_reg[0]/C
                            (rising edge-triggered cell FDRE clocked by clk_out1_clk_wiz_0  {rise@0.000ns fall@20.000ns period=40.000ns})
  Destination:            vga_to_hdmi/inst/encr/q_m_reg_reg[1]/D
                            (rising edge-triggered cell FDRE clocked by clk_out1_clk_wiz_0  {rise@0.000ns fall@20.000ns period=40.000ns})
  Path Group:             clk_out1_clk_wiz_0
  Path Type:              Hold (Min at Fast Process Corner)
  Requirement:            0.000ns  (clk_out1_clk_wiz_0 rise@0.000ns - clk_out1_clk_wiz_0 rise@0.000ns)
  Data Path Delay:        0.305ns  (logic 0.209ns (68.447%)  route 0.096ns (31.553%))
  Logic Levels:           1  (LUT6=1)
  Clock Path Skew:        0.013ns (DCD - SCD - CPR)
    Destination Clock Delay (DCD):    -0.750ns
    Source Clock Delay      (SCD):    -0.514ns
    Clock Pessimism Removal (CPR):    -0.249ns

    Location             Delay type                Incr(ns)  Path(ns)    Netlist Resource(s)
  -------------------------------------------------------------------    -------------------
                         (clock clk_out1_clk_wiz_0 rise edge)
                                                      0.000     0.000 r  
    H16                                               0.000     0.000 r  clk (IN)
                         net (fo=0)                   0.000     0.000    clk_wiz/inst/clk_in1
    H16                  IBUF (Prop_ibuf_I_O)         0.225     0.225 r  clk_wiz/inst/clkin1_ibufg/O
                         net (fo=1, routed)           0.440     0.665    clk_wiz/inst/clk_in1_clk_wiz_0
    MMCME2_ADV_X0Y1      MMCME2_ADV (Prop_mmcme2_adv_CLKIN1_CLKOUT0)
                                                     -2.268    -1.602 r  clk_wiz/inst/mmcm_adv_inst/CLKOUT0
                         net (fo=1, routed)           0.482    -1.120    clk_wiz/inst/clk_out1_clk_wiz_0
    BUFGCTRL_X0Y16       BUFG (Prop_bufg_I_O)         0.026    -1.094 r  clk_wiz/inst/clkout1_buf/O
                         net (fo=186, routed)         0.581    -0.514    vga_to_hdmi/inst/encr/pix_clk
    SLICE_X42Y24         FDRE                                         r  vga_to_hdmi/inst/encr/vdin_q_reg[0]/C
  -------------------------------------------------------------------    -------------------
    SLICE_X42Y24         FDRE (Prop_fdre_C_Q)         0.164    -0.350 r  vga_to_hdmi/inst/encr/vdin_q_reg[0]/Q
                         net (fo=18, routed)          0.096    -0.253    vga_to_hdmi/inst/encr/vdin_q_reg_n_0_[0]
    SLICE_X43Y24         LUT6 (Prop_lut6_I5_O)        0.045    -0.208 r  vga_to_hdmi/inst/encr/q_m_reg[1]_i_1__1/O
                         net (fo=1, routed)           0.000    -0.208    vga_to_hdmi/inst/encr/q_m_1
    SLICE_X43Y24         FDRE                                         r  vga_to_hdmi/inst/encr/q_m_reg_reg[1]/D
  -------------------------------------------------------------------    -------------------

                         (clock clk_out1_clk_wiz_0 rise edge)
                                                      0.000     0.000 r  
    H16                                               0.000     0.000 r  clk (IN)
                         net (fo=0)                   0.000     0.000    clk_wiz/inst/clk_in1
    H16                  IBUF (Prop_ibuf_I_O)         0.413     0.413 r  clk_wiz/inst/clkin1_ibufg/O
                         net (fo=1, routed)           0.480     0.893    clk_wiz/inst/clk_in1_clk_wiz_0
    MMCME2_ADV_X0Y1      MMCME2_ADV (Prop_mmcme2_adv_CLKIN1_CLKOUT0)
                                                     -3.047    -2.154 r  clk_wiz/inst/mmcm_adv_inst/CLKOUT0
                         net (fo=1, routed)           0.528    -1.626    clk_wiz/inst/clk_out1_clk_wiz_0
    BUFGCTRL_X0Y16       BUFG (Prop_bufg_I_O)         0.029    -1.597 r  clk_wiz/inst/clkout1_buf/O
                         net (fo=186, routed)         0.847    -0.750    vga_to_hdmi/inst/encr/pix_clk
    SLICE_X43Y24         FDRE                                         r  vga_to_hdmi/inst/encr/q_m_reg_reg[1]/C
                         clock pessimism              0.249    -0.501    
    SLICE_X43Y24         FDRE (Hold_fdre_C_D)         0.091    -0.410    vga_to_hdmi/inst/encr/q_m_reg_reg[1]
  -------------------------------------------------------------------
                         required time                          0.410    
                         arrival time                          -0.208    
  -------------------------------------------------------------------
                         slack                                  0.201    

Slack (MET) :             0.214ns  (arrival time - required time)
  Source:                 vga/horizontal_counter/val_reg[5]/C
                            (rising edge-triggered cell FDRE clocked by clk_out1_clk_wiz_0  {rise@0.000ns fall@20.000ns period=40.000ns})
  Destination:            vga/horizontal_counter/val_reg[5]/D
                            (rising edge-triggered cell FDRE clocked by clk_out1_clk_wiz_0  {rise@0.000ns fall@20.000ns period=40.000ns})
  Path Group:             clk_out1_clk_wiz_0
  Path Type:              Hold (Min at Fast Process Corner)
  Requirement:            0.000ns  (clk_out1_clk_wiz_0 rise@0.000ns - clk_out1_clk_wiz_0 rise@0.000ns)
  Data Path Delay:        0.306ns  (logic 0.186ns (60.723%)  route 0.120ns (39.277%))
  Logic Levels:           1  (LUT6=1)
  Clock Path Skew:        0.000ns (DCD - SCD - CPR)
    Destination Clock Delay (DCD):    -0.736ns
    Source Clock Delay      (SCD):    -0.503ns
    Clock Pessimism Removal (CPR):    -0.233ns

    Location             Delay type                Incr(ns)  Path(ns)    Netlist Resource(s)
  -------------------------------------------------------------------    -------------------
                         (clock clk_out1_clk_wiz_0 rise edge)
                                                      0.000     0.000 r  
    H16                                               0.000     0.000 r  clk (IN)
                         net (fo=0)                   0.000     0.000    clk_wiz/inst/clk_in1
    H16                  IBUF (Prop_ibuf_I_O)         0.225     0.225 r  clk_wiz/inst/clkin1_ibufg/O
                         net (fo=1, routed)           0.440     0.665    clk_wiz/inst/clk_in1_clk_wiz_0
    MMCME2_ADV_X0Y1      MMCME2_ADV (Prop_mmcme2_adv_CLKIN1_CLKOUT0)
                                                     -2.268    -1.602 r  clk_wiz/inst/mmcm_adv_inst/CLKOUT0
                         net (fo=1, routed)           0.482    -1.120    clk_wiz/inst/clk_out1_clk_wiz_0
    BUFGCTRL_X0Y16       BUFG (Prop_bufg_I_O)         0.026    -1.094 r  clk_wiz/inst/clkout1_buf/O
                         net (fo=186, routed)         0.592    -0.503    vga/horizontal_counter/CLK
    SLICE_X37Y6          FDRE                                         r  vga/horizontal_counter/val_reg[5]/C
  -------------------------------------------------------------------    -------------------
    SLICE_X37Y6          FDRE (Prop_fdre_C_Q)         0.141    -0.362 r  vga/horizontal_counter/val_reg[5]/Q
                         net (fo=8, routed)           0.120    -0.241    vga/horizontal_counter/val_reg_n_0_[5]
    SLICE_X37Y6          LUT6 (Prop_lut6_I5_O)        0.045    -0.196 r  vga/horizontal_counter/val[5]_i_1/O
                         net (fo=1, routed)           0.000    -0.196    vga/horizontal_counter/data0[5]
    SLICE_X37Y6          FDRE                                         r  vga/horizontal_counter/val_reg[5]/D
  -------------------------------------------------------------------    -------------------

                         (clock clk_out1_clk_wiz_0 rise edge)
                                                      0.000     0.000 r  
    H16                                               0.000     0.000 r  clk (IN)
                         net (fo=0)                   0.000     0.000    clk_wiz/inst/clk_in1
    H16                  IBUF (Prop_ibuf_I_O)         0.413     0.413 r  clk_wiz/inst/clkin1_ibufg/O
                         net (fo=1, routed)           0.480     0.893    clk_wiz/inst/clk_in1_clk_wiz_0
    MMCME2_ADV_X0Y1      MMCME2_ADV (Prop_mmcme2_adv_CLKIN1_CLKOUT0)
                                                     -3.047    -2.154 r  clk_wiz/inst/mmcm_adv_inst/CLKOUT0
                         net (fo=1, routed)           0.528    -1.626    clk_wiz/inst/clk_out1_clk_wiz_0
    BUFGCTRL_X0Y16       BUFG (Prop_bufg_I_O)         0.029    -1.597 r  clk_wiz/inst/clkout1_buf/O
                         net (fo=186, routed)         0.861    -0.736    vga/horizontal_counter/CLK
    SLICE_X37Y6          FDRE                                         r  vga/horizontal_counter/val_reg[5]/C
                         clock pessimism              0.233    -0.503    
    SLICE_X37Y6          FDRE (Hold_fdre_C_D)         0.092    -0.411    vga/horizontal_counter/val_reg[5]
  -------------------------------------------------------------------
                         required time                          0.411    
                         arrival time                          -0.196    
  -------------------------------------------------------------------
                         slack                                  0.214    





Pulse Width Checks
--------------------------------------------------------------------------------------
Clock Name:         clk_out1_clk_wiz_0
Waveform(ns):       { 0.000 20.000 }
Period(ns):         40.000
Sources:            { clk_wiz/inst/mmcm_adv_inst/CLKOUT0 }

Check Type        Corner  Lib Pin             Reference Pin  Required(ns)  Actual(ns)  Slack(ns)  Location         Pin
Min Period        n/a     BUFG/I              n/a            2.155         40.000      37.845     BUFGCTRL_X0Y16   clk_wiz/inst/clkout1_buf/I
Min Period        n/a     OSERDESE2/CLKDIV    n/a            1.667         40.000      38.333     OLOGIC_X0Y8      vga_to_hdmi/inst/serial_b/oserdes_m/CLKDIV
Min Period        n/a     OSERDESE2/CLKDIV    n/a            1.667         40.000      38.333     OLOGIC_X0Y7      vga_to_hdmi/inst/serial_b/oserdes_s/CLKDIV
Min Period        n/a     OSERDESE2/CLKDIV    n/a            1.667         40.000      38.333     OLOGIC_X0Y26     vga_to_hdmi/inst/serial_clk/oserdes_m/CLKDIV
Min Period        n/a     OSERDESE2/CLKDIV    n/a            1.667         40.000      38.333     OLOGIC_X0Y25     vga_to_hdmi/inst/serial_clk/oserdes_s/CLKDIV
Min Period        n/a     OSERDESE2/CLKDIV    n/a            1.667         40.000      38.333     OLOGIC_X0Y4      vga_to_hdmi/inst/serial_g/oserdes_m/CLKDIV
Min Period        n/a     OSERDESE2/CLKDIV    n/a            1.667         40.000      38.333     OLOGIC_X0Y3      vga_to_hdmi/inst/serial_g/oserdes_s/CLKDIV
Min Period        n/a     OSERDESE2/CLKDIV    n/a            1.667         40.000      38.333     OLOGIC_X0Y24     vga_to_hdmi/inst/serial_r/oserdes_m/CLKDIV
Min Period        n/a     OSERDESE2/CLKDIV    n/a            1.667         40.000      38.333     OLOGIC_X0Y23     vga_to_hdmi/inst/serial_r/oserdes_s/CLKDIV
Min Period        n/a     MMCME2_ADV/CLKOUT0  n/a            1.249         40.000      38.751     MMCME2_ADV_X0Y1  clk_wiz/inst/mmcm_adv_inst/CLKOUT0
Max Period        n/a     MMCME2_ADV/CLKOUT0  n/a            213.360       40.000      173.360    MMCME2_ADV_X0Y1  clk_wiz/inst/mmcm_adv_inst/CLKOUT0
Low Pulse Width   Slow    SRL16E/CLK          n/a            0.980         20.000      19.020     SLICE_X42Y5      vga_to_hdmi/inst/encg/c0_q_reg_srl2/CLK
Low Pulse Width   Fast    SRL16E/CLK          n/a            0.980         20.000      19.020     SLICE_X42Y5      vga_to_hdmi/inst/encg/c0_q_reg_srl2/CLK
Low Pulse Width   Slow    SRL16E/CLK          n/a            0.980         20.000      19.020     SLICE_X42Y26     vga_to_hdmi/inst/srldly_0/srl[16].srl16_i/CLK
Low Pulse Width   Fast    SRL16E/CLK          n/a            0.980         20.000      19.020     SLICE_X42Y26     vga_to_hdmi/inst/srldly_0/srl[16].srl16_i/CLK
Low Pulse Width   Slow    SRL16E/CLK          n/a            0.980         20.000      19.020     SLICE_X42Y26     vga_to_hdmi/inst/srldly_0/srl[17].srl16_i/CLK
Low Pulse Width   Fast    SRL16E/CLK          n/a            0.980         20.000      19.020     SLICE_X42Y26     vga_to_hdmi/inst/srldly_0/srl[17].srl16_i/CLK
Low Pulse Width   Slow    SRL16E/CLK          n/a            0.980         20.000      19.020     SLICE_X42Y26     vga_to_hdmi/inst/srldly_0/srl[18].srl16_i/CLK
Low Pulse Width   Fast    SRL16E/CLK          n/a            0.980         20.000      19.020     SLICE_X42Y26     vga_to_hdmi/inst/srldly_0/srl[18].srl16_i/CLK
Low Pulse Width   Slow    SRL16E/CLK          n/a            0.980         20.000      19.020     SLICE_X42Y26     vga_to_hdmi/inst/srldly_0/srl[19].srl16_i/CLK
Low Pulse Width   Fast    SRL16E/CLK          n/a            0.980         20.000      19.020     SLICE_X42Y26     vga_to_hdmi/inst/srldly_0/srl[19].srl16_i/CLK
High Pulse Width  Slow    SRL16E/CLK          n/a            0.980         20.000      19.020     SLICE_X42Y5      vga_to_hdmi/inst/encg/c0_q_reg_srl2/CLK
High Pulse Width  Fast    SRL16E/CLK          n/a            0.980         20.000      19.020     SLICE_X42Y5      vga_to_hdmi/inst/encg/c0_q_reg_srl2/CLK
High Pulse Width  Slow    SRL16E/CLK          n/a            0.980         20.000      19.020     SLICE_X42Y26     vga_to_hdmi/inst/srldly_0/srl[16].srl16_i/CLK
High Pulse Width  Fast    SRL16E/CLK          n/a            0.980         20.000      19.020     SLICE_X42Y26     vga_to_hdmi/inst/srldly_0/srl[16].srl16_i/CLK
High Pulse Width  Slow    SRL16E/CLK          n/a            0.980         20.000      19.020     SLICE_X42Y26     vga_to_hdmi/inst/srldly_0/srl[17].srl16_i/CLK
High Pulse Width  Fast    SRL16E/CLK          n/a            0.980         20.000      19.020     SLICE_X42Y26     vga_to_hdmi/inst/srldly_0/srl[17].srl16_i/CLK
High Pulse Width  Slow    SRL16E/CLK          n/a            0.980         20.000      19.020     SLICE_X42Y26     vga_to_hdmi/inst/srldly_0/srl[18].srl16_i/CLK
High Pulse Width  Fast    SRL16E/CLK          n/a            0.980         20.000      19.020     SLICE_X42Y26     vga_to_hdmi/inst/srldly_0/srl[18].srl16_i/CLK
High Pulse Width  Slow    SRL16E/CLK          n/a            0.980         20.000      19.020     SLICE_X42Y26     vga_to_hdmi/inst/srldly_0/srl[19].srl16_i/CLK
High Pulse Width  Fast    SRL16E/CLK          n/a            0.980         20.000      19.020     SLICE_X42Y26     vga_to_hdmi/inst/srldly_0/srl[19].srl16_i/CLK



---------------------------------------------------------------------------------------------------
From Clock:  clk_out2_clk_wiz_0
  To Clock:  clk_out2_clk_wiz_0

Setup :           NA  Failing Endpoints,  Worst Slack           NA  ,  Total Violation           NA
Hold  :           NA  Failing Endpoints,  Worst Slack           NA  ,  Total Violation           NA
PW    :            0  Failing Endpoints,  Worst Slack        5.845ns,  Total Violation        0.000ns
---------------------------------------------------------------------------------------------------


Pulse Width Checks
--------------------------------------------------------------------------------------
Clock Name:         clk_out2_clk_wiz_0
Waveform(ns):       { 0.000 4.000 }
Period(ns):         8.000
Sources:            { clk_wiz/inst/mmcm_adv_inst/CLKOUT1 }

Check Type  Corner  Lib Pin             Reference Pin  Required(ns)  Actual(ns)  Slack(ns)  Location         Pin
Min Period  n/a     BUFG/I              n/a            2.155         8.000       5.845      BUFGCTRL_X0Y17   clk_wiz/inst/clkout2_buf/I
Min Period  n/a     OSERDESE2/CLK       n/a            1.667         8.000       6.333      OLOGIC_X0Y8      vga_to_hdmi/inst/serial_b/oserdes_m/CLK
Min Period  n/a     OSERDESE2/CLK       n/a            1.667         8.000       6.333      OLOGIC_X0Y7      vga_to_hdmi/inst/serial_b/oserdes_s/CLK
Min Period  n/a     OSERDESE2/CLK       n/a            1.667         8.000       6.333      OLOGIC_X0Y26     vga_to_hdmi/inst/serial_clk/oserdes_m/CLK
Min Period  n/a     OSERDESE2/CLK       n/a            1.667         8.000       6.333      OLOGIC_X0Y25     vga_to_hdmi/inst/serial_clk/oserdes_s/CLK
Min Period  n/a     OSERDESE2/CLK       n/a            1.667         8.000       6.333      OLOGIC_X0Y4      vga_to_hdmi/inst/serial_g/oserdes_m/CLK
Min Period  n/a     OSERDESE2/CLK       n/a            1.667         8.000       6.333      OLOGIC_X0Y3      vga_to_hdmi/inst/serial_g/oserdes_s/CLK
Min Period  n/a     OSERDESE2/CLK       n/a            1.667         8.000       6.333      OLOGIC_X0Y24     vga_to_hdmi/inst/serial_r/oserdes_m/CLK
Min Period  n/a     OSERDESE2/CLK       n/a            1.667         8.000       6.333      OLOGIC_X0Y23     vga_to_hdmi/inst/serial_r/oserdes_s/CLK
Min Period  n/a     MMCME2_ADV/CLKOUT1  n/a            1.249         8.000       6.751      MMCME2_ADV_X0Y1  clk_wiz/inst/mmcm_adv_inst/CLKOUT1
Max Period  n/a     MMCME2_ADV/CLKOUT1  n/a            213.360       8.000       205.360    MMCME2_ADV_X0Y1  clk_wiz/inst/mmcm_adv_inst/CLKOUT1



---------------------------------------------------------------------------------------------------
From Clock:  clkfbout_clk_wiz_0
  To Clock:  clkfbout_clk_wiz_0

Setup :           NA  Failing Endpoints,  Worst Slack           NA  ,  Total Violation           NA
Hold  :           NA  Failing Endpoints,  Worst Slack           NA  ,  Total Violation           NA
PW    :            0  Failing Endpoints,  Worst Slack        7.845ns,  Total Violation        0.000ns
---------------------------------------------------------------------------------------------------


Pulse Width Checks
--------------------------------------------------------------------------------------
Clock Name:         clkfbout_clk_wiz_0
Waveform(ns):       { 0.000 5.000 }
Period(ns):         10.000
Sources:            { clk_wiz/inst/mmcm_adv_inst/CLKFBOUT }

Check Type  Corner  Lib Pin              Reference Pin  Required(ns)  Actual(ns)  Slack(ns)  Location         Pin
Min Period  n/a     BUFG/I               n/a            2.155         10.000      7.845      BUFGCTRL_X0Y18   clk_wiz/inst/clkf_buf/I
Min Period  n/a     MMCME2_ADV/CLKFBOUT  n/a            1.249         10.000      8.751      MMCME2_ADV_X0Y1  clk_wiz/inst/mmcm_adv_inst/CLKFBOUT
Min Period  n/a     MMCME2_ADV/CLKFBIN   n/a            1.249         10.000      8.751      MMCME2_ADV_X0Y1  clk_wiz/inst/mmcm_adv_inst/CLKFBIN
Max Period  n/a     MMCME2_ADV/CLKFBIN   n/a            100.000       10.000      90.000     MMCME2_ADV_X0Y1  clk_wiz/inst/mmcm_adv_inst/CLKFBIN
Max Period  n/a     MMCME2_ADV/CLKFBOUT  n/a            213.360       10.000      203.360    MMCME2_ADV_X0Y1  clk_wiz/inst/mmcm_adv_inst/CLKFBOUT



--------------------------------------------------------------------------------------
Path Group:  (none)
From Clock:  clk_out2_clk_wiz_0
  To Clock:  

Max Delay             8 Endpoints
Min Delay             8 Endpoints
--------------------------------------------------------------------------------------


Max Delay Paths
--------------------------------------------------------------------------------------
Slack:                    inf
  Source:                 vga_to_hdmi/inst/serial_clk/oserdes_m/CLK
                            (rising edge-triggered cell OSERDESE2 clocked by clk_out2_clk_wiz_0  {rise@0.000ns fall@4.000ns period=8.000ns})
  Destination:            hdmi_clk_n
                            (output port)
  Path Group:             (none)
  Path Type:              Max at Slow Process Corner
  Data Path Delay:        2.387ns  (logic 2.386ns (99.958%)  route 0.001ns (0.042%))
  Logic Levels:           1  (OBUFDS=1)
  Clock Uncertainty:      0.166ns  ((TSJ^2 + DJ^2)^1/2) / 2 + PE
    Total System Jitter     (TSJ):    0.050ns
    Discrete Jitter          (DJ):    0.125ns
    Phase Error              (PE):    0.099ns

    Location             Delay type                Incr(ns)  Path(ns)    Netlist Resource(s)
  -------------------------------------------------------------------    -------------------
                         (clock clk_out2_clk_wiz_0 rise edge)
                                                      0.000     0.000 r  
    H16                                               0.000     0.000 r  clk (IN)
                         net (fo=0)                   0.000     0.000    clk_wiz/inst/clk_in1
    H16                  IBUF (Prop_ibuf_I_O)         1.457     1.457 r  clk_wiz/inst/clkin1_ibufg/O
                         net (fo=1, routed)           1.285     2.742    clk_wiz/inst/clk_in1_clk_wiz_0
    MMCME2_ADV_X0Y1      MMCME2_ADV (Prop_mmcme2_adv_CLKIN1_CLKOUT1)
                                                     -6.996    -4.254 r  clk_wiz/inst/mmcm_adv_inst/CLKOUT1
                         net (fo=1, routed)           1.760    -2.494    clk_wiz/inst/clk_out2_clk_wiz_0
    BUFGCTRL_X0Y17       BUFG (Prop_bufg_I_O)         0.101    -2.393 r  clk_wiz/inst/clkout2_buf/O
                         net (fo=8, routed)           1.761    -0.631    vga_to_hdmi/inst/serial_clk/pix_clkx5
    OLOGIC_X0Y26         OSERDESE2                                    r  vga_to_hdmi/inst/serial_clk/oserdes_m/CLK
  -------------------------------------------------------------------    -------------------
    OLOGIC_X0Y26         OSERDESE2 (Prop_oserdese2_CLK_OQ)
                                                      0.472    -0.159 r  vga_to_hdmi/inst/serial_clk/oserdes_m/OQ
                         net (fo=1, routed)           0.001    -0.158    vga_to_hdmi/inst/tmdsclk
    U18                  OBUFDS (Prop_obufds_I_OB)    1.914     1.756 r  vga_to_hdmi/inst/OBUFDS_CLK/OB
                         net (fo=0)                   0.000     1.756    hdmi_clk_n
    U19                                                               r  hdmi_clk_n (OUT)
  -------------------------------------------------------------------    -------------------

Slack:                    inf
  Source:                 vga_to_hdmi/inst/serial_clk/oserdes_m/CLK
                            (rising edge-triggered cell OSERDESE2 clocked by clk_out2_clk_wiz_0  {rise@0.000ns fall@4.000ns period=8.000ns})
  Destination:            hdmi_clk_p
                            (output port)
  Path Group:             (none)
  Path Type:              Max at Slow Process Corner
  Data Path Delay:        2.386ns  (logic 2.385ns (99.958%)  route 0.001ns (0.042%))
  Logic Levels:           1  (OBUFDS=1)
  Clock Uncertainty:      0.166ns  ((TSJ^2 + DJ^2)^1/2) / 2 + PE
    Total System Jitter     (TSJ):    0.050ns
    Discrete Jitter          (DJ):    0.125ns
    Phase Error              (PE):    0.099ns

    Location             Delay type                Incr(ns)  Path(ns)    Netlist Resource(s)
  -------------------------------------------------------------------    -------------------
                         (clock clk_out2_clk_wiz_0 rise edge)
                                                      0.000     0.000 r  
    H16                                               0.000     0.000 r  clk (IN)
                         net (fo=0)                   0.000     0.000    clk_wiz/inst/clk_in1
    H16                  IBUF (Prop_ibuf_I_O)         1.457     1.457 r  clk_wiz/inst/clkin1_ibufg/O
                         net (fo=1, routed)           1.285     2.742    clk_wiz/inst/clk_in1_clk_wiz_0
    MMCME2_ADV_X0Y1      MMCME2_ADV (Prop_mmcme2_adv_CLKIN1_CLKOUT1)
                                                     -6.996    -4.254 r  clk_wiz/inst/mmcm_adv_inst/CLKOUT1
                         net (fo=1, routed)           1.760    -2.494    clk_wiz/inst/clk_out2_clk_wiz_0
    BUFGCTRL_X0Y17       BUFG (Prop_bufg_I_O)         0.101    -2.393 r  clk_wiz/inst/clkout2_buf/O
                         net (fo=8, routed)           1.761    -0.631    vga_to_hdmi/inst/serial_clk/pix_clkx5
    OLOGIC_X0Y26         OSERDESE2                                    r  vga_to_hdmi/inst/serial_clk/oserdes_m/CLK
  -------------------------------------------------------------------    -------------------
    OLOGIC_X0Y26         OSERDESE2 (Prop_oserdese2_CLK_OQ)
                                                      0.472    -0.159 r  vga_to_hdmi/inst/serial_clk/oserdes_m/OQ
                         net (fo=1, routed)           0.001    -0.158    vga_to_hdmi/inst/tmdsclk
    U18                  OBUFDS (Prop_obufds_I_O)     1.913     1.755 r  vga_to_hdmi/inst/OBUFDS_CLK/O
                         net (fo=0)                   0.000     1.755    hdmi_clk_p
    U18                                                               r  hdmi_clk_p (OUT)
  -------------------------------------------------------------------    -------------------

Slack:                    inf
  Source:                 vga_to_hdmi/inst/serial_g/oserdes_m/CLK
                            (rising edge-triggered cell OSERDESE2 clocked by clk_out2_clk_wiz_0  {rise@0.000ns fall@4.000ns period=8.000ns})
  Destination:            hdmi_tx_n[1]
                            (output port)
  Path Group:             (none)
  Path Type:              Max at Slow Process Corner
  Data Path Delay:        2.352ns  (logic 2.351ns (99.958%)  route 0.001ns (0.043%))
  Logic Levels:           1  (OBUFDS=1)
  Clock Uncertainty:      0.166ns  ((TSJ^2 + DJ^2)^1/2) / 2 + PE
    Total System Jitter     (TSJ):    0.050ns
    Discrete Jitter          (DJ):    0.125ns
    Phase Error              (PE):    0.099ns

    Location             Delay type                Incr(ns)  Path(ns)    Netlist Resource(s)
  -------------------------------------------------------------------    -------------------
                         (clock clk_out2_clk_wiz_0 rise edge)
                                                      0.000     0.000 r  
    H16                                               0.000     0.000 r  clk (IN)
                         net (fo=0)                   0.000     0.000    clk_wiz/inst/clk_in1
    H16                  IBUF (Prop_ibuf_I_O)         1.457     1.457 r  clk_wiz/inst/clkin1_ibufg/O
                         net (fo=1, routed)           1.285     2.742    clk_wiz/inst/clk_in1_clk_wiz_0
    MMCME2_ADV_X0Y1      MMCME2_ADV (Prop_mmcme2_adv_CLKIN1_CLKOUT1)
                                                     -6.996    -4.254 r  clk_wiz/inst/mmcm_adv_inst/CLKOUT1
                         net (fo=1, routed)           1.760    -2.494    clk_wiz/inst/clk_out2_clk_wiz_0
    BUFGCTRL_X0Y17       BUFG (Prop_bufg_I_O)         0.101    -2.393 r  clk_wiz/inst/clkout2_buf/O
                         net (fo=8, routed)           1.779    -0.613    vga_to_hdmi/inst/serial_g/pix_clkx5
    OLOGIC_X0Y4          OSERDESE2                                    r  vga_to_hdmi/inst/serial_g/oserdes_m/CLK
  -------------------------------------------------------------------    -------------------
    OLOGIC_X0Y4          OSERDESE2 (Prop_oserdese2_CLK_OQ)
                                                      0.472    -0.141 r  vga_to_hdmi/inst/serial_g/oserdes_m/OQ
                         net (fo=1, routed)           0.001    -0.140    vga_to_hdmi/inst/TMDSINT_1
    N17                  OBUFDS (Prop_obufds_I_OB)    1.879     1.739 r  vga_to_hdmi/inst/OBUFDS_G/OB
                         net (fo=0)                   0.000     1.739    hdmi_tx_n[1]
    P18                                                               r  hdmi_tx_n[1] (OUT)
  -------------------------------------------------------------------    -------------------

Slack:                    inf
  Source:                 vga_to_hdmi/inst/serial_g/oserdes_m/CLK
                            (rising edge-triggered cell OSERDESE2 clocked by clk_out2_clk_wiz_0  {rise@0.000ns fall@4.000ns period=8.000ns})
  Destination:            hdmi_tx_p[1]
                            (output port)
  Path Group:             (none)
  Path Type:              Max at Slow Process Corner
  Data Path Delay:        2.351ns  (logic 2.350ns (99.957%)  route 0.001ns (0.043%))
  Logic Levels:           1  (OBUFDS=1)
  Clock Uncertainty:      0.166ns  ((TSJ^2 + DJ^2)^1/2) / 2 + PE
    Total System Jitter     (TSJ):    0.050ns
    Discrete Jitter          (DJ):    0.125ns
    Phase Error              (PE):    0.099ns

    Location             Delay type                Incr(ns)  Path(ns)    Netlist Resource(s)
  -------------------------------------------------------------------    -------------------
                         (clock clk_out2_clk_wiz_0 rise edge)
                                                      0.000     0.000 r  
    H16                                               0.000     0.000 r  clk (IN)
                         net (fo=0)                   0.000     0.000    clk_wiz/inst/clk_in1
    H16                  IBUF (Prop_ibuf_I_O)         1.457     1.457 r  clk_wiz/inst/clkin1_ibufg/O
                         net (fo=1, routed)           1.285     2.742    clk_wiz/inst/clk_in1_clk_wiz_0
    MMCME2_ADV_X0Y1      MMCME2_ADV (Prop_mmcme2_adv_CLKIN1_CLKOUT1)
                                                     -6.996    -4.254 r  clk_wiz/inst/mmcm_adv_inst/CLKOUT1
                         net (fo=1, routed)           1.760    -2.494    clk_wiz/inst/clk_out2_clk_wiz_0
    BUFGCTRL_X0Y17       BUFG (Prop_bufg_I_O)         0.101    -2.393 r  clk_wiz/inst/clkout2_buf/O
                         net (fo=8, routed)           1.779    -0.613    vga_to_hdmi/inst/serial_g/pix_clkx5
    OLOGIC_X0Y4          OSERDESE2                                    r  vga_to_hdmi/inst/serial_g/oserdes_m/CLK
  -------------------------------------------------------------------    -------------------
    OLOGIC_X0Y4          OSERDESE2 (Prop_oserdese2_CLK_OQ)
                                                      0.472    -0.141 r  vga_to_hdmi/inst/serial_g/oserdes_m/OQ
                         net (fo=1, routed)           0.001    -0.140    vga_to_hdmi/inst/TMDSINT_1
    N17                  OBUFDS (Prop_obufds_I_O)     1.878     1.738 r  vga_to_hdmi/inst/OBUFDS_G/O
                         net (fo=0)                   0.000     1.738    hdmi_tx_p[1]
    N17                                                               r  hdmi_tx_p[1] (OUT)
  -------------------------------------------------------------------    -------------------

Slack:                    inf
  Source:                 vga_to_hdmi/inst/serial_r/oserdes_m/CLK
                            (rising edge-triggered cell OSERDESE2 clocked by clk_out2_clk_wiz_0  {rise@0.000ns fall@4.000ns period=8.000ns})
  Destination:            hdmi_tx_n[2]
                            (output port)
  Path Group:             (none)
  Path Type:              Max at Slow Process Corner
  Data Path Delay:        2.349ns  (logic 2.348ns (99.957%)  route 0.001ns (0.043%))
  Logic Levels:           1  (OBUFDS=1)
  Clock Uncertainty:      0.166ns  ((TSJ^2 + DJ^2)^1/2) / 2 + PE
    Total System Jitter     (TSJ):    0.050ns
    Discrete Jitter          (DJ):    0.125ns
    Phase Error              (PE):    0.099ns

    Location             Delay type                Incr(ns)  Path(ns)    Netlist Resource(s)
  -------------------------------------------------------------------    -------------------
                         (clock clk_out2_clk_wiz_0 rise edge)
                                                      0.000     0.000 r  
    H16                                               0.000     0.000 r  clk (IN)
                         net (fo=0)                   0.000     0.000    clk_wiz/inst/clk_in1
    H16                  IBUF (Prop_ibuf_I_O)         1.457     1.457 r  clk_wiz/inst/clkin1_ibufg/O
                         net (fo=1, routed)           1.285     2.742    clk_wiz/inst/clk_in1_clk_wiz_0
    MMCME2_ADV_X0Y1      MMCME2_ADV (Prop_mmcme2_adv_CLKIN1_CLKOUT1)
                                                     -6.996    -4.254 r  clk_wiz/inst/mmcm_adv_inst/CLKOUT1
                         net (fo=1, routed)           1.760    -2.494    clk_wiz/inst/clk_out2_clk_wiz_0
    BUFGCTRL_X0Y17       BUFG (Prop_bufg_I_O)         0.101    -2.393 r  clk_wiz/inst/clkout2_buf/O
                         net (fo=8, routed)           1.761    -0.631    vga_to_hdmi/inst/serial_r/pix_clkx5
    OLOGIC_X0Y24         OSERDESE2                                    r  vga_to_hdmi/inst/serial_r/oserdes_m/CLK
  -------------------------------------------------------------------    -------------------
    OLOGIC_X0Y24         OSERDESE2 (Prop_oserdese2_CLK_OQ)
                                                      0.472    -0.159 r  vga_to_hdmi/inst/serial_r/oserdes_m/OQ
                         net (fo=1, routed)           0.001    -0.158    vga_to_hdmi/inst/TMDSINT_2
    N18                  OBUFDS (Prop_obufds_I_OB)    1.876     1.717 r  vga_to_hdmi/inst/OBUFDS_R/OB
                         net (fo=0)                   0.000     1.717    hdmi_tx_n[2]
    P19                                                               r  hdmi_tx_n[2] (OUT)
  -------------------------------------------------------------------    -------------------

Slack:                    inf
  Source:                 vga_to_hdmi/inst/serial_b/oserdes_m/CLK
                            (rising edge-triggered cell OSERDESE2 clocked by clk_out2_clk_wiz_0  {rise@0.000ns fall@4.000ns period=8.000ns})
  Destination:            hdmi_tx_n[0]
                            (output port)
  Path Group:             (none)
  Path Type:              Max at Slow Process Corner
  Data Path Delay:        2.333ns  (logic 2.332ns (99.957%)  route 0.001ns (0.043%))
  Logic Levels:           1  (OBUFDS=1)
  Clock Uncertainty:      0.166ns  ((TSJ^2 + DJ^2)^1/2) / 2 + PE
    Total System Jitter     (TSJ):    0.050ns
    Discrete Jitter          (DJ):    0.125ns
    Phase Error              (PE):    0.099ns

    Location             Delay type                Incr(ns)  Path(ns)    Netlist Resource(s)
  -------------------------------------------------------------------    -------------------
                         (clock clk_out2_clk_wiz_0 rise edge)
                                                      0.000     0.000 r  
    H16                                               0.000     0.000 r  clk (IN)
                         net (fo=0)                   0.000     0.000    clk_wiz/inst/clk_in1
    H16                  IBUF (Prop_ibuf_I_O)         1.457     1.457 r  clk_wiz/inst/clkin1_ibufg/O
                         net (fo=1, routed)           1.285     2.742    clk_wiz/inst/clk_in1_clk_wiz_0
    MMCME2_ADV_X0Y1      MMCME2_ADV (Prop_mmcme2_adv_CLKIN1_CLKOUT1)
                                                     -6.996    -4.254 r  clk_wiz/inst/mmcm_adv_inst/CLKOUT1
                         net (fo=1, routed)           1.760    -2.494    clk_wiz/inst/clk_out2_clk_wiz_0
    BUFGCTRL_X0Y17       BUFG (Prop_bufg_I_O)         0.101    -2.393 r  clk_wiz/inst/clkout2_buf/O
                         net (fo=8, routed)           1.777    -0.615    vga_to_hdmi/inst/serial_b/pix_clkx5
    OLOGIC_X0Y8          OSERDESE2                                    r  vga_to_hdmi/inst/serial_b/oserdes_m/CLK
  -------------------------------------------------------------------    -------------------
    OLOGIC_X0Y8          OSERDESE2 (Prop_oserdese2_CLK_OQ)
                                                      0.472    -0.143 r  vga_to_hdmi/inst/serial_b/oserdes_m/OQ
                         net (fo=1, routed)           0.001    -0.142    vga_to_hdmi/inst/TMDSINT_0
    V17                  OBUFDS (Prop_obufds_I_OB)    1.860     1.717 r  vga_to_hdmi/inst/OBUFDS_B/OB
                         net (fo=0)                   0.000     1.717    hdmi_tx_n[0]
    V18                                                               r  hdmi_tx_n[0] (OUT)
  -------------------------------------------------------------------    -------------------

Slack:                    inf
  Source:                 vga_to_hdmi/inst/serial_r/oserdes_m/CLK
                            (rising edge-triggered cell OSERDESE2 clocked by clk_out2_clk_wiz_0  {rise@0.000ns fall@4.000ns period=8.000ns})
  Destination:            hdmi_tx_p[2]
                            (output port)
  Path Group:             (none)
  Path Type:              Max at Slow Process Corner
  Data Path Delay:        2.348ns  (logic 2.347ns (99.957%)  route 0.001ns (0.043%))
  Logic Levels:           1  (OBUFDS=1)
  Clock Uncertainty:      0.166ns  ((TSJ^2 + DJ^2)^1/2) / 2 + PE
    Total System Jitter     (TSJ):    0.050ns
    Discrete Jitter          (DJ):    0.125ns
    Phase Error              (PE):    0.099ns

    Location             Delay type                Incr(ns)  Path(ns)    Netlist Resource(s)
  -------------------------------------------------------------------    -------------------
                         (clock clk_out2_clk_wiz_0 rise edge)
                                                      0.000     0.000 r  
    H16                                               0.000     0.000 r  clk (IN)
                         net (fo=0)                   0.000     0.000    clk_wiz/inst/clk_in1
    H16                  IBUF (Prop_ibuf_I_O)         1.457     1.457 r  clk_wiz/inst/clkin1_ibufg/O
                         net (fo=1, routed)           1.285     2.742    clk_wiz/inst/clk_in1_clk_wiz_0
    MMCME2_ADV_X0Y1      MMCME2_ADV (Prop_mmcme2_adv_CLKIN1_CLKOUT1)
                                                     -6.996    -4.254 r  clk_wiz/inst/mmcm_adv_inst/CLKOUT1
                         net (fo=1, routed)           1.760    -2.494    clk_wiz/inst/clk_out2_clk_wiz_0
    BUFGCTRL_X0Y17       BUFG (Prop_bufg_I_O)         0.101    -2.393 r  clk_wiz/inst/clkout2_buf/O
                         net (fo=8, routed)           1.761    -0.631    vga_to_hdmi/inst/serial_r/pix_clkx5
    OLOGIC_X0Y24         OSERDESE2                                    r  vga_to_hdmi/inst/serial_r/oserdes_m/CLK
  -------------------------------------------------------------------    -------------------
    OLOGIC_X0Y24         OSERDESE2 (Prop_oserdese2_CLK_OQ)
                                                      0.472    -0.159 r  vga_to_hdmi/inst/serial_r/oserdes_m/OQ
                         net (fo=1, routed)           0.001    -0.158    vga_to_hdmi/inst/TMDSINT_2
    N18                  OBUFDS (Prop_obufds_I_O)     1.875     1.716 r  vga_to_hdmi/inst/OBUFDS_R/O
                         net (fo=0)                   0.000     1.716    hdmi_tx_p[2]
    N18                                                               r  hdmi_tx_p[2] (OUT)
  -------------------------------------------------------------------    -------------------

Slack:                    inf
  Source:                 vga_to_hdmi/inst/serial_b/oserdes_m/CLK
                            (rising edge-triggered cell OSERDESE2 clocked by clk_out2_clk_wiz_0  {rise@0.000ns fall@4.000ns period=8.000ns})
  Destination:            hdmi_tx_p[0]
                            (output port)
  Path Group:             (none)
  Path Type:              Max at Slow Process Corner
  Data Path Delay:        2.332ns  (logic 2.331ns (99.957%)  route 0.001ns (0.043%))
  Logic Levels:           1  (OBUFDS=1)
  Clock Uncertainty:      0.166ns  ((TSJ^2 + DJ^2)^1/2) / 2 + PE
    Total System Jitter     (TSJ):    0.050ns
    Discrete Jitter          (DJ):    0.125ns
    Phase Error              (PE):    0.099ns

    Location             Delay type                Incr(ns)  Path(ns)    Netlist Resource(s)
  -------------------------------------------------------------------    -------------------
                         (clock clk_out2_clk_wiz_0 rise edge)
                                                      0.000     0.000 r  
    H16                                               0.000     0.000 r  clk (IN)
                         net (fo=0)                   0.000     0.000    clk_wiz/inst/clk_in1
    H16                  IBUF (Prop_ibuf_I_O)         1.457     1.457 r  clk_wiz/inst/clkin1_ibufg/O
                         net (fo=1, routed)           1.285     2.742    clk_wiz/inst/clk_in1_clk_wiz_0
    MMCME2_ADV_X0Y1      MMCME2_ADV (Prop_mmcme2_adv_CLKIN1_CLKOUT1)
                                                     -6.996    -4.254 r  clk_wiz/inst/mmcm_adv_inst/CLKOUT1
                         net (fo=1, routed)           1.760    -2.494    clk_wiz/inst/clk_out2_clk_wiz_0
    BUFGCTRL_X0Y17       BUFG (Prop_bufg_I_O)         0.101    -2.393 r  clk_wiz/inst/clkout2_buf/O
                         net (fo=8, routed)           1.777    -0.615    vga_to_hdmi/inst/serial_b/pix_clkx5
    OLOGIC_X0Y8          OSERDESE2                                    r  vga_to_hdmi/inst/serial_b/oserdes_m/CLK
  -------------------------------------------------------------------    -------------------
    OLOGIC_X0Y8          OSERDESE2 (Prop_oserdese2_CLK_OQ)
                                                      0.472    -0.143 r  vga_to_hdmi/inst/serial_b/oserdes_m/OQ
                         net (fo=1, routed)           0.001    -0.142    vga_to_hdmi/inst/TMDSINT_0
    V17                  OBUFDS (Prop_obufds_I_O)     1.859     1.716 r  vga_to_hdmi/inst/OBUFDS_B/O
                         net (fo=0)                   0.000     1.716    hdmi_tx_p[0]
    V17                                                               r  hdmi_tx_p[0] (OUT)
  -------------------------------------------------------------------    -------------------





Min Delay Paths
--------------------------------------------------------------------------------------
Slack:                    inf
  Source:                 vga_to_hdmi/inst/serial_b/oserdes_m/CLK
                            (rising edge-triggered cell OSERDESE2 clocked by clk_out2_clk_wiz_0  {rise@0.000ns fall@4.000ns period=8.000ns})
  Destination:            hdmi_tx_p[0]
                            (output port)
  Path Group:             (none)
  Path Type:              Min at Fast Process Corner
  Data Path Delay:        0.985ns  (logic 0.984ns (99.899%)  route 0.001ns (0.101%))
  Logic Levels:           1  (OBUFDS=1)
  Clock Uncertainty:      0.166ns  ((TSJ^2 + DJ^2)^1/2) / 2 + PE
    Total System Jitter     (TSJ):    0.050ns
    Discrete Jitter          (DJ):    0.125ns
    Phase Error              (PE):    0.099ns

    Location             Delay type                Incr(ns)  Path(ns)    Netlist Resource(s)
  -------------------------------------------------------------------    -------------------
                         (clock clk_out2_clk_wiz_0 rise edge)
                                                      0.000     0.000 r  
    H16                                               0.000     0.000 r  clk (IN)
                         net (fo=0)                   0.000     0.000    clk_wiz/inst/clk_in1
    H16                  IBUF (Prop_ibuf_I_O)         0.225     0.225 r  clk_wiz/inst/clkin1_ibufg/O
                         net (fo=1, routed)           0.440     0.665    clk_wiz/inst/clk_in1_clk_wiz_0
    MMCME2_ADV_X0Y1      MMCME2_ADV (Prop_mmcme2_adv_CLKIN1_CLKOUT1)
                                                     -2.268    -1.602 r  clk_wiz/inst/mmcm_adv_inst/CLKOUT1
                         net (fo=1, routed)           0.482    -1.120    clk_wiz/inst/clk_out2_clk_wiz_0
    BUFGCTRL_X0Y17       BUFG (Prop_bufg_I_O)         0.026    -1.094 r  clk_wiz/inst/clkout2_buf/O
                         net (fo=8, routed)           0.584    -0.511    vga_to_hdmi/inst/serial_b/pix_clkx5
    OLOGIC_X0Y8          OSERDESE2                                    r  vga_to_hdmi/inst/serial_b/oserdes_m/CLK
  -------------------------------------------------------------------    -------------------
    OLOGIC_X0Y8          OSERDESE2 (Prop_oserdese2_CLK_OQ)
                                                      0.177    -0.334 r  vga_to_hdmi/inst/serial_b/oserdes_m/OQ
                         net (fo=1, routed)           0.001    -0.333    vga_to_hdmi/inst/TMDSINT_0
    V17                  OBUFDS (Prop_obufds_I_O)     0.807     0.475 r  vga_to_hdmi/inst/OBUFDS_B/O
                         net (fo=0)                   0.000     0.475    hdmi_tx_p[0]
    V17                                                               r  hdmi_tx_p[0] (OUT)
  -------------------------------------------------------------------    -------------------

Slack:                    inf
  Source:                 vga_to_hdmi/inst/serial_b/oserdes_m/CLK
                            (rising edge-triggered cell OSERDESE2 clocked by clk_out2_clk_wiz_0  {rise@0.000ns fall@4.000ns period=8.000ns})
  Destination:            hdmi_tx_n[0]
                            (output port)
  Path Group:             (none)
  Path Type:              Min at Fast Process Corner
  Data Path Delay:        0.986ns  (logic 0.985ns (99.899%)  route 0.001ns (0.101%))
  Logic Levels:           1  (OBUFDS=1)
  Clock Uncertainty:      0.166ns  ((TSJ^2 + DJ^2)^1/2) / 2 + PE
    Total System Jitter     (TSJ):    0.050ns
    Discrete Jitter          (DJ):    0.125ns
    Phase Error              (PE):    0.099ns

    Location             Delay type                Incr(ns)  Path(ns)    Netlist Resource(s)
  -------------------------------------------------------------------    -------------------
                         (clock clk_out2_clk_wiz_0 rise edge)
                                                      0.000     0.000 r  
    H16                                               0.000     0.000 r  clk (IN)
                         net (fo=0)                   0.000     0.000    clk_wiz/inst/clk_in1
    H16                  IBUF (Prop_ibuf_I_O)         0.225     0.225 r  clk_wiz/inst/clkin1_ibufg/O
                         net (fo=1, routed)           0.440     0.665    clk_wiz/inst/clk_in1_clk_wiz_0
    MMCME2_ADV_X0Y1      MMCME2_ADV (Prop_mmcme2_adv_CLKIN1_CLKOUT1)
                                                     -2.268    -1.602 r  clk_wiz/inst/mmcm_adv_inst/CLKOUT1
                         net (fo=1, routed)           0.482    -1.120    clk_wiz/inst/clk_out2_clk_wiz_0
    BUFGCTRL_X0Y17       BUFG (Prop_bufg_I_O)         0.026    -1.094 r  clk_wiz/inst/clkout2_buf/O
                         net (fo=8, routed)           0.584    -0.511    vga_to_hdmi/inst/serial_b/pix_clkx5
    OLOGIC_X0Y8          OSERDESE2                                    r  vga_to_hdmi/inst/serial_b/oserdes_m/CLK
  -------------------------------------------------------------------    -------------------
    OLOGIC_X0Y8          OSERDESE2 (Prop_oserdese2_CLK_OQ)
                                                      0.177    -0.334 r  vga_to_hdmi/inst/serial_b/oserdes_m/OQ
                         net (fo=1, routed)           0.001    -0.333    vga_to_hdmi/inst/TMDSINT_0
    V17                  OBUFDS (Prop_obufds_I_OB)    0.808     0.476 r  vga_to_hdmi/inst/OBUFDS_B/OB
                         net (fo=0)                   0.000     0.476    hdmi_tx_n[0]
    V18                                                               r  hdmi_tx_n[0] (OUT)
  -------------------------------------------------------------------    -------------------

Slack:                    inf
  Source:                 vga_to_hdmi/inst/serial_r/oserdes_m/CLK
                            (rising edge-triggered cell OSERDESE2 clocked by clk_out2_clk_wiz_0  {rise@0.000ns fall@4.000ns period=8.000ns})
  Destination:            hdmi_tx_p[2]
                            (output port)
  Path Group:             (none)
  Path Type:              Min at Fast Process Corner
  Data Path Delay:        1.002ns  (logic 1.001ns (99.900%)  route 0.001ns (0.100%))
  Logic Levels:           1  (OBUFDS=1)
  Clock Uncertainty:      0.166ns  ((TSJ^2 + DJ^2)^1/2) / 2 + PE
    Total System Jitter     (TSJ):    0.050ns
    Discrete Jitter          (DJ):    0.125ns
    Phase Error              (PE):    0.099ns

    Location             Delay type                Incr(ns)  Path(ns)    Netlist Resource(s)
  -------------------------------------------------------------------    -------------------
                         (clock clk_out2_clk_wiz_0 rise edge)
                                                      0.000     0.000 r  
    H16                                               0.000     0.000 r  clk (IN)
                         net (fo=0)                   0.000     0.000    clk_wiz/inst/clk_in1
    H16                  IBUF (Prop_ibuf_I_O)         0.225     0.225 r  clk_wiz/inst/clkin1_ibufg/O
                         net (fo=1, routed)           0.440     0.665    clk_wiz/inst/clk_in1_clk_wiz_0
    MMCME2_ADV_X0Y1      MMCME2_ADV (Prop_mmcme2_adv_CLKIN1_CLKOUT1)
                                                     -2.268    -1.602 r  clk_wiz/inst/mmcm_adv_inst/CLKOUT1
                         net (fo=1, routed)           0.482    -1.120    clk_wiz/inst/clk_out2_clk_wiz_0
    BUFGCTRL_X0Y17       BUFG (Prop_bufg_I_O)         0.026    -1.094 r  clk_wiz/inst/clkout2_buf/O
                         net (fo=8, routed)           0.577    -0.518    vga_to_hdmi/inst/serial_r/pix_clkx5
    OLOGIC_X0Y24         OSERDESE2                                    r  vga_to_hdmi/inst/serial_r/oserdes_m/CLK
  -------------------------------------------------------------------    -------------------
    OLOGIC_X0Y24         OSERDESE2 (Prop_oserdese2_CLK_OQ)
                                                      0.177    -0.341 r  vga_to_hdmi/inst/serial_r/oserdes_m/OQ
                         net (fo=1, routed)           0.001    -0.340    vga_to_hdmi/inst/TMDSINT_2
    N18                  OBUFDS (Prop_obufds_I_O)     0.824     0.484 r  vga_to_hdmi/inst/OBUFDS_R/O
                         net (fo=0)                   0.000     0.484    hdmi_tx_p[2]
    N18                                                               r  hdmi_tx_p[2] (OUT)
  -------------------------------------------------------------------    -------------------

Slack:                    inf
  Source:                 vga_to_hdmi/inst/serial_r/oserdes_m/CLK
                            (rising edge-triggered cell OSERDESE2 clocked by clk_out2_clk_wiz_0  {rise@0.000ns fall@4.000ns period=8.000ns})
  Destination:            hdmi_tx_n[2]
                            (output port)
  Path Group:             (none)
  Path Type:              Min at Fast Process Corner
  Data Path Delay:        1.003ns  (logic 1.002ns (99.900%)  route 0.001ns (0.100%))
  Logic Levels:           1  (OBUFDS=1)
  Clock Uncertainty:      0.166ns  ((TSJ^2 + DJ^2)^1/2) / 2 + PE
    Total System Jitter     (TSJ):    0.050ns
    Discrete Jitter          (DJ):    0.125ns
    Phase Error              (PE):    0.099ns

    Location             Delay type                Incr(ns)  Path(ns)    Netlist Resource(s)
  -------------------------------------------------------------------    -------------------
                         (clock clk_out2_clk_wiz_0 rise edge)
                                                      0.000     0.000 r  
    H16                                               0.000     0.000 r  clk (IN)
                         net (fo=0)                   0.000     0.000    clk_wiz/inst/clk_in1
    H16                  IBUF (Prop_ibuf_I_O)         0.225     0.225 r  clk_wiz/inst/clkin1_ibufg/O
                         net (fo=1, routed)           0.440     0.665    clk_wiz/inst/clk_in1_clk_wiz_0
    MMCME2_ADV_X0Y1      MMCME2_ADV (Prop_mmcme2_adv_CLKIN1_CLKOUT1)
                                                     -2.268    -1.602 r  clk_wiz/inst/mmcm_adv_inst/CLKOUT1
                         net (fo=1, routed)           0.482    -1.120    clk_wiz/inst/clk_out2_clk_wiz_0
    BUFGCTRL_X0Y17       BUFG (Prop_bufg_I_O)         0.026    -1.094 r  clk_wiz/inst/clkout2_buf/O
                         net (fo=8, routed)           0.577    -0.518    vga_to_hdmi/inst/serial_r/pix_clkx5
    OLOGIC_X0Y24         OSERDESE2                                    r  vga_to_hdmi/inst/serial_r/oserdes_m/CLK
  -------------------------------------------------------------------    -------------------
    OLOGIC_X0Y24         OSERDESE2 (Prop_oserdese2_CLK_OQ)
                                                      0.177    -0.341 r  vga_to_hdmi/inst/serial_r/oserdes_m/OQ
                         net (fo=1, routed)           0.001    -0.340    vga_to_hdmi/inst/TMDSINT_2
    N18                  OBUFDS (Prop_obufds_I_OB)    0.825     0.485 r  vga_to_hdmi/inst/OBUFDS_R/OB
                         net (fo=0)                   0.000     0.485    hdmi_tx_n[2]
    P19                                                               r  hdmi_tx_n[2] (OUT)
  -------------------------------------------------------------------    -------------------

Slack:                    inf
  Source:                 vga_to_hdmi/inst/serial_g/oserdes_m/CLK
                            (rising edge-triggered cell OSERDESE2 clocked by clk_out2_clk_wiz_0  {rise@0.000ns fall@4.000ns period=8.000ns})
  Destination:            hdmi_tx_p[1]
                            (output port)
  Path Group:             (none)
  Path Type:              Min at Fast Process Corner
  Data Path Delay:        1.005ns  (logic 1.004ns (99.900%)  route 0.001ns (0.099%))
  Logic Levels:           1  (OBUFDS=1)
  Clock Uncertainty:      0.166ns  ((TSJ^2 + DJ^2)^1/2) / 2 + PE
    Total System Jitter     (TSJ):    0.050ns
    Discrete Jitter          (DJ):    0.125ns
    Phase Error              (PE):    0.099ns

    Location             Delay type                Incr(ns)  Path(ns)    Netlist Resource(s)
  -------------------------------------------------------------------    -------------------
                         (clock clk_out2_clk_wiz_0 rise edge)
                                                      0.000     0.000 r  
    H16                                               0.000     0.000 r  clk (IN)
                         net (fo=0)                   0.000     0.000    clk_wiz/inst/clk_in1
    H16                  IBUF (Prop_ibuf_I_O)         0.225     0.225 r  clk_wiz/inst/clkin1_ibufg/O
                         net (fo=1, routed)           0.440     0.665    clk_wiz/inst/clk_in1_clk_wiz_0
    MMCME2_ADV_X0Y1      MMCME2_ADV (Prop_mmcme2_adv_CLKIN1_CLKOUT1)
                                                     -2.268    -1.602 r  clk_wiz/inst/mmcm_adv_inst/CLKOUT1
                         net (fo=1, routed)           0.482    -1.120    clk_wiz/inst/clk_out2_clk_wiz_0
    BUFGCTRL_X0Y17       BUFG (Prop_bufg_I_O)         0.026    -1.094 r  clk_wiz/inst/clkout2_buf/O
                         net (fo=8, routed)           0.585    -0.510    vga_to_hdmi/inst/serial_g/pix_clkx5
    OLOGIC_X0Y4          OSERDESE2                                    r  vga_to_hdmi/inst/serial_g/oserdes_m/CLK
  -------------------------------------------------------------------    -------------------
    OLOGIC_X0Y4          OSERDESE2 (Prop_oserdese2_CLK_OQ)
                                                      0.177    -0.333 r  vga_to_hdmi/inst/serial_g/oserdes_m/OQ
                         net (fo=1, routed)           0.001    -0.332    vga_to_hdmi/inst/TMDSINT_1
    N17                  OBUFDS (Prop_obufds_I_O)     0.827     0.496 r  vga_to_hdmi/inst/OBUFDS_G/O
                         net (fo=0)                   0.000     0.496    hdmi_tx_p[1]
    N17                                                               r  hdmi_tx_p[1] (OUT)
  -------------------------------------------------------------------    -------------------

Slack:                    inf
  Source:                 vga_to_hdmi/inst/serial_g/oserdes_m/CLK
                            (rising edge-triggered cell OSERDESE2 clocked by clk_out2_clk_wiz_0  {rise@0.000ns fall@4.000ns period=8.000ns})
  Destination:            hdmi_tx_n[1]
                            (output port)
  Path Group:             (none)
  Path Type:              Min at Fast Process Corner
  Data Path Delay:        1.006ns  (logic 1.005ns (99.901%)  route 0.001ns (0.099%))
  Logic Levels:           1  (OBUFDS=1)
  Clock Uncertainty:      0.166ns  ((TSJ^2 + DJ^2)^1/2) / 2 + PE
    Total System Jitter     (TSJ):    0.050ns
    Discrete Jitter          (DJ):    0.125ns
    Phase Error              (PE):    0.099ns

    Location             Delay type                Incr(ns)  Path(ns)    Netlist Resource(s)
  -------------------------------------------------------------------    -------------------
                         (clock clk_out2_clk_wiz_0 rise edge)
                                                      0.000     0.000 r  
    H16                                               0.000     0.000 r  clk (IN)
                         net (fo=0)                   0.000     0.000    clk_wiz/inst/clk_in1
    H16                  IBUF (Prop_ibuf_I_O)         0.225     0.225 r  clk_wiz/inst/clkin1_ibufg/O
                         net (fo=1, routed)           0.440     0.665    clk_wiz/inst/clk_in1_clk_wiz_0
    MMCME2_ADV_X0Y1      MMCME2_ADV (Prop_mmcme2_adv_CLKIN1_CLKOUT1)
                                                     -2.268    -1.602 r  clk_wiz/inst/mmcm_adv_inst/CLKOUT1
                         net (fo=1, routed)           0.482    -1.120    clk_wiz/inst/clk_out2_clk_wiz_0
    BUFGCTRL_X0Y17       BUFG (Prop_bufg_I_O)         0.026    -1.094 r  clk_wiz/inst/clkout2_buf/O
                         net (fo=8, routed)           0.585    -0.510    vga_to_hdmi/inst/serial_g/pix_clkx5
    OLOGIC_X0Y4          OSERDESE2                                    r  vga_to_hdmi/inst/serial_g/oserdes_m/CLK
  -------------------------------------------------------------------    -------------------
    OLOGIC_X0Y4          OSERDESE2 (Prop_oserdese2_CLK_OQ)
                                                      0.177    -0.333 r  vga_to_hdmi/inst/serial_g/oserdes_m/OQ
                         net (fo=1, routed)           0.001    -0.332    vga_to_hdmi/inst/TMDSINT_1
    N17                  OBUFDS (Prop_obufds_I_OB)    0.828     0.497 r  vga_to_hdmi/inst/OBUFDS_G/OB
                         net (fo=0)                   0.000     0.497    hdmi_tx_n[1]
    P18                                                               r  hdmi_tx_n[1] (OUT)
  -------------------------------------------------------------------    -------------------

Slack:                    inf
  Source:                 vga_to_hdmi/inst/serial_clk/oserdes_m/CLK
                            (rising edge-triggered cell OSERDESE2 clocked by clk_out2_clk_wiz_0  {rise@0.000ns fall@4.000ns period=8.000ns})
  Destination:            hdmi_clk_p
                            (output port)
  Path Group:             (none)
  Path Type:              Min at Fast Process Corner
  Data Path Delay:        1.039ns  (logic 1.038ns (99.904%)  route 0.001ns (0.096%))
  Logic Levels:           1  (OBUFDS=1)
  Clock Uncertainty:      0.166ns  ((TSJ^2 + DJ^2)^1/2) / 2 + PE
    Total System Jitter     (TSJ):    0.050ns
    Discrete Jitter          (DJ):    0.125ns
    Phase Error              (PE):    0.099ns

    Location             Delay type                Incr(ns)  Path(ns)    Netlist Resource(s)
  -------------------------------------------------------------------    -------------------
                         (clock clk_out2_clk_wiz_0 rise edge)
                                                      0.000     0.000 r  
    H16                                               0.000     0.000 r  clk (IN)
                         net (fo=0)                   0.000     0.000    clk_wiz/inst/clk_in1
    H16                  IBUF (Prop_ibuf_I_O)         0.225     0.225 r  clk_wiz/inst/clkin1_ibufg/O
                         net (fo=1, routed)           0.440     0.665    clk_wiz/inst/clk_in1_clk_wiz_0
    MMCME2_ADV_X0Y1      MMCME2_ADV (Prop_mmcme2_adv_CLKIN1_CLKOUT1)
                                                     -2.268    -1.602 r  clk_wiz/inst/mmcm_adv_inst/CLKOUT1
                         net (fo=1, routed)           0.482    -1.120    clk_wiz/inst/clk_out2_clk_wiz_0
    BUFGCTRL_X0Y17       BUFG (Prop_bufg_I_O)         0.026    -1.094 r  clk_wiz/inst/clkout2_buf/O
                         net (fo=8, routed)           0.577    -0.518    vga_to_hdmi/inst/serial_clk/pix_clkx5
    OLOGIC_X0Y26         OSERDESE2                                    r  vga_to_hdmi/inst/serial_clk/oserdes_m/CLK
  -------------------------------------------------------------------    -------------------
    OLOGIC_X0Y26         OSERDESE2 (Prop_oserdese2_CLK_OQ)
                                                      0.177    -0.341 r  vga_to_hdmi/inst/serial_clk/oserdes_m/OQ
                         net (fo=1, routed)           0.001    -0.340    vga_to_hdmi/inst/tmdsclk
    U18                  OBUFDS (Prop_obufds_I_O)     0.861     0.522 r  vga_to_hdmi/inst/OBUFDS_CLK/O
                         net (fo=0)                   0.000     0.522    hdmi_clk_p
    U18                                                               r  hdmi_clk_p (OUT)
  -------------------------------------------------------------------    -------------------

Slack:                    inf
  Source:                 vga_to_hdmi/inst/serial_clk/oserdes_m/CLK
                            (rising edge-triggered cell OSERDESE2 clocked by clk_out2_clk_wiz_0  {rise@0.000ns fall@4.000ns period=8.000ns})
  Destination:            hdmi_clk_n
                            (output port)
  Path Group:             (none)
  Path Type:              Min at Fast Process Corner
  Data Path Delay:        1.040ns  (logic 1.039ns (99.904%)  route 0.001ns (0.096%))
  Logic Levels:           1  (OBUFDS=1)
  Clock Uncertainty:      0.166ns  ((TSJ^2 + DJ^2)^1/2) / 2 + PE
    Total System Jitter     (TSJ):    0.050ns
    Discrete Jitter          (DJ):    0.125ns
    Phase Error              (PE):    0.099ns

    Location             Delay type                Incr(ns)  Path(ns)    Netlist Resource(s)
  -------------------------------------------------------------------    -------------------
                         (clock clk_out2_clk_wiz_0 rise edge)
                                                      0.000     0.000 r  
    H16                                               0.000     0.000 r  clk (IN)
                         net (fo=0)                   0.000     0.000    clk_wiz/inst/clk_in1
    H16                  IBUF (Prop_ibuf_I_O)         0.225     0.225 r  clk_wiz/inst/clkin1_ibufg/O
                         net (fo=1, routed)           0.440     0.665    clk_wiz/inst/clk_in1_clk_wiz_0
    MMCME2_ADV_X0Y1      MMCME2_ADV (Prop_mmcme2_adv_CLKIN1_CLKOUT1)
                                                     -2.268    -1.602 r  clk_wiz/inst/mmcm_adv_inst/CLKOUT1
                         net (fo=1, routed)           0.482    -1.120    clk_wiz/inst/clk_out2_clk_wiz_0
    BUFGCTRL_X0Y17       BUFG (Prop_bufg_I_O)         0.026    -1.094 r  clk_wiz/inst/clkout2_buf/O
                         net (fo=8, routed)           0.577    -0.518    vga_to_hdmi/inst/serial_clk/pix_clkx5
    OLOGIC_X0Y26         OSERDESE2                                    r  vga_to_hdmi/inst/serial_clk/oserdes_m/CLK
  -------------------------------------------------------------------    -------------------
    OLOGIC_X0Y26         OSERDESE2 (Prop_oserdese2_CLK_OQ)
                                                      0.177    -0.341 r  vga_to_hdmi/inst/serial_clk/oserdes_m/OQ
                         net (fo=1, routed)           0.001    -0.340    vga_to_hdmi/inst/tmdsclk
    U18                  OBUFDS (Prop_obufds_I_OB)    0.862     0.523 r  vga_to_hdmi/inst/OBUFDS_CLK/OB
                         net (fo=0)                   0.000     0.523    hdmi_clk_n
    U19                                                               r  hdmi_clk_n (OUT)
  -------------------------------------------------------------------    -------------------





--------------------------------------------------------------------------------------
Path Group:  (none)
From Clock:  
  To Clock:  clk_out1_clk_wiz_0

Max Delay            70 Endpoints
Min Delay            70 Endpoints
--------------------------------------------------------------------------------------


Max Delay Paths
--------------------------------------------------------------------------------------
Slack:                    inf
  Source:                 rst
                            (input port)
  Destination:            vga_to_hdmi/inst/encg/dout_reg[3]/CLR
                            (recovery check against rising-edge clock clk_out1_clk_wiz_0  {rise@0.000ns fall@20.000ns period=40.000ns})
  Path Group:             (none)
  Path Type:              Recovery (Max at Slow Process Corner)
  Data Path Delay:        5.636ns  (logic 1.571ns (27.872%)  route 4.065ns (72.128%))
  Logic Levels:           2  (IBUF=1 LUT2=1)
  Clock Path Skew:        -1.287ns (DCD - SCD + CPR)
    Destination Clock Delay (DCD):    -1.287ns
    Source Clock Delay      (SCD):    0.000ns
    Clock Pessimism Removal (CPR):    0.000ns
  Clock Uncertainty:      0.190ns  ((TSJ^2 + DJ^2)^1/2) / 2 + PE
    Total System Jitter     (TSJ):    0.050ns
    Discrete Jitter          (DJ):    0.175ns
    Phase Error              (PE):    0.099ns

    Location             Delay type                Incr(ns)  Path(ns)    Netlist Resource(s)
  -------------------------------------------------------------------    -------------------
    R17                                               0.000     0.000 f  rst (IN)
                         net (fo=0)                   0.000     0.000    rst
    R17                  IBUF (Prop_ibuf_I_O)         1.447     1.447 f  rst_IBUF_inst/O
                         net (fo=4, routed)           1.370     2.817    vga_to_hdmi/inst/encr/rst
    SLICE_X40Y14         LUT2 (Prop_lut2_I0_O)        0.124     2.941 f  vga_to_hdmi/inst/encr/oserdes_m_i_1/O
                         net (fo=50, routed)          2.695     5.636    vga_to_hdmi/inst/encg/AR[0]
    SLICE_X41Y4          FDCE                                         f  vga_to_hdmi/inst/encg/dout_reg[3]/CLR
  -------------------------------------------------------------------    -------------------

                         (clock clk_out1_clk_wiz_0 rise edge)
                                                      0.000     0.000 r  
    H16                                               0.000     0.000 r  clk (IN)
                         net (fo=0)                   0.000     0.000    clk_wiz/inst/clk_in1
    H16                  IBUF (Prop_ibuf_I_O)         1.387     1.387 r  clk_wiz/inst/clkin1_ibufg/O
                         net (fo=1, routed)           1.162     2.549    clk_wiz/inst/clk_in1_clk_wiz_0
    MMCME2_ADV_X0Y1      MMCME2_ADV (Prop_mmcme2_adv_CLKIN1_CLKOUT0)
                                                     -7.105    -4.556 r  clk_wiz/inst/mmcm_adv_inst/CLKOUT0
                         net (fo=1, routed)           1.599    -2.957    clk_wiz/inst/clk_out1_clk_wiz_0
    BUFGCTRL_X0Y16       BUFG (Prop_bufg_I_O)         0.091    -2.866 r  clk_wiz/inst/clkout1_buf/O
                         net (fo=186, routed)         1.579    -1.287    vga_to_hdmi/inst/encg/pix_clk
    SLICE_X41Y4          FDCE                                         r  vga_to_hdmi/inst/encg/dout_reg[3]/C

Slack:                    inf
  Source:                 rst
                            (input port)
  Destination:            vga_to_hdmi/inst/encg/dout_reg[6]/CLR
                            (recovery check against rising-edge clock clk_out1_clk_wiz_0  {rise@0.000ns fall@20.000ns period=40.000ns})
  Path Group:             (none)
  Path Type:              Recovery (Max at Slow Process Corner)
  Data Path Delay:        5.636ns  (logic 1.571ns (27.872%)  route 4.065ns (72.128%))
  Logic Levels:           2  (IBUF=1 LUT2=1)
  Clock Path Skew:        -1.287ns (DCD - SCD + CPR)
    Destination Clock Delay (DCD):    -1.287ns
    Source Clock Delay      (SCD):    0.000ns
    Clock Pessimism Removal (CPR):    0.000ns
  Clock Uncertainty:      0.190ns  ((TSJ^2 + DJ^2)^1/2) / 2 + PE
    Total System Jitter     (TSJ):    0.050ns
    Discrete Jitter          (DJ):    0.175ns
    Phase Error              (PE):    0.099ns

    Location             Delay type                Incr(ns)  Path(ns)    Netlist Resource(s)
  -------------------------------------------------------------------    -------------------
    R17                                               0.000     0.000 f  rst (IN)
                         net (fo=0)                   0.000     0.000    rst
    R17                  IBUF (Prop_ibuf_I_O)         1.447     1.447 f  rst_IBUF_inst/O
                         net (fo=4, routed)           1.370     2.817    vga_to_hdmi/inst/encr/rst
    SLICE_X40Y14         LUT2 (Prop_lut2_I0_O)        0.124     2.941 f  vga_to_hdmi/inst/encr/oserdes_m_i_1/O
                         net (fo=50, routed)          2.695     5.636    vga_to_hdmi/inst/encg/AR[0]
    SLICE_X41Y4          FDCE                                         f  vga_to_hdmi/inst/encg/dout_reg[6]/CLR
  -------------------------------------------------------------------    -------------------

                         (clock clk_out1_clk_wiz_0 rise edge)
                                                      0.000     0.000 r  
    H16                                               0.000     0.000 r  clk (IN)
                         net (fo=0)                   0.000     0.000    clk_wiz/inst/clk_in1
    H16                  IBUF (Prop_ibuf_I_O)         1.387     1.387 r  clk_wiz/inst/clkin1_ibufg/O
                         net (fo=1, routed)           1.162     2.549    clk_wiz/inst/clk_in1_clk_wiz_0
    MMCME2_ADV_X0Y1      MMCME2_ADV (Prop_mmcme2_adv_CLKIN1_CLKOUT0)
                                                     -7.105    -4.556 r  clk_wiz/inst/mmcm_adv_inst/CLKOUT0
                         net (fo=1, routed)           1.599    -2.957    clk_wiz/inst/clk_out1_clk_wiz_0
    BUFGCTRL_X0Y16       BUFG (Prop_bufg_I_O)         0.091    -2.866 r  clk_wiz/inst/clkout1_buf/O
                         net (fo=186, routed)         1.579    -1.287    vga_to_hdmi/inst/encg/pix_clk
    SLICE_X41Y4          FDCE                                         r  vga_to_hdmi/inst/encg/dout_reg[6]/C

Slack:                    inf
  Source:                 rst
                            (input port)
  Destination:            vga_to_hdmi/inst/encg/cnt_reg[3]/CLR
                            (recovery check against rising-edge clock clk_out1_clk_wiz_0  {rise@0.000ns fall@20.000ns period=40.000ns})
  Path Group:             (none)
  Path Type:              Recovery (Max at Slow Process Corner)
  Data Path Delay:        5.502ns  (logic 1.571ns (28.551%)  route 3.931ns (71.449%))
  Logic Levels:           2  (IBUF=1 LUT2=1)
  Clock Path Skew:        -1.287ns (DCD - SCD + CPR)
    Destination Clock Delay (DCD):    -1.287ns
    Source Clock Delay      (SCD):    0.000ns
    Clock Pessimism Removal (CPR):    0.000ns
  Clock Uncertainty:      0.190ns  ((TSJ^2 + DJ^2)^1/2) / 2 + PE
    Total System Jitter     (TSJ):    0.050ns
    Discrete Jitter          (DJ):    0.175ns
    Phase Error              (PE):    0.099ns

    Location             Delay type                Incr(ns)  Path(ns)    Netlist Resource(s)
  -------------------------------------------------------------------    -------------------
    R17                                               0.000     0.000 f  rst (IN)
                         net (fo=0)                   0.000     0.000    rst
    R17                  IBUF (Prop_ibuf_I_O)         1.447     1.447 f  rst_IBUF_inst/O
                         net (fo=4, routed)           1.370     2.817    vga_to_hdmi/inst/encr/rst
    SLICE_X40Y14         LUT2 (Prop_lut2_I0_O)        0.124     2.941 f  vga_to_hdmi/inst/encr/oserdes_m_i_1/O
                         net (fo=50, routed)          2.561     5.502    vga_to_hdmi/inst/encg/AR[0]
    SLICE_X40Y3          FDCE                                         f  vga_to_hdmi/inst/encg/cnt_reg[3]/CLR
  -------------------------------------------------------------------    -------------------

                         (clock clk_out1_clk_wiz_0 rise edge)
                                                      0.000     0.000 r  
    H16                                               0.000     0.000 r  clk (IN)
                         net (fo=0)                   0.000     0.000    clk_wiz/inst/clk_in1
    H16                  IBUF (Prop_ibuf_I_O)         1.387     1.387 r  clk_wiz/inst/clkin1_ibufg/O
                         net (fo=1, routed)           1.162     2.549    clk_wiz/inst/clk_in1_clk_wiz_0
    MMCME2_ADV_X0Y1      MMCME2_ADV (Prop_mmcme2_adv_CLKIN1_CLKOUT0)
                                                     -7.105    -4.556 r  clk_wiz/inst/mmcm_adv_inst/CLKOUT0
                         net (fo=1, routed)           1.599    -2.957    clk_wiz/inst/clk_out1_clk_wiz_0
    BUFGCTRL_X0Y16       BUFG (Prop_bufg_I_O)         0.091    -2.866 r  clk_wiz/inst/clkout1_buf/O
                         net (fo=186, routed)         1.579    -1.287    vga_to_hdmi/inst/encg/pix_clk
    SLICE_X40Y3          FDCE                                         r  vga_to_hdmi/inst/encg/cnt_reg[3]/C

Slack:                    inf
  Source:                 rst
                            (input port)
  Destination:            vga_to_hdmi/inst/encg/dout_reg[2]/CLR
                            (recovery check against rising-edge clock clk_out1_clk_wiz_0  {rise@0.000ns fall@20.000ns period=40.000ns})
  Path Group:             (none)
  Path Type:              Recovery (Max at Slow Process Corner)
  Data Path Delay:        5.480ns  (logic 1.571ns (28.665%)  route 3.909ns (71.335%))
  Logic Levels:           2  (IBUF=1 LUT2=1)
  Clock Path Skew:        -1.287ns (DCD - SCD + CPR)
    Destination Clock Delay (DCD):    -1.287ns
    Source Clock Delay      (SCD):    0.000ns
    Clock Pessimism Removal (CPR):    0.000ns
  Clock Uncertainty:      0.190ns  ((TSJ^2 + DJ^2)^1/2) / 2 + PE
    Total System Jitter     (TSJ):    0.050ns
    Discrete Jitter          (DJ):    0.175ns
    Phase Error              (PE):    0.099ns

    Location             Delay type                Incr(ns)  Path(ns)    Netlist Resource(s)
  -------------------------------------------------------------------    -------------------
    R17                                               0.000     0.000 f  rst (IN)
                         net (fo=0)                   0.000     0.000    rst
    R17                  IBUF (Prop_ibuf_I_O)         1.447     1.447 f  rst_IBUF_inst/O
                         net (fo=4, routed)           1.370     2.817    vga_to_hdmi/inst/encr/rst
    SLICE_X40Y14         LUT2 (Prop_lut2_I0_O)        0.124     2.941 f  vga_to_hdmi/inst/encr/oserdes_m_i_1/O
                         net (fo=50, routed)          2.539     5.480    vga_to_hdmi/inst/encg/AR[0]
    SLICE_X42Y4          FDCE                                         f  vga_to_hdmi/inst/encg/dout_reg[2]/CLR
  -------------------------------------------------------------------    -------------------

                         (clock clk_out1_clk_wiz_0 rise edge)
                                                      0.000     0.000 r  
    H16                                               0.000     0.000 r  clk (IN)
                         net (fo=0)                   0.000     0.000    clk_wiz/inst/clk_in1
    H16                  IBUF (Prop_ibuf_I_O)         1.387     1.387 r  clk_wiz/inst/clkin1_ibufg/O
                         net (fo=1, routed)           1.162     2.549    clk_wiz/inst/clk_in1_clk_wiz_0
    MMCME2_ADV_X0Y1      MMCME2_ADV (Prop_mmcme2_adv_CLKIN1_CLKOUT0)
                                                     -7.105    -4.556 r  clk_wiz/inst/mmcm_adv_inst/CLKOUT0
                         net (fo=1, routed)           1.599    -2.957    clk_wiz/inst/clk_out1_clk_wiz_0
    BUFGCTRL_X0Y16       BUFG (Prop_bufg_I_O)         0.091    -2.866 r  clk_wiz/inst/clkout1_buf/O
                         net (fo=186, routed)         1.579    -1.287    vga_to_hdmi/inst/encg/pix_clk
    SLICE_X42Y4          FDCE                                         r  vga_to_hdmi/inst/encg/dout_reg[2]/C

Slack:                    inf
  Source:                 rst
                            (input port)
  Destination:            vga_to_hdmi/inst/encg/dout_reg[7]/CLR
                            (recovery check against rising-edge clock clk_out1_clk_wiz_0  {rise@0.000ns fall@20.000ns period=40.000ns})
  Path Group:             (none)
  Path Type:              Recovery (Max at Slow Process Corner)
  Data Path Delay:        5.480ns  (logic 1.571ns (28.665%)  route 3.909ns (71.335%))
  Logic Levels:           2  (IBUF=1 LUT2=1)
  Clock Path Skew:        -1.287ns (DCD - SCD + CPR)
    Destination Clock Delay (DCD):    -1.287ns
    Source Clock Delay      (SCD):    0.000ns
    Clock Pessimism Removal (CPR):    0.000ns
  Clock Uncertainty:      0.190ns  ((TSJ^2 + DJ^2)^1/2) / 2 + PE
    Total System Jitter     (TSJ):    0.050ns
    Discrete Jitter          (DJ):    0.175ns
    Phase Error              (PE):    0.099ns

    Location             Delay type                Incr(ns)  Path(ns)    Netlist Resource(s)
  -------------------------------------------------------------------    -------------------
    R17                                               0.000     0.000 f  rst (IN)
                         net (fo=0)                   0.000     0.000    rst
    R17                  IBUF (Prop_ibuf_I_O)         1.447     1.447 f  rst_IBUF_inst/O
                         net (fo=4, routed)           1.370     2.817    vga_to_hdmi/inst/encr/rst
    SLICE_X40Y14         LUT2 (Prop_lut2_I0_O)        0.124     2.941 f  vga_to_hdmi/inst/encr/oserdes_m_i_1/O
                         net (fo=50, routed)          2.539     5.480    vga_to_hdmi/inst/encg/AR[0]
    SLICE_X42Y4          FDCE                                         f  vga_to_hdmi/inst/encg/dout_reg[7]/CLR
  -------------------------------------------------------------------    -------------------

                         (clock clk_out1_clk_wiz_0 rise edge)
                                                      0.000     0.000 r  
    H16                                               0.000     0.000 r  clk (IN)
                         net (fo=0)                   0.000     0.000    clk_wiz/inst/clk_in1
    H16                  IBUF (Prop_ibuf_I_O)         1.387     1.387 r  clk_wiz/inst/clkin1_ibufg/O
                         net (fo=1, routed)           1.162     2.549    clk_wiz/inst/clk_in1_clk_wiz_0
    MMCME2_ADV_X0Y1      MMCME2_ADV (Prop_mmcme2_adv_CLKIN1_CLKOUT0)
                                                     -7.105    -4.556 r  clk_wiz/inst/mmcm_adv_inst/CLKOUT0
                         net (fo=1, routed)           1.599    -2.957    clk_wiz/inst/clk_out1_clk_wiz_0
    BUFGCTRL_X0Y16       BUFG (Prop_bufg_I_O)         0.091    -2.866 r  clk_wiz/inst/clkout1_buf/O
                         net (fo=186, routed)         1.579    -1.287    vga_to_hdmi/inst/encg/pix_clk
    SLICE_X42Y4          FDCE                                         r  vga_to_hdmi/inst/encg/dout_reg[7]/C

Slack:                    inf
  Source:                 rst
                            (input port)
  Destination:            vga_to_hdmi/inst/encg/dout_reg[0]/CLR
                            (recovery check against rising-edge clock clk_out1_clk_wiz_0  {rise@0.000ns fall@20.000ns period=40.000ns})
  Path Group:             (none)
  Path Type:              Recovery (Max at Slow Process Corner)
  Data Path Delay:        5.190ns  (logic 1.571ns (30.269%)  route 3.619ns (69.731%))
  Logic Levels:           2  (IBUF=1 LUT2=1)
  Clock Path Skew:        -1.287ns (DCD - SCD + CPR)
    Destination Clock Delay (DCD):    -1.287ns
    Source Clock Delay      (SCD):    0.000ns
    Clock Pessimism Removal (CPR):    0.000ns
  Clock Uncertainty:      0.190ns  ((TSJ^2 + DJ^2)^1/2) / 2 + PE
    Total System Jitter     (TSJ):    0.050ns
    Discrete Jitter          (DJ):    0.175ns
    Phase Error              (PE):    0.099ns

    Location             Delay type                Incr(ns)  Path(ns)    Netlist Resource(s)
  -------------------------------------------------------------------    -------------------
    R17                                               0.000     0.000 f  rst (IN)
                         net (fo=0)                   0.000     0.000    rst
    R17                  IBUF (Prop_ibuf_I_O)         1.447     1.447 f  rst_IBUF_inst/O
                         net (fo=4, routed)           1.370     2.817    vga_to_hdmi/inst/encr/rst
    SLICE_X40Y14         LUT2 (Prop_lut2_I0_O)        0.124     2.941 f  vga_to_hdmi/inst/encr/oserdes_m_i_1/O
                         net (fo=50, routed)          2.249     5.190    vga_to_hdmi/inst/encg/AR[0]
    SLICE_X42Y3          FDCE                                         f  vga_to_hdmi/inst/encg/dout_reg[0]/CLR
  -------------------------------------------------------------------    -------------------

                         (clock clk_out1_clk_wiz_0 rise edge)
                                                      0.000     0.000 r  
    H16                                               0.000     0.000 r  clk (IN)
                         net (fo=0)                   0.000     0.000    clk_wiz/inst/clk_in1
    H16                  IBUF (Prop_ibuf_I_O)         1.387     1.387 r  clk_wiz/inst/clkin1_ibufg/O
                         net (fo=1, routed)           1.162     2.549    clk_wiz/inst/clk_in1_clk_wiz_0
    MMCME2_ADV_X0Y1      MMCME2_ADV (Prop_mmcme2_adv_CLKIN1_CLKOUT0)
                                                     -7.105    -4.556 r  clk_wiz/inst/mmcm_adv_inst/CLKOUT0
                         net (fo=1, routed)           1.599    -2.957    clk_wiz/inst/clk_out1_clk_wiz_0
    BUFGCTRL_X0Y16       BUFG (Prop_bufg_I_O)         0.091    -2.866 r  clk_wiz/inst/clkout1_buf/O
                         net (fo=186, routed)         1.579    -1.287    vga_to_hdmi/inst/encg/pix_clk
    SLICE_X42Y3          FDCE                                         r  vga_to_hdmi/inst/encg/dout_reg[0]/C

Slack:                    inf
  Source:                 rst
                            (input port)
  Destination:            vga_to_hdmi/inst/encg/dout_reg[1]/CLR
                            (recovery check against rising-edge clock clk_out1_clk_wiz_0  {rise@0.000ns fall@20.000ns period=40.000ns})
  Path Group:             (none)
  Path Type:              Recovery (Max at Slow Process Corner)
  Data Path Delay:        5.190ns  (logic 1.571ns (30.269%)  route 3.619ns (69.731%))
  Logic Levels:           2  (IBUF=1 LUT2=1)
  Clock Path Skew:        -1.287ns (DCD - SCD + CPR)
    Destination Clock Delay (DCD):    -1.287ns
    Source Clock Delay      (SCD):    0.000ns
    Clock Pessimism Removal (CPR):    0.000ns
  Clock Uncertainty:      0.190ns  ((TSJ^2 + DJ^2)^1/2) / 2 + PE
    Total System Jitter     (TSJ):    0.050ns
    Discrete Jitter          (DJ):    0.175ns
    Phase Error              (PE):    0.099ns

    Location             Delay type                Incr(ns)  Path(ns)    Netlist Resource(s)
  -------------------------------------------------------------------    -------------------
    R17                                               0.000     0.000 f  rst (IN)
                         net (fo=0)                   0.000     0.000    rst
    R17                  IBUF (Prop_ibuf_I_O)         1.447     1.447 f  rst_IBUF_inst/O
                         net (fo=4, routed)           1.370     2.817    vga_to_hdmi/inst/encr/rst
    SLICE_X40Y14         LUT2 (Prop_lut2_I0_O)        0.124     2.941 f  vga_to_hdmi/inst/encr/oserdes_m_i_1/O
                         net (fo=50, routed)          2.249     5.190    vga_to_hdmi/inst/encg/AR[0]
    SLICE_X43Y3          FDCE                                         f  vga_to_hdmi/inst/encg/dout_reg[1]/CLR
  -------------------------------------------------------------------    -------------------

                         (clock clk_out1_clk_wiz_0 rise edge)
                                                      0.000     0.000 r  
    H16                                               0.000     0.000 r  clk (IN)
                         net (fo=0)                   0.000     0.000    clk_wiz/inst/clk_in1
    H16                  IBUF (Prop_ibuf_I_O)         1.387     1.387 r  clk_wiz/inst/clkin1_ibufg/O
                         net (fo=1, routed)           1.162     2.549    clk_wiz/inst/clk_in1_clk_wiz_0
    MMCME2_ADV_X0Y1      MMCME2_ADV (Prop_mmcme2_adv_CLKIN1_CLKOUT0)
                                                     -7.105    -4.556 r  clk_wiz/inst/mmcm_adv_inst/CLKOUT0
                         net (fo=1, routed)           1.599    -2.957    clk_wiz/inst/clk_out1_clk_wiz_0
    BUFGCTRL_X0Y16       BUFG (Prop_bufg_I_O)         0.091    -2.866 r  clk_wiz/inst/clkout1_buf/O
                         net (fo=186, routed)         1.579    -1.287    vga_to_hdmi/inst/encg/pix_clk
    SLICE_X43Y3          FDCE                                         r  vga_to_hdmi/inst/encg/dout_reg[1]/C

Slack:                    inf
  Source:                 rst
                            (input port)
  Destination:            vga_to_hdmi/inst/encg/dout_reg[4]/CLR
                            (recovery check against rising-edge clock clk_out1_clk_wiz_0  {rise@0.000ns fall@20.000ns period=40.000ns})
  Path Group:             (none)
  Path Type:              Recovery (Max at Slow Process Corner)
  Data Path Delay:        5.190ns  (logic 1.571ns (30.269%)  route 3.619ns (69.731%))
  Logic Levels:           2  (IBUF=1 LUT2=1)
  Clock Path Skew:        -1.287ns (DCD - SCD + CPR)
    Destination Clock Delay (DCD):    -1.287ns
    Source Clock Delay      (SCD):    0.000ns
    Clock Pessimism Removal (CPR):    0.000ns
  Clock Uncertainty:      0.190ns  ((TSJ^2 + DJ^2)^1/2) / 2 + PE
    Total System Jitter     (TSJ):    0.050ns
    Discrete Jitter          (DJ):    0.175ns
    Phase Error              (PE):    0.099ns

    Location             Delay type                Incr(ns)  Path(ns)    Netlist Resource(s)
  -------------------------------------------------------------------    -------------------
    R17                                               0.000     0.000 f  rst (IN)
                         net (fo=0)                   0.000     0.000    rst
    R17                  IBUF (Prop_ibuf_I_O)         1.447     1.447 f  rst_IBUF_inst/O
                         net (fo=4, routed)           1.370     2.817    vga_to_hdmi/inst/encr/rst
    SLICE_X40Y14         LUT2 (Prop_lut2_I0_O)        0.124     2.941 f  vga_to_hdmi/inst/encr/oserdes_m_i_1/O
                         net (fo=50, routed)          2.249     5.190    vga_to_hdmi/inst/encg/AR[0]
    SLICE_X42Y3          FDCE                                         f  vga_to_hdmi/inst/encg/dout_reg[4]/CLR
  -------------------------------------------------------------------    -------------------

                         (clock clk_out1_clk_wiz_0 rise edge)
                                                      0.000     0.000 r  
    H16                                               0.000     0.000 r  clk (IN)
                         net (fo=0)                   0.000     0.000    clk_wiz/inst/clk_in1
    H16                  IBUF (Prop_ibuf_I_O)         1.387     1.387 r  clk_wiz/inst/clkin1_ibufg/O
                         net (fo=1, routed)           1.162     2.549    clk_wiz/inst/clk_in1_clk_wiz_0
    MMCME2_ADV_X0Y1      MMCME2_ADV (Prop_mmcme2_adv_CLKIN1_CLKOUT0)
                                                     -7.105    -4.556 r  clk_wiz/inst/mmcm_adv_inst/CLKOUT0
                         net (fo=1, routed)           1.599    -2.957    clk_wiz/inst/clk_out1_clk_wiz_0
    BUFGCTRL_X0Y16       BUFG (Prop_bufg_I_O)         0.091    -2.866 r  clk_wiz/inst/clkout1_buf/O
                         net (fo=186, routed)         1.579    -1.287    vga_to_hdmi/inst/encg/pix_clk
    SLICE_X42Y3          FDCE                                         r  vga_to_hdmi/inst/encg/dout_reg[4]/C

Slack:                    inf
  Source:                 rst
                            (input port)
  Destination:            vga_to_hdmi/inst/encg/dout_reg[5]/CLR
                            (recovery check against rising-edge clock clk_out1_clk_wiz_0  {rise@0.000ns fall@20.000ns period=40.000ns})
  Path Group:             (none)
  Path Type:              Recovery (Max at Slow Process Corner)
  Data Path Delay:        5.190ns  (logic 1.571ns (30.269%)  route 3.619ns (69.731%))
  Logic Levels:           2  (IBUF=1 LUT2=1)
  Clock Path Skew:        -1.287ns (DCD - SCD + CPR)
    Destination Clock Delay (DCD):    -1.287ns
    Source Clock Delay      (SCD):    0.000ns
    Clock Pessimism Removal (CPR):    0.000ns
  Clock Uncertainty:      0.190ns  ((TSJ^2 + DJ^2)^1/2) / 2 + PE
    Total System Jitter     (TSJ):    0.050ns
    Discrete Jitter          (DJ):    0.175ns
    Phase Error              (PE):    0.099ns

    Location             Delay type                Incr(ns)  Path(ns)    Netlist Resource(s)
  -------------------------------------------------------------------    -------------------
    R17                                               0.000     0.000 f  rst (IN)
                         net (fo=0)                   0.000     0.000    rst
    R17                  IBUF (Prop_ibuf_I_O)         1.447     1.447 f  rst_IBUF_inst/O
                         net (fo=4, routed)           1.370     2.817    vga_to_hdmi/inst/encr/rst
    SLICE_X40Y14         LUT2 (Prop_lut2_I0_O)        0.124     2.941 f  vga_to_hdmi/inst/encr/oserdes_m_i_1/O
                         net (fo=50, routed)          2.249     5.190    vga_to_hdmi/inst/encg/AR[0]
    SLICE_X42Y3          FDCE                                         f  vga_to_hdmi/inst/encg/dout_reg[5]/CLR
  -------------------------------------------------------------------    -------------------

                         (clock clk_out1_clk_wiz_0 rise edge)
                                                      0.000     0.000 r  
    H16                                               0.000     0.000 r  clk (IN)
                         net (fo=0)                   0.000     0.000    clk_wiz/inst/clk_in1
    H16                  IBUF (Prop_ibuf_I_O)         1.387     1.387 r  clk_wiz/inst/clkin1_ibufg/O
                         net (fo=1, routed)           1.162     2.549    clk_wiz/inst/clk_in1_clk_wiz_0
    MMCME2_ADV_X0Y1      MMCME2_ADV (Prop_mmcme2_adv_CLKIN1_CLKOUT0)
                                                     -7.105    -4.556 r  clk_wiz/inst/mmcm_adv_inst/CLKOUT0
                         net (fo=1, routed)           1.599    -2.957    clk_wiz/inst/clk_out1_clk_wiz_0
    BUFGCTRL_X0Y16       BUFG (Prop_bufg_I_O)         0.091    -2.866 r  clk_wiz/inst/clkout1_buf/O
                         net (fo=186, routed)         1.579    -1.287    vga_to_hdmi/inst/encg/pix_clk
    SLICE_X42Y3          FDCE                                         r  vga_to_hdmi/inst/encg/dout_reg[5]/C

Slack:                    inf
  Source:                 rst
                            (input port)
  Destination:            vga_to_hdmi/inst/encg/dout_reg[8]/CLR
                            (recovery check against rising-edge clock clk_out1_clk_wiz_0  {rise@0.000ns fall@20.000ns period=40.000ns})
  Path Group:             (none)
  Path Type:              Recovery (Max at Slow Process Corner)
  Data Path Delay:        5.190ns  (logic 1.571ns (30.269%)  route 3.619ns (69.731%))
  Logic Levels:           2  (IBUF=1 LUT2=1)
  Clock Path Skew:        -1.287ns (DCD - SCD + CPR)
    Destination Clock Delay (DCD):    -1.287ns
    Source Clock Delay      (SCD):    0.000ns
    Clock Pessimism Removal (CPR):    0.000ns
  Clock Uncertainty:      0.190ns  ((TSJ^2 + DJ^2)^1/2) / 2 + PE
    Total System Jitter     (TSJ):    0.050ns
    Discrete Jitter          (DJ):    0.175ns
    Phase Error              (PE):    0.099ns

    Location             Delay type                Incr(ns)  Path(ns)    Netlist Resource(s)
  -------------------------------------------------------------------    -------------------
    R17                                               0.000     0.000 f  rst (IN)
                         net (fo=0)                   0.000     0.000    rst
    R17                  IBUF (Prop_ibuf_I_O)         1.447     1.447 f  rst_IBUF_inst/O
                         net (fo=4, routed)           1.370     2.817    vga_to_hdmi/inst/encr/rst
    SLICE_X40Y14         LUT2 (Prop_lut2_I0_O)        0.124     2.941 f  vga_to_hdmi/inst/encr/oserdes_m_i_1/O
                         net (fo=50, routed)          2.249     5.190    vga_to_hdmi/inst/encg/AR[0]
    SLICE_X43Y3          FDCE                                         f  vga_to_hdmi/inst/encg/dout_reg[8]/CLR
  -------------------------------------------------------------------    -------------------

                         (clock clk_out1_clk_wiz_0 rise edge)
                                                      0.000     0.000 r  
    H16                                               0.000     0.000 r  clk (IN)
                         net (fo=0)                   0.000     0.000    clk_wiz/inst/clk_in1
    H16                  IBUF (Prop_ibuf_I_O)         1.387     1.387 r  clk_wiz/inst/clkin1_ibufg/O
                         net (fo=1, routed)           1.162     2.549    clk_wiz/inst/clk_in1_clk_wiz_0
    MMCME2_ADV_X0Y1      MMCME2_ADV (Prop_mmcme2_adv_CLKIN1_CLKOUT0)
                                                     -7.105    -4.556 r  clk_wiz/inst/mmcm_adv_inst/CLKOUT0
                         net (fo=1, routed)           1.599    -2.957    clk_wiz/inst/clk_out1_clk_wiz_0
    BUFGCTRL_X0Y16       BUFG (Prop_bufg_I_O)         0.091    -2.866 r  clk_wiz/inst/clkout1_buf/O
                         net (fo=186, routed)         1.579    -1.287    vga_to_hdmi/inst/encg/pix_clk
    SLICE_X43Y3          FDCE                                         r  vga_to_hdmi/inst/encg/dout_reg[8]/C





Min Delay Paths
--------------------------------------------------------------------------------------
Slack:                    inf
  Source:                 rst
                            (input port)
  Destination:            vga/vertical_counter/val_reg[4]/R
                            (rising edge-triggered cell FDRE clocked by clk_out1_clk_wiz_0  {rise@0.000ns fall@20.000ns period=40.000ns})
  Path Group:             (none)
  Path Type:              Hold (Min at Fast Process Corner)
  Data Path Delay:        0.961ns  (logic 0.260ns (27.060%)  route 0.701ns (72.940%))
  Logic Levels:           2  (IBUF=1 LUT2=1)
  Clock Path Skew:        -0.736ns (DCD - SCD - CPR)
    Destination Clock Delay (DCD):    -0.736ns
    Source Clock Delay      (SCD):    0.000ns
    Clock Pessimism Removal (CPR):    -0.000ns

    Location             Delay type                Incr(ns)  Path(ns)    Netlist Resource(s)
  -------------------------------------------------------------------    -------------------
    R17                                               0.000     0.000 r  rst (IN)
                         net (fo=0)                   0.000     0.000    rst
    R17                  IBUF (Prop_ibuf_I_O)         0.215     0.215 r  rst_IBUF_inst/O
                         net (fo=4, routed)           0.514     0.729    vga/vertical_counter/rst
    SLICE_X39Y6          LUT2 (Prop_lut2_I0_O)        0.045     0.774 r  vga/vertical_counter/val[9]_i_1__0/O
                         net (fo=10, routed)          0.187     0.961    vga/vertical_counter/vga_rst
    SLICE_X36Y5          FDRE                                         r  vga/vertical_counter/val_reg[4]/R
  -------------------------------------------------------------------    -------------------

                         (clock clk_out1_clk_wiz_0 rise edge)
                                                      0.000     0.000 r  
    H16                                               0.000     0.000 r  clk (IN)
                         net (fo=0)                   0.000     0.000    clk_wiz/inst/clk_in1
    H16                  IBUF (Prop_ibuf_I_O)         0.413     0.413 r  clk_wiz/inst/clkin1_ibufg/O
                         net (fo=1, routed)           0.480     0.893    clk_wiz/inst/clk_in1_clk_wiz_0
    MMCME2_ADV_X0Y1      MMCME2_ADV (Prop_mmcme2_adv_CLKIN1_CLKOUT0)
                                                     -3.047    -2.154 r  clk_wiz/inst/mmcm_adv_inst/CLKOUT0
                         net (fo=1, routed)           0.528    -1.626    clk_wiz/inst/clk_out1_clk_wiz_0
    BUFGCTRL_X0Y16       BUFG (Prop_bufg_I_O)         0.029    -1.597 r  clk_wiz/inst/clkout1_buf/O
                         net (fo=186, routed)         0.861    -0.736    vga/vertical_counter/CLK
    SLICE_X36Y5          FDRE                                         r  vga/vertical_counter/val_reg[4]/C

Slack:                    inf
  Source:                 rst
                            (input port)
  Destination:            vga/vertical_counter/val_reg[5]/R
                            (rising edge-triggered cell FDRE clocked by clk_out1_clk_wiz_0  {rise@0.000ns fall@20.000ns period=40.000ns})
  Path Group:             (none)
  Path Type:              Hold (Min at Fast Process Corner)
  Data Path Delay:        0.961ns  (logic 0.260ns (27.060%)  route 0.701ns (72.940%))
  Logic Levels:           2  (IBUF=1 LUT2=1)
  Clock Path Skew:        -0.736ns (DCD - SCD - CPR)
    Destination Clock Delay (DCD):    -0.736ns
    Source Clock Delay      (SCD):    0.000ns
    Clock Pessimism Removal (CPR):    -0.000ns

    Location             Delay type                Incr(ns)  Path(ns)    Netlist Resource(s)
  -------------------------------------------------------------------    -------------------
    R17                                               0.000     0.000 r  rst (IN)
                         net (fo=0)                   0.000     0.000    rst
    R17                  IBUF (Prop_ibuf_I_O)         0.215     0.215 r  rst_IBUF_inst/O
                         net (fo=4, routed)           0.514     0.729    vga/vertical_counter/rst
    SLICE_X39Y6          LUT2 (Prop_lut2_I0_O)        0.045     0.774 r  vga/vertical_counter/val[9]_i_1__0/O
                         net (fo=10, routed)          0.187     0.961    vga/vertical_counter/vga_rst
    SLICE_X36Y5          FDRE                                         r  vga/vertical_counter/val_reg[5]/R
  -------------------------------------------------------------------    -------------------

                         (clock clk_out1_clk_wiz_0 rise edge)
                                                      0.000     0.000 r  
    H16                                               0.000     0.000 r  clk (IN)
                         net (fo=0)                   0.000     0.000    clk_wiz/inst/clk_in1
    H16                  IBUF (Prop_ibuf_I_O)         0.413     0.413 r  clk_wiz/inst/clkin1_ibufg/O
                         net (fo=1, routed)           0.480     0.893    clk_wiz/inst/clk_in1_clk_wiz_0
    MMCME2_ADV_X0Y1      MMCME2_ADV (Prop_mmcme2_adv_CLKIN1_CLKOUT0)
                                                     -3.047    -2.154 r  clk_wiz/inst/mmcm_adv_inst/CLKOUT0
                         net (fo=1, routed)           0.528    -1.626    clk_wiz/inst/clk_out1_clk_wiz_0
    BUFGCTRL_X0Y16       BUFG (Prop_bufg_I_O)         0.029    -1.597 r  clk_wiz/inst/clkout1_buf/O
                         net (fo=186, routed)         0.861    -0.736    vga/vertical_counter/CLK
    SLICE_X36Y5          FDRE                                         r  vga/vertical_counter/val_reg[5]/C

Slack:                    inf
  Source:                 rst
                            (input port)
  Destination:            vga/vertical_counter/val_reg[0]/R
                            (rising edge-triggered cell FDRE clocked by clk_out1_clk_wiz_0  {rise@0.000ns fall@20.000ns period=40.000ns})
  Path Group:             (none)
  Path Type:              Hold (Min at Fast Process Corner)
  Data Path Delay:        0.965ns  (logic 0.260ns (26.951%)  route 0.705ns (73.049%))
  Logic Levels:           2  (IBUF=1 LUT2=1)
  Clock Path Skew:        -0.736ns (DCD - SCD - CPR)
    Destination Clock Delay (DCD):    -0.736ns
    Source Clock Delay      (SCD):    0.000ns
    Clock Pessimism Removal (CPR):    -0.000ns

    Location             Delay type                Incr(ns)  Path(ns)    Netlist Resource(s)
  -------------------------------------------------------------------    -------------------
    R17                                               0.000     0.000 r  rst (IN)
                         net (fo=0)                   0.000     0.000    rst
    R17                  IBUF (Prop_ibuf_I_O)         0.215     0.215 r  rst_IBUF_inst/O
                         net (fo=4, routed)           0.514     0.729    vga/vertical_counter/rst
    SLICE_X39Y6          LUT2 (Prop_lut2_I0_O)        0.045     0.774 r  vga/vertical_counter/val[9]_i_1__0/O
                         net (fo=10, routed)          0.191     0.965    vga/vertical_counter/vga_rst
    SLICE_X38Y4          FDRE                                         r  vga/vertical_counter/val_reg[0]/R
  -------------------------------------------------------------------    -------------------

                         (clock clk_out1_clk_wiz_0 rise edge)
                                                      0.000     0.000 r  
    H16                                               0.000     0.000 r  clk (IN)
                         net (fo=0)                   0.000     0.000    clk_wiz/inst/clk_in1
    H16                  IBUF (Prop_ibuf_I_O)         0.413     0.413 r  clk_wiz/inst/clkin1_ibufg/O
                         net (fo=1, routed)           0.480     0.893    clk_wiz/inst/clk_in1_clk_wiz_0
    MMCME2_ADV_X0Y1      MMCME2_ADV (Prop_mmcme2_adv_CLKIN1_CLKOUT0)
                                                     -3.047    -2.154 r  clk_wiz/inst/mmcm_adv_inst/CLKOUT0
                         net (fo=1, routed)           0.528    -1.626    clk_wiz/inst/clk_out1_clk_wiz_0
    BUFGCTRL_X0Y16       BUFG (Prop_bufg_I_O)         0.029    -1.597 r  clk_wiz/inst/clkout1_buf/O
                         net (fo=186, routed)         0.861    -0.736    vga/vertical_counter/CLK
    SLICE_X38Y4          FDRE                                         r  vga/vertical_counter/val_reg[0]/C

Slack:                    inf
  Source:                 rst
                            (input port)
  Destination:            vga/horizontal_counter/val_reg[0]/R
                            (rising edge-triggered cell FDRE clocked by clk_out1_clk_wiz_0  {rise@0.000ns fall@20.000ns period=40.000ns})
  Path Group:             (none)
  Path Type:              Hold (Min at Fast Process Corner)
  Data Path Delay:        0.966ns  (logic 0.260ns (26.909%)  route 0.706ns (73.091%))
  Logic Levels:           2  (IBUF=1 LUT4=1)
  Clock Path Skew:        -0.736ns (DCD - SCD - CPR)
    Destination Clock Delay (DCD):    -0.736ns
    Source Clock Delay      (SCD):    0.000ns
    Clock Pessimism Removal (CPR):    -0.000ns

    Location             Delay type                Incr(ns)  Path(ns)    Netlist Resource(s)
  -------------------------------------------------------------------    -------------------
    R17                                               0.000     0.000 r  rst (IN)
                         net (fo=0)                   0.000     0.000    rst
    R17                  IBUF (Prop_ibuf_I_O)         0.215     0.215 r  rst_IBUF_inst/O
                         net (fo=4, routed)           0.514     0.729    vga/horizontal_counter/rst
    SLICE_X39Y6          LUT4 (Prop_lut4_I1_O)        0.045     0.774 r  vga/horizontal_counter/val[9]_i_1/O
                         net (fo=10, routed)          0.193     0.966    vga/horizontal_counter/val[9]_i_1_n_0
    SLICE_X37Y6          FDRE                                         r  vga/horizontal_counter/val_reg[0]/R
  -------------------------------------------------------------------    -------------------

                         (clock clk_out1_clk_wiz_0 rise edge)
                                                      0.000     0.000 r  
    H16                                               0.000     0.000 r  clk (IN)
                         net (fo=0)                   0.000     0.000    clk_wiz/inst/clk_in1
    H16                  IBUF (Prop_ibuf_I_O)         0.413     0.413 r  clk_wiz/inst/clkin1_ibufg/O
                         net (fo=1, routed)           0.480     0.893    clk_wiz/inst/clk_in1_clk_wiz_0
    MMCME2_ADV_X0Y1      MMCME2_ADV (Prop_mmcme2_adv_CLKIN1_CLKOUT0)
                                                     -3.047    -2.154 r  clk_wiz/inst/mmcm_adv_inst/CLKOUT0
                         net (fo=1, routed)           0.528    -1.626    clk_wiz/inst/clk_out1_clk_wiz_0
    BUFGCTRL_X0Y16       BUFG (Prop_bufg_I_O)         0.029    -1.597 r  clk_wiz/inst/clkout1_buf/O
                         net (fo=186, routed)         0.861    -0.736    vga/horizontal_counter/CLK
    SLICE_X37Y6          FDRE                                         r  vga/horizontal_counter/val_reg[0]/C

Slack:                    inf
  Source:                 rst
                            (input port)
  Destination:            vga/horizontal_counter/val_reg[1]/R
                            (rising edge-triggered cell FDRE clocked by clk_out1_clk_wiz_0  {rise@0.000ns fall@20.000ns period=40.000ns})
  Path Group:             (none)
  Path Type:              Hold (Min at Fast Process Corner)
  Data Path Delay:        0.966ns  (logic 0.260ns (26.909%)  route 0.706ns (73.091%))
  Logic Levels:           2  (IBUF=1 LUT4=1)
  Clock Path Skew:        -0.736ns (DCD - SCD - CPR)
    Destination Clock Delay (DCD):    -0.736ns
    Source Clock Delay      (SCD):    0.000ns
    Clock Pessimism Removal (CPR):    -0.000ns

    Location             Delay type                Incr(ns)  Path(ns)    Netlist Resource(s)
  -------------------------------------------------------------------    -------------------
    R17                                               0.000     0.000 r  rst (IN)
                         net (fo=0)                   0.000     0.000    rst
    R17                  IBUF (Prop_ibuf_I_O)         0.215     0.215 r  rst_IBUF_inst/O
                         net (fo=4, routed)           0.514     0.729    vga/horizontal_counter/rst
    SLICE_X39Y6          LUT4 (Prop_lut4_I1_O)        0.045     0.774 r  vga/horizontal_counter/val[9]_i_1/O
                         net (fo=10, routed)          0.193     0.966    vga/horizontal_counter/val[9]_i_1_n_0
    SLICE_X37Y6          FDRE                                         r  vga/horizontal_counter/val_reg[1]/R
  -------------------------------------------------------------------    -------------------

                         (clock clk_out1_clk_wiz_0 rise edge)
                                                      0.000     0.000 r  
    H16                                               0.000     0.000 r  clk (IN)
                         net (fo=0)                   0.000     0.000    clk_wiz/inst/clk_in1
    H16                  IBUF (Prop_ibuf_I_O)         0.413     0.413 r  clk_wiz/inst/clkin1_ibufg/O
                         net (fo=1, routed)           0.480     0.893    clk_wiz/inst/clk_in1_clk_wiz_0
    MMCME2_ADV_X0Y1      MMCME2_ADV (Prop_mmcme2_adv_CLKIN1_CLKOUT0)
                                                     -3.047    -2.154 r  clk_wiz/inst/mmcm_adv_inst/CLKOUT0
                         net (fo=1, routed)           0.528    -1.626    clk_wiz/inst/clk_out1_clk_wiz_0
    BUFGCTRL_X0Y16       BUFG (Prop_bufg_I_O)         0.029    -1.597 r  clk_wiz/inst/clkout1_buf/O
                         net (fo=186, routed)         0.861    -0.736    vga/horizontal_counter/CLK
    SLICE_X37Y6          FDRE                                         r  vga/horizontal_counter/val_reg[1]/C

Slack:                    inf
  Source:                 rst
                            (input port)
  Destination:            vga/horizontal_counter/val_reg[2]/R
                            (rising edge-triggered cell FDRE clocked by clk_out1_clk_wiz_0  {rise@0.000ns fall@20.000ns period=40.000ns})
  Path Group:             (none)
  Path Type:              Hold (Min at Fast Process Corner)
  Data Path Delay:        0.966ns  (logic 0.260ns (26.909%)  route 0.706ns (73.091%))
  Logic Levels:           2  (IBUF=1 LUT4=1)
  Clock Path Skew:        -0.736ns (DCD - SCD - CPR)
    Destination Clock Delay (DCD):    -0.736ns
    Source Clock Delay      (SCD):    0.000ns
    Clock Pessimism Removal (CPR):    -0.000ns

    Location             Delay type                Incr(ns)  Path(ns)    Netlist Resource(s)
  -------------------------------------------------------------------    -------------------
    R17                                               0.000     0.000 r  rst (IN)
                         net (fo=0)                   0.000     0.000    rst
    R17                  IBUF (Prop_ibuf_I_O)         0.215     0.215 r  rst_IBUF_inst/O
                         net (fo=4, routed)           0.514     0.729    vga/horizontal_counter/rst
    SLICE_X39Y6          LUT4 (Prop_lut4_I1_O)        0.045     0.774 r  vga/horizontal_counter/val[9]_i_1/O
                         net (fo=10, routed)          0.193     0.966    vga/horizontal_counter/val[9]_i_1_n_0
    SLICE_X37Y6          FDRE                                         r  vga/horizontal_counter/val_reg[2]/R
  -------------------------------------------------------------------    -------------------

                         (clock clk_out1_clk_wiz_0 rise edge)
                                                      0.000     0.000 r  
    H16                                               0.000     0.000 r  clk (IN)
                         net (fo=0)                   0.000     0.000    clk_wiz/inst/clk_in1
    H16                  IBUF (Prop_ibuf_I_O)         0.413     0.413 r  clk_wiz/inst/clkin1_ibufg/O
                         net (fo=1, routed)           0.480     0.893    clk_wiz/inst/clk_in1_clk_wiz_0
    MMCME2_ADV_X0Y1      MMCME2_ADV (Prop_mmcme2_adv_CLKIN1_CLKOUT0)
                                                     -3.047    -2.154 r  clk_wiz/inst/mmcm_adv_inst/CLKOUT0
                         net (fo=1, routed)           0.528    -1.626    clk_wiz/inst/clk_out1_clk_wiz_0
    BUFGCTRL_X0Y16       BUFG (Prop_bufg_I_O)         0.029    -1.597 r  clk_wiz/inst/clkout1_buf/O
                         net (fo=186, routed)         0.861    -0.736    vga/horizontal_counter/CLK
    SLICE_X37Y6          FDRE                                         r  vga/horizontal_counter/val_reg[2]/C

Slack:                    inf
  Source:                 rst
                            (input port)
  Destination:            vga/horizontal_counter/val_reg[3]/R
                            (rising edge-triggered cell FDRE clocked by clk_out1_clk_wiz_0  {rise@0.000ns fall@20.000ns period=40.000ns})
  Path Group:             (none)
  Path Type:              Hold (Min at Fast Process Corner)
  Data Path Delay:        0.966ns  (logic 0.260ns (26.909%)  route 0.706ns (73.091%))
  Logic Levels:           2  (IBUF=1 LUT4=1)
  Clock Path Skew:        -0.736ns (DCD - SCD - CPR)
    Destination Clock Delay (DCD):    -0.736ns
    Source Clock Delay      (SCD):    0.000ns
    Clock Pessimism Removal (CPR):    -0.000ns

    Location             Delay type                Incr(ns)  Path(ns)    Netlist Resource(s)
  -------------------------------------------------------------------    -------------------
    R17                                               0.000     0.000 r  rst (IN)
                         net (fo=0)                   0.000     0.000    rst
    R17                  IBUF (Prop_ibuf_I_O)         0.215     0.215 r  rst_IBUF_inst/O
                         net (fo=4, routed)           0.514     0.729    vga/horizontal_counter/rst
    SLICE_X39Y6          LUT4 (Prop_lut4_I1_O)        0.045     0.774 r  vga/horizontal_counter/val[9]_i_1/O
                         net (fo=10, routed)          0.193     0.966    vga/horizontal_counter/val[9]_i_1_n_0
    SLICE_X37Y6          FDRE                                         r  vga/horizontal_counter/val_reg[3]/R
  -------------------------------------------------------------------    -------------------

                         (clock clk_out1_clk_wiz_0 rise edge)
                                                      0.000     0.000 r  
    H16                                               0.000     0.000 r  clk (IN)
                         net (fo=0)                   0.000     0.000    clk_wiz/inst/clk_in1
    H16                  IBUF (Prop_ibuf_I_O)         0.413     0.413 r  clk_wiz/inst/clkin1_ibufg/O
                         net (fo=1, routed)           0.480     0.893    clk_wiz/inst/clk_in1_clk_wiz_0
    MMCME2_ADV_X0Y1      MMCME2_ADV (Prop_mmcme2_adv_CLKIN1_CLKOUT0)
                                                     -3.047    -2.154 r  clk_wiz/inst/mmcm_adv_inst/CLKOUT0
                         net (fo=1, routed)           0.528    -1.626    clk_wiz/inst/clk_out1_clk_wiz_0
    BUFGCTRL_X0Y16       BUFG (Prop_bufg_I_O)         0.029    -1.597 r  clk_wiz/inst/clkout1_buf/O
                         net (fo=186, routed)         0.861    -0.736    vga/horizontal_counter/CLK
    SLICE_X37Y6          FDRE                                         r  vga/horizontal_counter/val_reg[3]/C

Slack:                    inf
  Source:                 rst
                            (input port)
  Destination:            vga/horizontal_counter/val_reg[5]/R
                            (rising edge-triggered cell FDRE clocked by clk_out1_clk_wiz_0  {rise@0.000ns fall@20.000ns period=40.000ns})
  Path Group:             (none)
  Path Type:              Hold (Min at Fast Process Corner)
  Data Path Delay:        0.966ns  (logic 0.260ns (26.909%)  route 0.706ns (73.091%))
  Logic Levels:           2  (IBUF=1 LUT4=1)
  Clock Path Skew:        -0.736ns (DCD - SCD - CPR)
    Destination Clock Delay (DCD):    -0.736ns
    Source Clock Delay      (SCD):    0.000ns
    Clock Pessimism Removal (CPR):    -0.000ns

    Location             Delay type                Incr(ns)  Path(ns)    Netlist Resource(s)
  -------------------------------------------------------------------    -------------------
    R17                                               0.000     0.000 r  rst (IN)
                         net (fo=0)                   0.000     0.000    rst
    R17                  IBUF (Prop_ibuf_I_O)         0.215     0.215 r  rst_IBUF_inst/O
                         net (fo=4, routed)           0.514     0.729    vga/horizontal_counter/rst
    SLICE_X39Y6          LUT4 (Prop_lut4_I1_O)        0.045     0.774 r  vga/horizontal_counter/val[9]_i_1/O
                         net (fo=10, routed)          0.193     0.966    vga/horizontal_counter/val[9]_i_1_n_0
    SLICE_X37Y6          FDRE                                         r  vga/horizontal_counter/val_reg[5]/R
  -------------------------------------------------------------------    -------------------

                         (clock clk_out1_clk_wiz_0 rise edge)
                                                      0.000     0.000 r  
    H16                                               0.000     0.000 r  clk (IN)
                         net (fo=0)                   0.000     0.000    clk_wiz/inst/clk_in1
    H16                  IBUF (Prop_ibuf_I_O)         0.413     0.413 r  clk_wiz/inst/clkin1_ibufg/O
                         net (fo=1, routed)           0.480     0.893    clk_wiz/inst/clk_in1_clk_wiz_0
    MMCME2_ADV_X0Y1      MMCME2_ADV (Prop_mmcme2_adv_CLKIN1_CLKOUT0)
                                                     -3.047    -2.154 r  clk_wiz/inst/mmcm_adv_inst/CLKOUT0
                         net (fo=1, routed)           0.528    -1.626    clk_wiz/inst/clk_out1_clk_wiz_0
    BUFGCTRL_X0Y16       BUFG (Prop_bufg_I_O)         0.029    -1.597 r  clk_wiz/inst/clkout1_buf/O
                         net (fo=186, routed)         0.861    -0.736    vga/horizontal_counter/CLK
    SLICE_X37Y6          FDRE                                         r  vga/horizontal_counter/val_reg[5]/C

Slack:                    inf
  Source:                 rst
                            (input port)
  Destination:            vga/horizontal_counter/val_reg[4]/R
                            (rising edge-triggered cell FDRE clocked by clk_out1_clk_wiz_0  {rise@0.000ns fall@20.000ns period=40.000ns})
  Path Group:             (none)
  Path Type:              Hold (Min at Fast Process Corner)
  Data Path Delay:        0.971ns  (logic 0.260ns (26.788%)  route 0.711ns (73.212%))
  Logic Levels:           2  (IBUF=1 LUT4=1)
  Clock Path Skew:        -0.736ns (DCD - SCD - CPR)
    Destination Clock Delay (DCD):    -0.736ns
    Source Clock Delay      (SCD):    0.000ns
    Clock Pessimism Removal (CPR):    -0.000ns

    Location             Delay type                Incr(ns)  Path(ns)    Netlist Resource(s)
  -------------------------------------------------------------------    -------------------
    R17                                               0.000     0.000 r  rst (IN)
                         net (fo=0)                   0.000     0.000    rst
    R17                  IBUF (Prop_ibuf_I_O)         0.215     0.215 r  rst_IBUF_inst/O
                         net (fo=4, routed)           0.514     0.729    vga/horizontal_counter/rst
    SLICE_X39Y6          LUT4 (Prop_lut4_I1_O)        0.045     0.774 r  vga/horizontal_counter/val[9]_i_1/O
                         net (fo=10, routed)          0.197     0.971    vga/horizontal_counter/val[9]_i_1_n_0
    SLICE_X36Y6          FDRE                                         r  vga/horizontal_counter/val_reg[4]/R
  -------------------------------------------------------------------    -------------------

                         (clock clk_out1_clk_wiz_0 rise edge)
                                                      0.000     0.000 r  
    H16                                               0.000     0.000 r  clk (IN)
                         net (fo=0)                   0.000     0.000    clk_wiz/inst/clk_in1
    H16                  IBUF (Prop_ibuf_I_O)         0.413     0.413 r  clk_wiz/inst/clkin1_ibufg/O
                         net (fo=1, routed)           0.480     0.893    clk_wiz/inst/clk_in1_clk_wiz_0
    MMCME2_ADV_X0Y1      MMCME2_ADV (Prop_mmcme2_adv_CLKIN1_CLKOUT0)
                                                     -3.047    -2.154 r  clk_wiz/inst/mmcm_adv_inst/CLKOUT0
                         net (fo=1, routed)           0.528    -1.626    clk_wiz/inst/clk_out1_clk_wiz_0
    BUFGCTRL_X0Y16       BUFG (Prop_bufg_I_O)         0.029    -1.597 r  clk_wiz/inst/clkout1_buf/O
                         net (fo=186, routed)         0.861    -0.736    vga/horizontal_counter/CLK
    SLICE_X36Y6          FDRE                                         r  vga/horizontal_counter/val_reg[4]/C

Slack:                    inf
  Source:                 rst
                            (input port)
  Destination:            vga/horizontal_counter/val_reg[6]/R
                            (rising edge-triggered cell FDRE clocked by clk_out1_clk_wiz_0  {rise@0.000ns fall@20.000ns period=40.000ns})
  Path Group:             (none)
  Path Type:              Hold (Min at Fast Process Corner)
  Data Path Delay:        0.975ns  (logic 0.260ns (26.660%)  route 0.715ns (73.340%))
  Logic Levels:           2  (IBUF=1 LUT4=1)
  Clock Path Skew:        -0.736ns (DCD - SCD - CPR)
    Destination Clock Delay (DCD):    -0.736ns
    Source Clock Delay      (SCD):    0.000ns
    Clock Pessimism Removal (CPR):    -0.000ns

    Location             Delay type                Incr(ns)  Path(ns)    Netlist Resource(s)
  -------------------------------------------------------------------    -------------------
    R17                                               0.000     0.000 r  rst (IN)
                         net (fo=0)                   0.000     0.000    rst
    R17                  IBUF (Prop_ibuf_I_O)         0.215     0.215 r  rst_IBUF_inst/O
                         net (fo=4, routed)           0.514     0.729    vga/horizontal_counter/rst
    SLICE_X39Y6          LUT4 (Prop_lut4_I1_O)        0.045     0.774 r  vga/horizontal_counter/val[9]_i_1/O
                         net (fo=10, routed)          0.202     0.975    vga/horizontal_counter/val[9]_i_1_n_0
    SLICE_X39Y6          FDRE                                         r  vga/horizontal_counter/val_reg[6]/R
  -------------------------------------------------------------------    -------------------

                         (clock clk_out1_clk_wiz_0 rise edge)
                                                      0.000     0.000 r  
    H16                                               0.000     0.000 r  clk (IN)
                         net (fo=0)                   0.000     0.000    clk_wiz/inst/clk_in1
    H16                  IBUF (Prop_ibuf_I_O)         0.413     0.413 r  clk_wiz/inst/clkin1_ibufg/O
                         net (fo=1, routed)           0.480     0.893    clk_wiz/inst/clk_in1_clk_wiz_0
    MMCME2_ADV_X0Y1      MMCME2_ADV (Prop_mmcme2_adv_CLKIN1_CLKOUT0)
                                                     -3.047    -2.154 r  clk_wiz/inst/mmcm_adv_inst/CLKOUT0
                         net (fo=1, routed)           0.528    -1.626    clk_wiz/inst/clk_out1_clk_wiz_0
    BUFGCTRL_X0Y16       BUFG (Prop_bufg_I_O)         0.029    -1.597 r  clk_wiz/inst/clkout1_buf/O
                         net (fo=186, routed)         0.861    -0.736    vga/horizontal_counter/CLK
    SLICE_X39Y6          FDRE                                         r  vga/horizontal_counter/val_reg[6]/C





