Copyright 1986-2022 Xilinx, Inc. All Rights Reserved. Copyright 2022-2026 Advanced Micro Devices, Inc. All Rights Reserved.
------------------------------------------------------------------------------------------------------------------------------------------------------------------------------------------------------------------------------------------
| Tool Version : Vivado v.2026.1 (win64) Build 6511674 Tue Jun 16 11:02:23 MDT 2026
| Date         : Tue Sep  8 20:09:25 2026
| Host         : Tyrone running 64-bit major release  (build 9200)
| Command      : report_timing_summary -max_paths 10 -routable_nets -report_unconstrained -file count_wrap_timing_summary_routed.rpt -pb count_wrap_timing_summary_routed.pb -rpx count_wrap_timing_summary_routed.rpx -warn_on_violation
| Design       : count_wrap
| Device       : 7z007s-clg400
| Speed File   : -1  PRODUCTION 1.12 2019-11-22
| Design State : Routed
------------------------------------------------------------------------------------------------------------------------------------------------------------------------------------------------------------------------------------------

Timing Summary Report

------------------------------------------------------------------------------------------------
| Timer Settings
| --------------
------------------------------------------------------------------------------------------------

  Enable Multi Corner Analysis               :  Yes
  Enable Pessimism Removal                   :  Yes
  Pessimism Removal Resolution               :  Nearest Common Node
  Enable Input Delay Default Clock           :  No
  Enable Preset / Clear Arcs                 :  No
  Disable Flight Delays                      :  No
  Ignore I/O Paths                           :  No
  Timing Early Launch at Borrowing Latches   :  No
  Borrow Time for Max Delay Exceptions       :  Yes
  Merge Timing Exceptions                    :  Yes
  Inter-SLR Compensation                     :  Conservative

  Corner  Analyze    Analyze    
  Name    Max Paths  Min Paths  
  ------  ---------  ---------  
  Slow    Yes        Yes        
  Fast    Yes        Yes        


------------------------------------------------------------------------------------------------
| Report Methodology
| ------------------
------------------------------------------------------------------------------------------------

No report available as report_methodology has not been run prior. Run report_methodology on the current design for the summary of methodology violations.



check_timing report

Table of Contents
-----------------
1. checking no_clock (0)
2. checking constant_clock (0)
3. checking pulse_width_clock (0)
4. checking unconstrained_internal_endpoints (0)
5. checking no_input_delay (2)
6. checking no_output_delay (2)
7. checking multiple_clock (0)
8. checking generated_clocks (0)
9. checking loops (0)
10. checking partial_input_delay (0)
11. checking partial_output_delay (0)
12. checking latch_loops (0)

1. checking no_clock (0)
------------------------
 There are 0 register/latch pins with no clock.


2. checking constant_clock (0)
------------------------------
 There are 0 register/latch pins with constant_clock.


3. checking pulse_width_clock (0)
---------------------------------
 There are 0 register/latch pins which need pulse_width check


4. checking unconstrained_internal_endpoints (0)
------------------------------------------------
 There are 0 pins that are not constrained for maximum delay.

 There are 0 pins that are not constrained for maximum delay due to constant clock.


5. checking no_input_delay (2)
------------------------------
 There are 2 input ports with no input delay specified. (HIGH)

 There are 0 input ports with no input delay but user has a false path constraint.


6. checking no_output_delay (2)
-------------------------------
 There are 2 ports with no output delay specified. (HIGH)

 There are 0 ports with no output delay but user has a false path constraint

 There are 0 ports with no output delay but with a timing clock defined on it or propagating through it


7. checking multiple_clock (0)
------------------------------
 There are 0 register/latch pins with multiple clocks.


8. checking generated_clocks (0)
--------------------------------
 There are 0 generated clocks that are not connected to a clock source.


9. checking loops (0)
---------------------
 There are 0 combinational loops in the design.


10. checking partial_input_delay (0)
------------------------------------
 There are 0 input ports with partial input delay specified.


11. checking partial_output_delay (0)
-------------------------------------
 There are 0 ports with partial output delay specified.


12. checking latch_loops (0)
----------------------------
 There are 0 combinational latch loops in the design through latch input



------------------------------------------------------------------------------------------------
| Design Timing Summary
| ---------------------
------------------------------------------------------------------------------------------------

    WNS(ns)      TNS(ns)  TNS Failing Endpoints  TNS Total Endpoints      WHS(ns)      THS(ns)  THS Failing Endpoints  THS Total Endpoints     WPWS(ns)     TPWS(ns)  TPWS Failing Endpoints  TPWS Total Endpoints  
    -------      -------  ---------------------  -------------------      -------      -------  ---------------------  -------------------     --------     --------  ----------------------  --------------------  
    139.344        0.000                      0                   30        0.150        0.000                      0                   30        3.000        0.000                       0                    26  


All user specified timing constraints are met.


------------------------------------------------------------------------------------------------
| Clock Summary
| -------------
------------------------------------------------------------------------------------------------

Clock                 Waveform(ns)         Period(ns)      Frequency(MHz)
-----                 ------------         ----------      --------------
clk                   {0.000 5.000}        10.000          100.000         
  clk_out1_clk_wiz_0  {0.000 71.429}       142.857         7.000           
  clkfbout_clk_wiz_0  {0.000 25.000}       50.000          20.000          


------------------------------------------------------------------------------------------------
| Intra Clock Table
| -----------------
------------------------------------------------------------------------------------------------

Clock                     WNS(ns)      TNS(ns)  TNS Failing Endpoints  TNS Total Endpoints      WHS(ns)      THS(ns)  THS Failing Endpoints  THS Total Endpoints     WPWS(ns)     TPWS(ns)  TPWS Failing Endpoints  TPWS Total Endpoints  
-----                     -------      -------  ---------------------  -------------------      -------      -------  ---------------------  -------------------     --------     --------  ----------------------  --------------------  
clk                                                                                                                                                                     3.000        0.000                       0                     1  
  clk_out1_clk_wiz_0      139.344        0.000                      0                   30        0.150        0.000                      0                   30       70.503        0.000                       0                    22  
  clkfbout_clk_wiz_0                                                                                                                                                   47.845        0.000                       0                     3  


------------------------------------------------------------------------------------------------
| Inter Clock Table
| -----------------
------------------------------------------------------------------------------------------------

From Clock    To Clock          WNS(ns)      TNS(ns)  TNS Failing Endpoints  TNS Total Endpoints      WHS(ns)      THS(ns)  THS Failing Endpoints  THS Total Endpoints  
----------    --------          -------      -------  ---------------------  -------------------      -------      -------  ---------------------  -------------------  


------------------------------------------------------------------------------------------------
| Other Path Groups Table
| -----------------------
------------------------------------------------------------------------------------------------

Path Group    From Clock    To Clock          WNS(ns)      TNS(ns)  TNS Failing Endpoints  TNS Total Endpoints      WHS(ns)      THS(ns)  THS Failing Endpoints  THS Total Endpoints  
----------    ----------    --------          -------      -------  ---------------------  -------------------      -------      -------  ---------------------  -------------------  


------------------------------------------------------------------------------------------------
| User Ignored Path Table
| -----------------------
------------------------------------------------------------------------------------------------

Path Group    From Clock    To Clock    
----------    ----------    --------    


------------------------------------------------------------------------------------------------
| Unconstrained Path Table
| ------------------------
------------------------------------------------------------------------------------------------

Path Group          From Clock          To Clock          
----------          ----------          --------          
(none)              clk_out1_clk_wiz_0                      
(none)                                  clk_out1_clk_wiz_0  


------------------------------------------------------------------------------------------------
| Timing Details
| --------------
------------------------------------------------------------------------------------------------


---------------------------------------------------------------------------------------------------
From Clock:  clk
  To Clock:  clk

Setup :           NA  Failing Endpoints,  Worst Slack           NA  ,  Total Violation           NA
Hold  :           NA  Failing Endpoints,  Worst Slack           NA  ,  Total Violation           NA
PW    :            0  Failing Endpoints,  Worst Slack        3.000ns,  Total Violation        0.000ns
---------------------------------------------------------------------------------------------------


Pulse Width Checks
--------------------------------------------------------------------------------------
Clock Name:         clk
Waveform(ns):       { 0.000 5.000 }
Period(ns):         10.000
Sources:            { clk }

Check Type        Corner  Lib Pin            Reference Pin  Required(ns)  Actual(ns)  Slack(ns)  Location         Pin
Min Period        n/a     MMCME2_ADV/CLKIN1  n/a            1.249         10.000      8.751      MMCME2_ADV_X0Y1  clock_generator/inst/mmcm_adv_inst/CLKIN1
Max Period        n/a     MMCME2_ADV/CLKIN1  n/a            100.000       10.000      90.000     MMCME2_ADV_X0Y1  clock_generator/inst/mmcm_adv_inst/CLKIN1
Low Pulse Width   Slow    MMCME2_ADV/CLKIN1  n/a            2.000         5.000       3.000      MMCME2_ADV_X0Y1  clock_generator/inst/mmcm_adv_inst/CLKIN1
Low Pulse Width   Fast    MMCME2_ADV/CLKIN1  n/a            2.000         5.000       3.000      MMCME2_ADV_X0Y1  clock_generator/inst/mmcm_adv_inst/CLKIN1
High Pulse Width  Slow    MMCME2_ADV/CLKIN1  n/a            2.000         5.000       3.000      MMCME2_ADV_X0Y1  clock_generator/inst/mmcm_adv_inst/CLKIN1
High Pulse Width  Fast    MMCME2_ADV/CLKIN1  n/a            2.000         5.000       3.000      MMCME2_ADV_X0Y1  clock_generator/inst/mmcm_adv_inst/CLKIN1



---------------------------------------------------------------------------------------------------
From Clock:  clk_out1_clk_wiz_0
  To Clock:  clk_out1_clk_wiz_0

Setup :            0  Failing Endpoints,  Worst Slack      139.344ns,  Total Violation        0.000ns
Hold  :            0  Failing Endpoints,  Worst Slack        0.150ns,  Total Violation        0.000ns
PW    :            0  Failing Endpoints,  Worst Slack       70.503ns,  Total Violation        0.000ns
---------------------------------------------------------------------------------------------------


Max Delay Paths
--------------------------------------------------------------------------------------
Slack (MET) :             139.344ns  (required time - arrival time)
  Source:                 cntrA/val_reg[1]/C
                            (rising edge-triggered cell FDRE clocked by clk_out1_clk_wiz_0  {rise@0.000ns fall@71.429ns period=142.857ns})
  Destination:            cntrB/val_reg[1]/CE
                            (rising edge-triggered cell FDRE clocked by clk_out1_clk_wiz_0  {rise@0.000ns fall@71.429ns period=142.857ns})
  Path Group:             clk_out1_clk_wiz_0
  Path Type:              Setup (Max at Slow Process Corner)
  Requirement:            142.857ns  (clk_out1_clk_wiz_0 rise@142.857ns - clk_out1_clk_wiz_0 rise@0.000ns)
  Data Path Delay:        3.070ns  (logic 1.094ns (35.630%)  route 1.976ns (64.370%))
  Logic Levels:           2  (LUT3=1 LUT6=1)
  Clock Path Skew:        -0.020ns (DCD - SCD + CPR)
    Destination Clock Delay (DCD):    -1.302ns = ( 141.556 - 142.857 ) 
    Source Clock Delay      (SCD):    -0.656ns
    Clock Pessimism Removal (CPR):    0.626ns
  Clock Uncertainty:      0.218ns  ((TSJ^2 + DJ^2)^1/2) / 2 + PE
    Total System Jitter     (TSJ):    0.071ns
    Discrete Jitter          (DJ):    0.429ns
    Phase Error              (PE):    0.000ns

    Location             Delay type                Incr(ns)  Path(ns)    Netlist Resource(s)
  -------------------------------------------------------------------    -------------------
                         (clock clk_out1_clk_wiz_0 rise edge)
                                                      0.000     0.000 r  <hidden>
    H16                                               0.000     0.000 r  clk
                         net (fo=0)                   0.000     0.000    clock_generator/inst/clk_in1
    H16                  IBUF (Prop_ibuf_I_O)         1.457     1.457 r  clock_generator/inst/clkin1_ibufg/O
                         net (fo=1, routed)           1.285     2.742    clock_generator/inst/clk_in1_clk_wiz_0
    MMCME2_ADV_X0Y1      MMCME2_ADV (Prop_mmcme2_adv_CLKIN1_CLKOUT0)
                                                     -6.996    -4.254 r  clock_generator/inst/mmcm_adv_inst/CLKOUT0
                         net (fo=1, routed)           1.760    -2.494    clock_generator/inst/clk_out1_clk_wiz_0
    BUFGCTRL_X0Y16       BUFG (Prop_bufg_I_O)         0.101    -2.393 r  clock_generator/inst/clkout1_buf/O
                         net (fo=20, routed)          1.737    -0.656    cntrA/CLK
    SLICE_X41Y24         FDRE                                         r  cntrA/val_reg[1]/C
  -------------------------------------------------------------------    -------------------
    SLICE_X41Y24         FDRE (Prop_fdre_C_Q)         0.419    -0.237 r  cntrA/val_reg[1]/Q
                         net (fo=5, routed)           0.814     0.577    cntrA/a_val[1]
    SLICE_X42Y24         LUT3 (Prop_lut3_I0_O)        0.327     0.904 f  cntrA/val[7]_i_2/O
                         net (fo=6, routed)           0.534     1.439    cntrA/val[7]_i_2_n_0
    SLICE_X43Y24         LUT6 (Prop_lut6_I2_O)        0.348     1.787 r  cntrA/val[9]_i_1/O
                         net (fo=10, routed)          0.628     2.415    cntrB/E[0]
    SLICE_X41Y23         FDRE                                         r  cntrB/val_reg[1]/CE
  -------------------------------------------------------------------    -------------------

                         (clock clk_out1_clk_wiz_0 rise edge)
                                                    142.857   142.857 r  <hidden>
    H16                                               0.000   142.857 r  clk
                         net (fo=0)                   0.000   142.857    clock_generator/inst/clk_in1
    H16                  IBUF (Prop_ibuf_I_O)         1.387   144.244 r  clock_generator/inst/clkin1_ibufg/O
                         net (fo=1, routed)           1.162   145.406    clock_generator/inst/clk_in1_clk_wiz_0
    MMCME2_ADV_X0Y1      MMCME2_ADV (Prop_mmcme2_adv_CLKIN1_CLKOUT0)
                                                     -7.105   138.301 r  clock_generator/inst/mmcm_adv_inst/CLKOUT0
                         net (fo=1, routed)           1.599   139.900    clock_generator/inst/clk_out1_clk_wiz_0
    BUFGCTRL_X0Y16       BUFG (Prop_bufg_I_O)         0.091   139.991 r  clock_generator/inst/clkout1_buf/O
                         net (fo=20, routed)          1.564   141.556    cntrB/CLK
    SLICE_X41Y23         FDRE                                         r  cntrB/val_reg[1]/C
                         clock pessimism              0.626   142.181    <hidden>
                         clock uncertainty           -0.218   141.964    <hidden>
    SLICE_X41Y23         FDRE (Setup_fdre_C_CE)      -0.205   141.759    cntrB/val_reg[1]
  -------------------------------------------------------------------
                         required time                        141.759    <hidden>
                         arrival time                          -2.415    <hidden>
  -------------------------------------------------------------------
                         slack                                139.344    <hidden>

Slack (MET) :             139.344ns  (required time - arrival time)
  Source:                 cntrA/val_reg[1]/C
                            (rising edge-triggered cell FDRE clocked by clk_out1_clk_wiz_0  {rise@0.000ns fall@71.429ns period=142.857ns})
  Destination:            cntrB/val_reg[2]/CE
                            (rising edge-triggered cell FDRE clocked by clk_out1_clk_wiz_0  {rise@0.000ns fall@71.429ns period=142.857ns})
  Path Group:             clk_out1_clk_wiz_0
  Path Type:              Setup (Max at Slow Process Corner)
  Requirement:            142.857ns  (clk_out1_clk_wiz_0 rise@142.857ns - clk_out1_clk_wiz_0 rise@0.000ns)
  Data Path Delay:        3.070ns  (logic 1.094ns (35.630%)  route 1.976ns (64.370%))
  Logic Levels:           2  (LUT3=1 LUT6=1)
  Clock Path Skew:        -0.020ns (DCD - SCD + CPR)
    Destination Clock Delay (DCD):    -1.302ns = ( 141.556 - 142.857 ) 
    Source Clock Delay      (SCD):    -0.656ns
    Clock Pessimism Removal (CPR):    0.626ns
  Clock Uncertainty:      0.218ns  ((TSJ^2 + DJ^2)^1/2) / 2 + PE
    Total System Jitter     (TSJ):    0.071ns
    Discrete Jitter          (DJ):    0.429ns
    Phase Error              (PE):    0.000ns

    Location             Delay type                Incr(ns)  Path(ns)    Netlist Resource(s)
  -------------------------------------------------------------------    -------------------
                         (clock clk_out1_clk_wiz_0 rise edge)
                                                      0.000     0.000 r  <hidden>
    H16                                               0.000     0.000 r  clk
                         net (fo=0)                   0.000     0.000    clock_generator/inst/clk_in1
    H16                  IBUF (Prop_ibuf_I_O)         1.457     1.457 r  clock_generator/inst/clkin1_ibufg/O
                         net (fo=1, routed)           1.285     2.742    clock_generator/inst/clk_in1_clk_wiz_0
    MMCME2_ADV_X0Y1      MMCME2_ADV (Prop_mmcme2_adv_CLKIN1_CLKOUT0)
                                                     -6.996    -4.254 r  clock_generator/inst/mmcm_adv_inst/CLKOUT0
                         net (fo=1, routed)           1.760    -2.494    clock_generator/inst/clk_out1_clk_wiz_0
    BUFGCTRL_X0Y16       BUFG (Prop_bufg_I_O)         0.101    -2.393 r  clock_generator/inst/clkout1_buf/O
                         net (fo=20, routed)          1.737    -0.656    cntrA/CLK
    SLICE_X41Y24         FDRE                                         r  cntrA/val_reg[1]/C
  -------------------------------------------------------------------    -------------------
    SLICE_X41Y24         FDRE (Prop_fdre_C_Q)         0.419    -0.237 r  cntrA/val_reg[1]/Q
                         net (fo=5, routed)           0.814     0.577    cntrA/a_val[1]
    SLICE_X42Y24         LUT3 (Prop_lut3_I0_O)        0.327     0.904 f  cntrA/val[7]_i_2/O
                         net (fo=6, routed)           0.534     1.439    cntrA/val[7]_i_2_n_0
    SLICE_X43Y24         LUT6 (Prop_lut6_I2_O)        0.348     1.787 r  cntrA/val[9]_i_1/O
                         net (fo=10, routed)          0.628     2.415    cntrB/E[0]
    SLICE_X41Y23         FDRE                                         r  cntrB/val_reg[2]/CE
  -------------------------------------------------------------------    -------------------

                         (clock clk_out1_clk_wiz_0 rise edge)
                                                    142.857   142.857 r  <hidden>
    H16                                               0.000   142.857 r  clk
                         net (fo=0)                   0.000   142.857    clock_generator/inst/clk_in1
    H16                  IBUF (Prop_ibuf_I_O)         1.387   144.244 r  clock_generator/inst/clkin1_ibufg/O
                         net (fo=1, routed)           1.162   145.406    clock_generator/inst/clk_in1_clk_wiz_0
    MMCME2_ADV_X0Y1      MMCME2_ADV (Prop_mmcme2_adv_CLKIN1_CLKOUT0)
                                                     -7.105   138.301 r  clock_generator/inst/mmcm_adv_inst/CLKOUT0
                         net (fo=1, routed)           1.599   139.900    clock_generator/inst/clk_out1_clk_wiz_0
    BUFGCTRL_X0Y16       BUFG (Prop_bufg_I_O)         0.091   139.991 r  clock_generator/inst/clkout1_buf/O
                         net (fo=20, routed)          1.564   141.556    cntrB/CLK
    SLICE_X41Y23         FDRE                                         r  cntrB/val_reg[2]/C
                         clock pessimism              0.626   142.181    <hidden>
                         clock uncertainty           -0.218   141.964    <hidden>
    SLICE_X41Y23         FDRE (Setup_fdre_C_CE)      -0.205   141.759    cntrB/val_reg[2]
  -------------------------------------------------------------------
                         required time                        141.759    <hidden>
                         arrival time                          -2.415    <hidden>
  -------------------------------------------------------------------
                         slack                                139.344    <hidden>

Slack (MET) :             139.344ns  (required time - arrival time)
  Source:                 cntrA/val_reg[1]/C
                            (rising edge-triggered cell FDRE clocked by clk_out1_clk_wiz_0  {rise@0.000ns fall@71.429ns period=142.857ns})
  Destination:            cntrB/val_reg[3]/CE
                            (rising edge-triggered cell FDRE clocked by clk_out1_clk_wiz_0  {rise@0.000ns fall@71.429ns period=142.857ns})
  Path Group:             clk_out1_clk_wiz_0
  Path Type:              Setup (Max at Slow Process Corner)
  Requirement:            142.857ns  (clk_out1_clk_wiz_0 rise@142.857ns - clk_out1_clk_wiz_0 rise@0.000ns)
  Data Path Delay:        3.070ns  (logic 1.094ns (35.630%)  route 1.976ns (64.370%))
  Logic Levels:           2  (LUT3=1 LUT6=1)
  Clock Path Skew:        -0.020ns (DCD - SCD + CPR)
    Destination Clock Delay (DCD):    -1.302ns = ( 141.556 - 142.857 ) 
    Source Clock Delay      (SCD):    -0.656ns
    Clock Pessimism Removal (CPR):    0.626ns
  Clock Uncertainty:      0.218ns  ((TSJ^2 + DJ^2)^1/2) / 2 + PE
    Total System Jitter     (TSJ):    0.071ns
    Discrete Jitter          (DJ):    0.429ns
    Phase Error              (PE):    0.000ns

    Location             Delay type                Incr(ns)  Path(ns)    Netlist Resource(s)
  -------------------------------------------------------------------    -------------------
                         (clock clk_out1_clk_wiz_0 rise edge)
                                                      0.000     0.000 r  <hidden>
    H16                                               0.000     0.000 r  clk
                         net (fo=0)                   0.000     0.000    clock_generator/inst/clk_in1
    H16                  IBUF (Prop_ibuf_I_O)         1.457     1.457 r  clock_generator/inst/clkin1_ibufg/O
                         net (fo=1, routed)           1.285     2.742    clock_generator/inst/clk_in1_clk_wiz_0
    MMCME2_ADV_X0Y1      MMCME2_ADV (Prop_mmcme2_adv_CLKIN1_CLKOUT0)
                                                     -6.996    -4.254 r  clock_generator/inst/mmcm_adv_inst/CLKOUT0
                         net (fo=1, routed)           1.760    -2.494    clock_generator/inst/clk_out1_clk_wiz_0
    BUFGCTRL_X0Y16       BUFG (Prop_bufg_I_O)         0.101    -2.393 r  clock_generator/inst/clkout1_buf/O
                         net (fo=20, routed)          1.737    -0.656    cntrA/CLK
    SLICE_X41Y24         FDRE                                         r  cntrA/val_reg[1]/C
  -------------------------------------------------------------------    -------------------
    SLICE_X41Y24         FDRE (Prop_fdre_C_Q)         0.419    -0.237 r  cntrA/val_reg[1]/Q
                         net (fo=5, routed)           0.814     0.577    cntrA/a_val[1]
    SLICE_X42Y24         LUT3 (Prop_lut3_I0_O)        0.327     0.904 f  cntrA/val[7]_i_2/O
                         net (fo=6, routed)           0.534     1.439    cntrA/val[7]_i_2_n_0
    SLICE_X43Y24         LUT6 (Prop_lut6_I2_O)        0.348     1.787 r  cntrA/val[9]_i_1/O
                         net (fo=10, routed)          0.628     2.415    cntrB/E[0]
    SLICE_X41Y23         FDRE                                         r  cntrB/val_reg[3]/CE
  -------------------------------------------------------------------    -------------------

                         (clock clk_out1_clk_wiz_0 rise edge)
                                                    142.857   142.857 r  <hidden>
    H16                                               0.000   142.857 r  clk
                         net (fo=0)                   0.000   142.857    clock_generator/inst/clk_in1
    H16                  IBUF (Prop_ibuf_I_O)         1.387   144.244 r  clock_generator/inst/clkin1_ibufg/O
                         net (fo=1, routed)           1.162   145.406    clock_generator/inst/clk_in1_clk_wiz_0
    MMCME2_ADV_X0Y1      MMCME2_ADV (Prop_mmcme2_adv_CLKIN1_CLKOUT0)
                                                     -7.105   138.301 r  clock_generator/inst/mmcm_adv_inst/CLKOUT0
                         net (fo=1, routed)           1.599   139.900    clock_generator/inst/clk_out1_clk_wiz_0
    BUFGCTRL_X0Y16       BUFG (Prop_bufg_I_O)         0.091   139.991 r  clock_generator/inst/clkout1_buf/O
                         net (fo=20, routed)          1.564   141.556    cntrB/CLK
    SLICE_X41Y23         FDRE                                         r  cntrB/val_reg[3]/C
                         clock pessimism              0.626   142.181    <hidden>
                         clock uncertainty           -0.218   141.964    <hidden>
    SLICE_X41Y23         FDRE (Setup_fdre_C_CE)      -0.205   141.759    cntrB/val_reg[3]
  -------------------------------------------------------------------
                         required time                        141.759    <hidden>
                         arrival time                          -2.415    <hidden>
  -------------------------------------------------------------------
                         slack                                139.344    <hidden>

Slack (MET) :             139.344ns  (required time - arrival time)
  Source:                 cntrA/val_reg[1]/C
                            (rising edge-triggered cell FDRE clocked by clk_out1_clk_wiz_0  {rise@0.000ns fall@71.429ns period=142.857ns})
  Destination:            cntrB/val_reg[4]/CE
                            (rising edge-triggered cell FDRE clocked by clk_out1_clk_wiz_0  {rise@0.000ns fall@71.429ns period=142.857ns})
  Path Group:             clk_out1_clk_wiz_0
  Path Type:              Setup (Max at Slow Process Corner)
  Requirement:            142.857ns  (clk_out1_clk_wiz_0 rise@142.857ns - clk_out1_clk_wiz_0 rise@0.000ns)
  Data Path Delay:        3.070ns  (logic 1.094ns (35.630%)  route 1.976ns (64.370%))
  Logic Levels:           2  (LUT3=1 LUT6=1)
  Clock Path Skew:        -0.020ns (DCD - SCD + CPR)
    Destination Clock Delay (DCD):    -1.302ns = ( 141.556 - 142.857 ) 
    Source Clock Delay      (SCD):    -0.656ns
    Clock Pessimism Removal (CPR):    0.626ns
  Clock Uncertainty:      0.218ns  ((TSJ^2 + DJ^2)^1/2) / 2 + PE
    Total System Jitter     (TSJ):    0.071ns
    Discrete Jitter          (DJ):    0.429ns
    Phase Error              (PE):    0.000ns

    Location             Delay type                Incr(ns)  Path(ns)    Netlist Resource(s)
  -------------------------------------------------------------------    -------------------
                         (clock clk_out1_clk_wiz_0 rise edge)
                                                      0.000     0.000 r  <hidden>
    H16                                               0.000     0.000 r  clk
                         net (fo=0)                   0.000     0.000    clock_generator/inst/clk_in1
    H16                  IBUF (Prop_ibuf_I_O)         1.457     1.457 r  clock_generator/inst/clkin1_ibufg/O
                         net (fo=1, routed)           1.285     2.742    clock_generator/inst/clk_in1_clk_wiz_0
    MMCME2_ADV_X0Y1      MMCME2_ADV (Prop_mmcme2_adv_CLKIN1_CLKOUT0)
                                                     -6.996    -4.254 r  clock_generator/inst/mmcm_adv_inst/CLKOUT0
                         net (fo=1, routed)           1.760    -2.494    clock_generator/inst/clk_out1_clk_wiz_0
    BUFGCTRL_X0Y16       BUFG (Prop_bufg_I_O)         0.101    -2.393 r  clock_generator/inst/clkout1_buf/O
                         net (fo=20, routed)          1.737    -0.656    cntrA/CLK
    SLICE_X41Y24         FDRE                                         r  cntrA/val_reg[1]/C
  -------------------------------------------------------------------    -------------------
    SLICE_X41Y24         FDRE (Prop_fdre_C_Q)         0.419    -0.237 r  cntrA/val_reg[1]/Q
                         net (fo=5, routed)           0.814     0.577    cntrA/a_val[1]
    SLICE_X42Y24         LUT3 (Prop_lut3_I0_O)        0.327     0.904 f  cntrA/val[7]_i_2/O
                         net (fo=6, routed)           0.534     1.439    cntrA/val[7]_i_2_n_0
    SLICE_X43Y24         LUT6 (Prop_lut6_I2_O)        0.348     1.787 r  cntrA/val[9]_i_1/O
                         net (fo=10, routed)          0.628     2.415    cntrB/E[0]
    SLICE_X41Y23         FDRE                                         r  cntrB/val_reg[4]/CE
  -------------------------------------------------------------------    -------------------

                         (clock clk_out1_clk_wiz_0 rise edge)
                                                    142.857   142.857 r  <hidden>
    H16                                               0.000   142.857 r  clk
                         net (fo=0)                   0.000   142.857    clock_generator/inst/clk_in1
    H16                  IBUF (Prop_ibuf_I_O)         1.387   144.244 r  clock_generator/inst/clkin1_ibufg/O
                         net (fo=1, routed)           1.162   145.406    clock_generator/inst/clk_in1_clk_wiz_0
    MMCME2_ADV_X0Y1      MMCME2_ADV (Prop_mmcme2_adv_CLKIN1_CLKOUT0)
                                                     -7.105   138.301 r  clock_generator/inst/mmcm_adv_inst/CLKOUT0
                         net (fo=1, routed)           1.599   139.900    clock_generator/inst/clk_out1_clk_wiz_0
    BUFGCTRL_X0Y16       BUFG (Prop_bufg_I_O)         0.091   139.991 r  clock_generator/inst/clkout1_buf/O
                         net (fo=20, routed)          1.564   141.556    cntrB/CLK
    SLICE_X41Y23         FDRE                                         r  cntrB/val_reg[4]/C
                         clock pessimism              0.626   142.181    <hidden>
                         clock uncertainty           -0.218   141.964    <hidden>
    SLICE_X41Y23         FDRE (Setup_fdre_C_CE)      -0.205   141.759    cntrB/val_reg[4]
  -------------------------------------------------------------------
                         required time                        141.759    <hidden>
                         arrival time                          -2.415    <hidden>
  -------------------------------------------------------------------
                         slack                                139.344    <hidden>

Slack (MET) :             139.344ns  (required time - arrival time)
  Source:                 cntrA/val_reg[1]/C
                            (rising edge-triggered cell FDRE clocked by clk_out1_clk_wiz_0  {rise@0.000ns fall@71.429ns period=142.857ns})
  Destination:            cntrB/val_reg[5]/CE
                            (rising edge-triggered cell FDRE clocked by clk_out1_clk_wiz_0  {rise@0.000ns fall@71.429ns period=142.857ns})
  Path Group:             clk_out1_clk_wiz_0
  Path Type:              Setup (Max at Slow Process Corner)
  Requirement:            142.857ns  (clk_out1_clk_wiz_0 rise@142.857ns - clk_out1_clk_wiz_0 rise@0.000ns)
  Data Path Delay:        3.070ns  (logic 1.094ns (35.630%)  route 1.976ns (64.370%))
  Logic Levels:           2  (LUT3=1 LUT6=1)
  Clock Path Skew:        -0.020ns (DCD - SCD + CPR)
    Destination Clock Delay (DCD):    -1.302ns = ( 141.556 - 142.857 ) 
    Source Clock Delay      (SCD):    -0.656ns
    Clock Pessimism Removal (CPR):    0.626ns
  Clock Uncertainty:      0.218ns  ((TSJ^2 + DJ^2)^1/2) / 2 + PE
    Total System Jitter     (TSJ):    0.071ns
    Discrete Jitter          (DJ):    0.429ns
    Phase Error              (PE):    0.000ns

    Location             Delay type                Incr(ns)  Path(ns)    Netlist Resource(s)
  -------------------------------------------------------------------    -------------------
                         (clock clk_out1_clk_wiz_0 rise edge)
                                                      0.000     0.000 r  <hidden>
    H16                                               0.000     0.000 r  clk
                         net (fo=0)                   0.000     0.000    clock_generator/inst/clk_in1
    H16                  IBUF (Prop_ibuf_I_O)         1.457     1.457 r  clock_generator/inst/clkin1_ibufg/O
                         net (fo=1, routed)           1.285     2.742    clock_generator/inst/clk_in1_clk_wiz_0
    MMCME2_ADV_X0Y1      MMCME2_ADV (Prop_mmcme2_adv_CLKIN1_CLKOUT0)
                                                     -6.996    -4.254 r  clock_generator/inst/mmcm_adv_inst/CLKOUT0
                         net (fo=1, routed)           1.760    -2.494    clock_generator/inst/clk_out1_clk_wiz_0
    BUFGCTRL_X0Y16       BUFG (Prop_bufg_I_O)         0.101    -2.393 r  clock_generator/inst/clkout1_buf/O
                         net (fo=20, routed)          1.737    -0.656    cntrA/CLK
    SLICE_X41Y24         FDRE                                         r  cntrA/val_reg[1]/C
  -------------------------------------------------------------------    -------------------
    SLICE_X41Y24         FDRE (Prop_fdre_C_Q)         0.419    -0.237 r  cntrA/val_reg[1]/Q
                         net (fo=5, routed)           0.814     0.577    cntrA/a_val[1]
    SLICE_X42Y24         LUT3 (Prop_lut3_I0_O)        0.327     0.904 f  cntrA/val[7]_i_2/O
                         net (fo=6, routed)           0.534     1.439    cntrA/val[7]_i_2_n_0
    SLICE_X43Y24         LUT6 (Prop_lut6_I2_O)        0.348     1.787 r  cntrA/val[9]_i_1/O
                         net (fo=10, routed)          0.628     2.415    cntrB/E[0]
    SLICE_X41Y23         FDRE                                         r  cntrB/val_reg[5]/CE
  -------------------------------------------------------------------    -------------------

                         (clock clk_out1_clk_wiz_0 rise edge)
                                                    142.857   142.857 r  <hidden>
    H16                                               0.000   142.857 r  clk
                         net (fo=0)                   0.000   142.857    clock_generator/inst/clk_in1
    H16                  IBUF (Prop_ibuf_I_O)         1.387   144.244 r  clock_generator/inst/clkin1_ibufg/O
                         net (fo=1, routed)           1.162   145.406    clock_generator/inst/clk_in1_clk_wiz_0
    MMCME2_ADV_X0Y1      MMCME2_ADV (Prop_mmcme2_adv_CLKIN1_CLKOUT0)
                                                     -7.105   138.301 r  clock_generator/inst/mmcm_adv_inst/CLKOUT0
                         net (fo=1, routed)           1.599   139.900    clock_generator/inst/clk_out1_clk_wiz_0
    BUFGCTRL_X0Y16       BUFG (Prop_bufg_I_O)         0.091   139.991 r  clock_generator/inst/clkout1_buf/O
                         net (fo=20, routed)          1.564   141.556    cntrB/CLK
    SLICE_X41Y23         FDRE                                         r  cntrB/val_reg[5]/C
                         clock pessimism              0.626   142.181    <hidden>
                         clock uncertainty           -0.218   141.964    <hidden>
    SLICE_X41Y23         FDRE (Setup_fdre_C_CE)      -0.205   141.759    cntrB/val_reg[5]
  -------------------------------------------------------------------
                         required time                        141.759    <hidden>
                         arrival time                          -2.415    <hidden>
  -------------------------------------------------------------------
                         slack                                139.344    <hidden>

Slack (MET) :             139.371ns  (required time - arrival time)
  Source:                 cntrA/val_reg[1]/C
                            (rising edge-triggered cell FDRE clocked by clk_out1_clk_wiz_0  {rise@0.000ns fall@71.429ns period=142.857ns})
  Destination:            cntrB/val_reg[0]/CE
                            (rising edge-triggered cell FDRE clocked by clk_out1_clk_wiz_0  {rise@0.000ns fall@71.429ns period=142.857ns})
  Path Group:             clk_out1_clk_wiz_0
  Path Type:              Setup (Max at Slow Process Corner)
  Requirement:            142.857ns  (clk_out1_clk_wiz_0 rise@142.857ns - clk_out1_clk_wiz_0 rise@0.000ns)
  Data Path Delay:        3.042ns  (logic 1.094ns (35.964%)  route 1.948ns (64.036%))
  Logic Levels:           2  (LUT3=1 LUT6=1)
  Clock Path Skew:        -0.022ns (DCD - SCD + CPR)
    Destination Clock Delay (DCD):    -1.304ns = ( 141.554 - 142.857 ) 
    Source Clock Delay      (SCD):    -0.656ns
    Clock Pessimism Removal (CPR):    0.626ns
  Clock Uncertainty:      0.218ns  ((TSJ^2 + DJ^2)^1/2) / 2 + PE
    Total System Jitter     (TSJ):    0.071ns
    Discrete Jitter          (DJ):    0.429ns
    Phase Error              (PE):    0.000ns

    Location             Delay type                Incr(ns)  Path(ns)    Netlist Resource(s)
  -------------------------------------------------------------------    -------------------
                         (clock clk_out1_clk_wiz_0 rise edge)
                                                      0.000     0.000 r  <hidden>
    H16                                               0.000     0.000 r  clk
                         net (fo=0)                   0.000     0.000    clock_generator/inst/clk_in1
    H16                  IBUF (Prop_ibuf_I_O)         1.457     1.457 r  clock_generator/inst/clkin1_ibufg/O
                         net (fo=1, routed)           1.285     2.742    clock_generator/inst/clk_in1_clk_wiz_0
    MMCME2_ADV_X0Y1      MMCME2_ADV (Prop_mmcme2_adv_CLKIN1_CLKOUT0)
                                                     -6.996    -4.254 r  clock_generator/inst/mmcm_adv_inst/CLKOUT0
                         net (fo=1, routed)           1.760    -2.494    clock_generator/inst/clk_out1_clk_wiz_0
    BUFGCTRL_X0Y16       BUFG (Prop_bufg_I_O)         0.101    -2.393 r  clock_generator/inst/clkout1_buf/O
                         net (fo=20, routed)          1.737    -0.656    cntrA/CLK
    SLICE_X41Y24         FDRE                                         r  cntrA/val_reg[1]/C
  -------------------------------------------------------------------    -------------------
    SLICE_X41Y24         FDRE (Prop_fdre_C_Q)         0.419    -0.237 r  cntrA/val_reg[1]/Q
                         net (fo=5, routed)           0.814     0.577    cntrA/a_val[1]
    SLICE_X42Y24         LUT3 (Prop_lut3_I0_O)        0.327     0.904 f  cntrA/val[7]_i_2/O
                         net (fo=6, routed)           0.534     1.439    cntrA/val[7]_i_2_n_0
    SLICE_X43Y24         LUT6 (Prop_lut6_I2_O)        0.348     1.787 r  cntrA/val[9]_i_1/O
                         net (fo=10, routed)          0.600     2.386    cntrB/E[0]
    SLICE_X43Y24         FDRE                                         r  cntrB/val_reg[0]/CE
  -------------------------------------------------------------------    -------------------

                         (clock clk_out1_clk_wiz_0 rise edge)
                                                    142.857   142.857 r  <hidden>
    H16                                               0.000   142.857 r  clk
                         net (fo=0)                   0.000   142.857    clock_generator/inst/clk_in1
    H16                  IBUF (Prop_ibuf_I_O)         1.387   144.244 r  clock_generator/inst/clkin1_ibufg/O
                         net (fo=1, routed)           1.162   145.406    clock_generator/inst/clk_in1_clk_wiz_0
    MMCME2_ADV_X0Y1      MMCME2_ADV (Prop_mmcme2_adv_CLKIN1_CLKOUT0)
                                                     -7.105   138.301 r  clock_generator/inst/mmcm_adv_inst/CLKOUT0
                         net (fo=1, routed)           1.599   139.900    clock_generator/inst/clk_out1_clk_wiz_0
    BUFGCTRL_X0Y16       BUFG (Prop_bufg_I_O)         0.091   139.991 r  clock_generator/inst/clkout1_buf/O
                         net (fo=20, routed)          1.562   141.554    cntrB/CLK
    SLICE_X43Y24         FDRE                                         r  cntrB/val_reg[0]/C
                         clock pessimism              0.626   142.179    <hidden>
                         clock uncertainty           -0.218   141.962    <hidden>
    SLICE_X43Y24         FDRE (Setup_fdre_C_CE)      -0.205   141.757    cntrB/val_reg[0]
  -------------------------------------------------------------------
                         required time                        141.757    <hidden>
                         arrival time                          -2.386    <hidden>
  -------------------------------------------------------------------
                         slack                                139.371    <hidden>

Slack (MET) :             139.442ns  (required time - arrival time)
  Source:                 cntrA/val_reg[1]/C
                            (rising edge-triggered cell FDRE clocked by clk_out1_clk_wiz_0  {rise@0.000ns fall@71.429ns period=142.857ns})
  Destination:            cntrB/val_reg[7]/CE
                            (rising edge-triggered cell FDRE clocked by clk_out1_clk_wiz_0  {rise@0.000ns fall@71.429ns period=142.857ns})
  Path Group:             clk_out1_clk_wiz_0
  Path Type:              Setup (Max at Slow Process Corner)
  Requirement:            142.857ns  (clk_out1_clk_wiz_0 rise@142.857ns - clk_out1_clk_wiz_0 rise@0.000ns)
  Data Path Delay:        2.973ns  (logic 1.094ns (36.801%)  route 1.879ns (63.199%))
  Logic Levels:           2  (LUT3=1 LUT6=1)
  Clock Path Skew:        -0.020ns (DCD - SCD + CPR)
    Destination Clock Delay (DCD):    -1.302ns = ( 141.556 - 142.857 ) 
    Source Clock Delay      (SCD):    -0.656ns
    Clock Pessimism Removal (CPR):    0.626ns
  Clock Uncertainty:      0.218ns  ((TSJ^2 + DJ^2)^1/2) / 2 + PE
    Total System Jitter     (TSJ):    0.071ns
    Discrete Jitter          (DJ):    0.429ns
    Phase Error              (PE):    0.000ns

    Location             Delay type                Incr(ns)  Path(ns)    Netlist Resource(s)
  -------------------------------------------------------------------    -------------------
                         (clock clk_out1_clk_wiz_0 rise edge)
                                                      0.000     0.000 r  <hidden>
    H16                                               0.000     0.000 r  clk
                         net (fo=0)                   0.000     0.000    clock_generator/inst/clk_in1
    H16                  IBUF (Prop_ibuf_I_O)         1.457     1.457 r  clock_generator/inst/clkin1_ibufg/O
                         net (fo=1, routed)           1.285     2.742    clock_generator/inst/clk_in1_clk_wiz_0
    MMCME2_ADV_X0Y1      MMCME2_ADV (Prop_mmcme2_adv_CLKIN1_CLKOUT0)
                                                     -6.996    -4.254 r  clock_generator/inst/mmcm_adv_inst/CLKOUT0
                         net (fo=1, routed)           1.760    -2.494    clock_generator/inst/clk_out1_clk_wiz_0
    BUFGCTRL_X0Y16       BUFG (Prop_bufg_I_O)         0.101    -2.393 r  clock_generator/inst/clkout1_buf/O
                         net (fo=20, routed)          1.737    -0.656    cntrA/CLK
    SLICE_X41Y24         FDRE                                         r  cntrA/val_reg[1]/C
  -------------------------------------------------------------------    -------------------
    SLICE_X41Y24         FDRE (Prop_fdre_C_Q)         0.419    -0.237 r  cntrA/val_reg[1]/Q
                         net (fo=5, routed)           0.814     0.577    cntrA/a_val[1]
    SLICE_X42Y24         LUT3 (Prop_lut3_I0_O)        0.327     0.904 f  cntrA/val[7]_i_2/O
                         net (fo=6, routed)           0.534     1.439    cntrA/val[7]_i_2_n_0
    SLICE_X43Y24         LUT6 (Prop_lut6_I2_O)        0.348     1.787 r  cntrA/val[9]_i_1/O
                         net (fo=10, routed)          0.530     2.317    cntrB/E[0]
    SLICE_X43Y23         FDRE                                         r  cntrB/val_reg[7]/CE
  -------------------------------------------------------------------    -------------------

                         (clock clk_out1_clk_wiz_0 rise edge)
                                                    142.857   142.857 r  <hidden>
    H16                                               0.000   142.857 r  clk
                         net (fo=0)                   0.000   142.857    clock_generator/inst/clk_in1
    H16                  IBUF (Prop_ibuf_I_O)         1.387   144.244 r  clock_generator/inst/clkin1_ibufg/O
                         net (fo=1, routed)           1.162   145.406    clock_generator/inst/clk_in1_clk_wiz_0
    MMCME2_ADV_X0Y1      MMCME2_ADV (Prop_mmcme2_adv_CLKIN1_CLKOUT0)
                                                     -7.105   138.301 r  clock_generator/inst/mmcm_adv_inst/CLKOUT0
                         net (fo=1, routed)           1.599   139.900    clock_generator/inst/clk_out1_clk_wiz_0
    BUFGCTRL_X0Y16       BUFG (Prop_bufg_I_O)         0.091   139.991 r  clock_generator/inst/clkout1_buf/O
                         net (fo=20, routed)          1.564   141.556    cntrB/CLK
    SLICE_X43Y23         FDRE                                         r  cntrB/val_reg[7]/C
                         clock pessimism              0.626   142.181    <hidden>
                         clock uncertainty           -0.218   141.964    <hidden>
    SLICE_X43Y23         FDRE (Setup_fdre_C_CE)      -0.205   141.759    cntrB/val_reg[7]
  -------------------------------------------------------------------
                         required time                        141.759    <hidden>
                         arrival time                          -2.317    <hidden>
  -------------------------------------------------------------------
                         slack                                139.442    <hidden>

Slack (MET) :             139.442ns  (required time - arrival time)
  Source:                 cntrA/val_reg[1]/C
                            (rising edge-triggered cell FDRE clocked by clk_out1_clk_wiz_0  {rise@0.000ns fall@71.429ns period=142.857ns})
  Destination:            cntrB/val_reg[8]/CE
                            (rising edge-triggered cell FDRE clocked by clk_out1_clk_wiz_0  {rise@0.000ns fall@71.429ns period=142.857ns})
  Path Group:             clk_out1_clk_wiz_0
  Path Type:              Setup (Max at Slow Process Corner)
  Requirement:            142.857ns  (clk_out1_clk_wiz_0 rise@142.857ns - clk_out1_clk_wiz_0 rise@0.000ns)
  Data Path Delay:        2.973ns  (logic 1.094ns (36.801%)  route 1.879ns (63.199%))
  Logic Levels:           2  (LUT3=1 LUT6=1)
  Clock Path Skew:        -0.020ns (DCD - SCD + CPR)
    Destination Clock Delay (DCD):    -1.302ns = ( 141.556 - 142.857 ) 
    Source Clock Delay      (SCD):    -0.656ns
    Clock Pessimism Removal (CPR):    0.626ns
  Clock Uncertainty:      0.218ns  ((TSJ^2 + DJ^2)^1/2) / 2 + PE
    Total System Jitter     (TSJ):    0.071ns
    Discrete Jitter          (DJ):    0.429ns
    Phase Error              (PE):    0.000ns

    Location             Delay type                Incr(ns)  Path(ns)    Netlist Resource(s)
  -------------------------------------------------------------------    -------------------
                         (clock clk_out1_clk_wiz_0 rise edge)
                                                      0.000     0.000 r  <hidden>
    H16                                               0.000     0.000 r  clk
                         net (fo=0)                   0.000     0.000    clock_generator/inst/clk_in1
    H16                  IBUF (Prop_ibuf_I_O)         1.457     1.457 r  clock_generator/inst/clkin1_ibufg/O
                         net (fo=1, routed)           1.285     2.742    clock_generator/inst/clk_in1_clk_wiz_0
    MMCME2_ADV_X0Y1      MMCME2_ADV (Prop_mmcme2_adv_CLKIN1_CLKOUT0)
                                                     -6.996    -4.254 r  clock_generator/inst/mmcm_adv_inst/CLKOUT0
                         net (fo=1, routed)           1.760    -2.494    clock_generator/inst/clk_out1_clk_wiz_0
    BUFGCTRL_X0Y16       BUFG (Prop_bufg_I_O)         0.101    -2.393 r  clock_generator/inst/clkout1_buf/O
                         net (fo=20, routed)          1.737    -0.656    cntrA/CLK
    SLICE_X41Y24         FDRE                                         r  cntrA/val_reg[1]/C
  -------------------------------------------------------------------    -------------------
    SLICE_X41Y24         FDRE (Prop_fdre_C_Q)         0.419    -0.237 r  cntrA/val_reg[1]/Q
                         net (fo=5, routed)           0.814     0.577    cntrA/a_val[1]
    SLICE_X42Y24         LUT3 (Prop_lut3_I0_O)        0.327     0.904 f  cntrA/val[7]_i_2/O
                         net (fo=6, routed)           0.534     1.439    cntrA/val[7]_i_2_n_0
    SLICE_X43Y24         LUT6 (Prop_lut6_I2_O)        0.348     1.787 r  cntrA/val[9]_i_1/O
                         net (fo=10, routed)          0.530     2.317    cntrB/E[0]
    SLICE_X43Y23         FDRE                                         r  cntrB/val_reg[8]/CE
  -------------------------------------------------------------------    -------------------

                         (clock clk_out1_clk_wiz_0 rise edge)
                                                    142.857   142.857 r  <hidden>
    H16                                               0.000   142.857 r  clk
                         net (fo=0)                   0.000   142.857    clock_generator/inst/clk_in1
    H16                  IBUF (Prop_ibuf_I_O)         1.387   144.244 r  clock_generator/inst/clkin1_ibufg/O
                         net (fo=1, routed)           1.162   145.406    clock_generator/inst/clk_in1_clk_wiz_0
    MMCME2_ADV_X0Y1      MMCME2_ADV (Prop_mmcme2_adv_CLKIN1_CLKOUT0)
                                                     -7.105   138.301 r  clock_generator/inst/mmcm_adv_inst/CLKOUT0
                         net (fo=1, routed)           1.599   139.900    clock_generator/inst/clk_out1_clk_wiz_0
    BUFGCTRL_X0Y16       BUFG (Prop_bufg_I_O)         0.091   139.991 r  clock_generator/inst/clkout1_buf/O
                         net (fo=20, routed)          1.564   141.556    cntrB/CLK
    SLICE_X43Y23         FDRE                                         r  cntrB/val_reg[8]/C
                         clock pessimism              0.626   142.181    <hidden>
                         clock uncertainty           -0.218   141.964    <hidden>
    SLICE_X43Y23         FDRE (Setup_fdre_C_CE)      -0.205   141.759    cntrB/val_reg[8]
  -------------------------------------------------------------------
                         required time                        141.759    <hidden>
                         arrival time                          -2.317    <hidden>
  -------------------------------------------------------------------
                         slack                                139.442    <hidden>

Slack (MET) :             139.649ns  (required time - arrival time)
  Source:                 cntrB/val_reg[6]/C
                            (rising edge-triggered cell FDRE clocked by clk_out1_clk_wiz_0  {rise@0.000ns fall@71.429ns period=142.857ns})
  Destination:            cntrB/val_reg[7]/D
                            (rising edge-triggered cell FDRE clocked by clk_out1_clk_wiz_0  {rise@0.000ns fall@71.429ns period=142.857ns})
  Path Group:             clk_out1_clk_wiz_0
  Path Type:              Setup (Max at Slow Process Corner)
  Requirement:            142.857ns  (clk_out1_clk_wiz_0 rise@142.857ns - clk_out1_clk_wiz_0 rise@0.000ns)
  Data Path Delay:        2.997ns  (logic 0.766ns (25.556%)  route 2.231ns (74.444%))
  Logic Levels:           2  (LUT3=1 LUT6=1)
  Clock Path Skew:        -0.022ns (DCD - SCD + CPR)
    Destination Clock Delay (DCD):    -1.302ns = ( 141.556 - 142.857 ) 
    Source Clock Delay      (SCD):    -0.654ns
    Clock Pessimism Removal (CPR):    0.626ns
  Clock Uncertainty:      0.218ns  ((TSJ^2 + DJ^2)^1/2) / 2 + PE
    Total System Jitter     (TSJ):    0.071ns
    Discrete Jitter          (DJ):    0.429ns
    Phase Error              (PE):    0.000ns

    Location             Delay type                Incr(ns)  Path(ns)    Netlist Resource(s)
  -------------------------------------------------------------------    -------------------
                         (clock clk_out1_clk_wiz_0 rise edge)
                                                      0.000     0.000 r  <hidden>
    H16                                               0.000     0.000 r  clk
                         net (fo=0)                   0.000     0.000    clock_generator/inst/clk_in1
    H16                  IBUF (Prop_ibuf_I_O)         1.457     1.457 r  clock_generator/inst/clkin1_ibufg/O
                         net (fo=1, routed)           1.285     2.742    clock_generator/inst/clk_in1_clk_wiz_0
    MMCME2_ADV_X0Y1      MMCME2_ADV (Prop_mmcme2_adv_CLKIN1_CLKOUT0)
                                                     -6.996    -4.254 r  clock_generator/inst/mmcm_adv_inst/CLKOUT0
                         net (fo=1, routed)           1.760    -2.494    clock_generator/inst/clk_out1_clk_wiz_0
    BUFGCTRL_X0Y16       BUFG (Prop_bufg_I_O)         0.101    -2.393 r  clock_generator/inst/clkout1_buf/O
                         net (fo=20, routed)          1.739    -0.654    cntrB/CLK
    SLICE_X42Y23         FDRE                                         r  cntrB/val_reg[6]/C
  -------------------------------------------------------------------    -------------------
    SLICE_X42Y23         FDRE (Prop_fdre_C_Q)         0.518    -0.136 f  cntrB/val_reg[6]/Q
                         net (fo=7, routed)           1.425     1.289    cntrB/val_reg_n_0_[6]
    SLICE_X43Y24         LUT3 (Prop_lut3_I2_O)        0.124     1.413 r  cntrB/val[9]_i_4/O
                         net (fo=2, routed)           0.806     2.220    cntrB/val[9]_i_4_n_0
    SLICE_X43Y23         LUT6 (Prop_lut6_I0_O)        0.124     2.344 r  cntrB/val[7]_i_1__0/O
                         net (fo=1, routed)           0.000     2.344    cntrB/val[7]
    SLICE_X43Y23         FDRE                                         r  cntrB/val_reg[7]/D
  -------------------------------------------------------------------    -------------------

                         (clock clk_out1_clk_wiz_0 rise edge)
                                                    142.857   142.857 r  <hidden>
    H16                                               0.000   142.857 r  clk
                         net (fo=0)                   0.000   142.857    clock_generator/inst/clk_in1
    H16                  IBUF (Prop_ibuf_I_O)         1.387   144.244 r  clock_generator/inst/clkin1_ibufg/O
                         net (fo=1, routed)           1.162   145.406    clock_generator/inst/clk_in1_clk_wiz_0
    MMCME2_ADV_X0Y1      MMCME2_ADV (Prop_mmcme2_adv_CLKIN1_CLKOUT0)
                                                     -7.105   138.301 r  clock_generator/inst/mmcm_adv_inst/CLKOUT0
                         net (fo=1, routed)           1.599   139.900    clock_generator/inst/clk_out1_clk_wiz_0
    BUFGCTRL_X0Y16       BUFG (Prop_bufg_I_O)         0.091   139.991 r  clock_generator/inst/clkout1_buf/O
                         net (fo=20, routed)          1.564   141.556    cntrB/CLK
    SLICE_X43Y23         FDRE                                         r  cntrB/val_reg[7]/C
                         clock pessimism              0.626   142.181    <hidden>
                         clock uncertainty           -0.218   141.964    <hidden>
    SLICE_X43Y23         FDRE (Setup_fdre_C_D)        0.029   141.993    cntrB/val_reg[7]
  -------------------------------------------------------------------
                         required time                        141.993    <hidden>
                         arrival time                          -2.344    <hidden>
  -------------------------------------------------------------------
                         slack                                139.649    <hidden>

Slack (MET) :             139.667ns  (required time - arrival time)
  Source:                 cntrA/val_reg[1]/C
                            (rising edge-triggered cell FDRE clocked by clk_out1_clk_wiz_0  {rise@0.000ns fall@71.429ns period=142.857ns})
  Destination:            cntrB/val_reg[6]/CE
                            (rising edge-triggered cell FDRE clocked by clk_out1_clk_wiz_0  {rise@0.000ns fall@71.429ns period=142.857ns})
  Path Group:             clk_out1_clk_wiz_0
  Path Type:              Setup (Max at Slow Process Corner)
  Requirement:            142.857ns  (clk_out1_clk_wiz_0 rise@142.857ns - clk_out1_clk_wiz_0 rise@0.000ns)
  Data Path Delay:        2.784ns  (logic 1.094ns (39.303%)  route 1.690ns (60.697%))
  Logic Levels:           2  (LUT3=1 LUT6=1)
  Clock Path Skew:        -0.020ns (DCD - SCD + CPR)
    Destination Clock Delay (DCD):    -1.302ns = ( 141.556 - 142.857 ) 
    Source Clock Delay      (SCD):    -0.656ns
    Clock Pessimism Removal (CPR):    0.626ns
  Clock Uncertainty:      0.218ns  ((TSJ^2 + DJ^2)^1/2) / 2 + PE
    Total System Jitter     (TSJ):    0.071ns
    Discrete Jitter          (DJ):    0.429ns
    Phase Error              (PE):    0.000ns

    Location             Delay type                Incr(ns)  Path(ns)    Netlist Resource(s)
  -------------------------------------------------------------------    -------------------
                         (clock clk_out1_clk_wiz_0 rise edge)
                                                      0.000     0.000 r  <hidden>
    H16                                               0.000     0.000 r  clk
                         net (fo=0)                   0.000     0.000    clock_generator/inst/clk_in1
    H16                  IBUF (Prop_ibuf_I_O)         1.457     1.457 r  clock_generator/inst/clkin1_ibufg/O
                         net (fo=1, routed)           1.285     2.742    clock_generator/inst/clk_in1_clk_wiz_0
    MMCME2_ADV_X0Y1      MMCME2_ADV (Prop_mmcme2_adv_CLKIN1_CLKOUT0)
                                                     -6.996    -4.254 r  clock_generator/inst/mmcm_adv_inst/CLKOUT0
                         net (fo=1, routed)           1.760    -2.494    clock_generator/inst/clk_out1_clk_wiz_0
    BUFGCTRL_X0Y16       BUFG (Prop_bufg_I_O)         0.101    -2.393 r  clock_generator/inst/clkout1_buf/O
                         net (fo=20, routed)          1.737    -0.656    cntrA/CLK
    SLICE_X41Y24         FDRE                                         r  cntrA/val_reg[1]/C
  -------------------------------------------------------------------    -------------------
    SLICE_X41Y24         FDRE (Prop_fdre_C_Q)         0.419    -0.237 r  cntrA/val_reg[1]/Q
                         net (fo=5, routed)           0.814     0.577    cntrA/a_val[1]
    SLICE_X42Y24         LUT3 (Prop_lut3_I0_O)        0.327     0.904 f  cntrA/val[7]_i_2/O
                         net (fo=6, routed)           0.534     1.439    cntrA/val[7]_i_2_n_0
    SLICE_X43Y24         LUT6 (Prop_lut6_I2_O)        0.348     1.787 r  cntrA/val[9]_i_1/O
                         net (fo=10, routed)          0.341     2.128    cntrB/E[0]
    SLICE_X42Y23         FDRE                                         r  cntrB/val_reg[6]/CE
  -------------------------------------------------------------------    -------------------

                         (clock clk_out1_clk_wiz_0 rise edge)
                                                    142.857   142.857 r  <hidden>
    H16                                               0.000   142.857 r  clk
                         net (fo=0)                   0.000   142.857    clock_generator/inst/clk_in1
    H16                  IBUF (Prop_ibuf_I_O)         1.387   144.244 r  clock_generator/inst/clkin1_ibufg/O
                         net (fo=1, routed)           1.162   145.406    clock_generator/inst/clk_in1_clk_wiz_0
    MMCME2_ADV_X0Y1      MMCME2_ADV (Prop_mmcme2_adv_CLKIN1_CLKOUT0)
                                                     -7.105   138.301 r  clock_generator/inst/mmcm_adv_inst/CLKOUT0
                         net (fo=1, routed)           1.599   139.900    clock_generator/inst/clk_out1_clk_wiz_0
    BUFGCTRL_X0Y16       BUFG (Prop_bufg_I_O)         0.091   139.991 r  clock_generator/inst/clkout1_buf/O
                         net (fo=20, routed)          1.564   141.556    cntrB/CLK
    SLICE_X42Y23         FDRE                                         r  cntrB/val_reg[6]/C
                         clock pessimism              0.626   142.181    <hidden>
                         clock uncertainty           -0.218   141.964    <hidden>
    SLICE_X42Y23         FDRE (Setup_fdre_C_CE)      -0.169   141.795    cntrB/val_reg[6]
  -------------------------------------------------------------------
                         required time                        141.795    <hidden>
                         arrival time                          -2.128    <hidden>
  -------------------------------------------------------------------
                         slack                                139.667    <hidden>





Min Delay Paths
--------------------------------------------------------------------------------------
Slack (MET) :             0.150ns  (arrival time - required time)
  Source:                 cntrA/val_reg[5]/C
                            (rising edge-triggered cell FDRE clocked by clk_out1_clk_wiz_0  {rise@0.000ns fall@71.429ns period=142.857ns})
  Destination:            cntrA/val_reg[7]/D
                            (rising edge-triggered cell FDRE clocked by clk_out1_clk_wiz_0  {rise@0.000ns fall@71.429ns period=142.857ns})
  Path Group:             clk_out1_clk_wiz_0
  Path Type:              Hold (Min at Fast Process Corner)
  Requirement:            0.000ns  (clk_out1_clk_wiz_0 rise@0.000ns - clk_out1_clk_wiz_0 rise@0.000ns)
  Data Path Delay:        0.284ns  (logic 0.186ns (65.597%)  route 0.098ns (34.403%))
  Logic Levels:           1  (LUT6=1)
  Clock Path Skew:        0.013ns (DCD - SCD - CPR)
    Destination Clock Delay (DCD):    -0.750ns
    Source Clock Delay      (SCD):    -0.514ns
    Clock Pessimism Removal (CPR):    -0.249ns

    Location             Delay type                Incr(ns)  Path(ns)    Netlist Resource(s)
  -------------------------------------------------------------------    -------------------
                         (clock clk_out1_clk_wiz_0 rise edge)
                                                      0.000     0.000 r  <hidden>
    H16                                               0.000     0.000 r  clk
                         net (fo=0)                   0.000     0.000    clock_generator/inst/clk_in1
    H16                  IBUF (Prop_ibuf_I_O)         0.225     0.225 r  clock_generator/inst/clkin1_ibufg/O
                         net (fo=1, routed)           0.440     0.665    clock_generator/inst/clk_in1_clk_wiz_0
    MMCME2_ADV_X0Y1      MMCME2_ADV (Prop_mmcme2_adv_CLKIN1_CLKOUT0)
                                                     -2.268    -1.602 r  clock_generator/inst/mmcm_adv_inst/CLKOUT0
                         net (fo=1, routed)           0.482    -1.120    clock_generator/inst/clk_out1_clk_wiz_0
    BUFGCTRL_X0Y16       BUFG (Prop_bufg_I_O)         0.026    -1.094 r  clock_generator/inst/clkout1_buf/O
                         net (fo=20, routed)          0.581    -0.514    cntrA/CLK
    SLICE_X43Y25         FDRE                                         r  cntrA/val_reg[5]/C
  -------------------------------------------------------------------    -------------------
    SLICE_X43Y25         FDRE (Prop_fdre_C_Q)         0.141    -0.373 r  cntrA/val_reg[5]/Q
                         net (fo=8, routed)           0.098    -0.275    cntrA/a_val[5]
    SLICE_X42Y25         LUT6 (Prop_lut6_I3_O)        0.045    -0.230 r  cntrA/val[7]_i_1/O
                         net (fo=1, routed)           0.000    -0.230    cntrA/val[7]
    SLICE_X42Y25         FDRE                                         r  cntrA/val_reg[7]/D
  -------------------------------------------------------------------    -------------------

                         (clock clk_out1_clk_wiz_0 rise edge)
                                                      0.000     0.000 r  <hidden>
    H16                                               0.000     0.000 r  clk
                         net (fo=0)                   0.000     0.000    clock_generator/inst/clk_in1
    H16                  IBUF (Prop_ibuf_I_O)         0.413     0.413 r  clock_generator/inst/clkin1_ibufg/O
                         net (fo=1, routed)           0.480     0.893    clock_generator/inst/clk_in1_clk_wiz_0
    MMCME2_ADV_X0Y1      MMCME2_ADV (Prop_mmcme2_adv_CLKIN1_CLKOUT0)
                                                     -3.047    -2.154 r  clock_generator/inst/mmcm_adv_inst/CLKOUT0
                         net (fo=1, routed)           0.528    -1.626    clock_generator/inst/clk_out1_clk_wiz_0
    BUFGCTRL_X0Y16       BUFG (Prop_bufg_I_O)         0.029    -1.597 r  clock_generator/inst/clkout1_buf/O
                         net (fo=20, routed)          0.847    -0.750    cntrA/CLK
    SLICE_X42Y25         FDRE                                         r  cntrA/val_reg[7]/C
                         clock pessimism              0.249    -0.501    <hidden>
    SLICE_X42Y25         FDRE (Hold_fdre_C_D)         0.121    -0.380    cntrA/val_reg[7]
  -------------------------------------------------------------------
                         required time                          0.380    <hidden>
                         arrival time                          -0.230    <hidden>
  -------------------------------------------------------------------
                         slack                                  0.150    <hidden>

Slack (MET) :             0.177ns  (arrival time - required time)
  Source:                 cntrA/val_reg[3]/C
                            (rising edge-triggered cell FDRE clocked by clk_out1_clk_wiz_0  {rise@0.000ns fall@71.429ns period=142.857ns})
  Destination:            cntrA/val_reg[8]/D
                            (rising edge-triggered cell FDRE clocked by clk_out1_clk_wiz_0  {rise@0.000ns fall@71.429ns period=142.857ns})
  Path Group:             clk_out1_clk_wiz_0
  Path Type:              Hold (Min at Fast Process Corner)
  Requirement:            0.000ns  (clk_out1_clk_wiz_0 rise@0.000ns - clk_out1_clk_wiz_0 rise@0.000ns)
  Data Path Delay:        0.311ns  (logic 0.186ns (59.761%)  route 0.125ns (40.239%))
  Logic Levels:           1  (LUT6=1)
  Clock Path Skew:        0.013ns (DCD - SCD - CPR)
    Destination Clock Delay (DCD):    -0.750ns
    Source Clock Delay      (SCD):    -0.514ns
    Clock Pessimism Removal (CPR):    -0.249ns

    Location             Delay type                Incr(ns)  Path(ns)    Netlist Resource(s)
  -------------------------------------------------------------------    -------------------
                         (clock clk_out1_clk_wiz_0 rise edge)
                                                      0.000     0.000 r  <hidden>
    H16                                               0.000     0.000 r  clk
                         net (fo=0)                   0.000     0.000    clock_generator/inst/clk_in1
    H16                  IBUF (Prop_ibuf_I_O)         0.225     0.225 r  clock_generator/inst/clkin1_ibufg/O
                         net (fo=1, routed)           0.440     0.665    clock_generator/inst/clk_in1_clk_wiz_0
    MMCME2_ADV_X0Y1      MMCME2_ADV (Prop_mmcme2_adv_CLKIN1_CLKOUT0)
                                                     -2.268    -1.602 r  clock_generator/inst/mmcm_adv_inst/CLKOUT0
                         net (fo=1, routed)           0.482    -1.120    clock_generator/inst/clk_out1_clk_wiz_0
    BUFGCTRL_X0Y16       BUFG (Prop_bufg_I_O)         0.026    -1.094 r  clock_generator/inst/clkout1_buf/O
                         net (fo=20, routed)          0.581    -0.514    cntrA/CLK
    SLICE_X43Y25         FDRE                                         r  cntrA/val_reg[3]/C
  -------------------------------------------------------------------    -------------------
    SLICE_X43Y25         FDRE (Prop_fdre_C_Q)         0.141    -0.373 r  cntrA/val_reg[3]/Q
                         net (fo=9, routed)           0.125    -0.247    cntrA/a_val[3]
    SLICE_X42Y25         LUT6 (Prop_lut6_I2_O)        0.045    -0.202 r  cntrA/val[8]_i_1/O
                         net (fo=1, routed)           0.000    -0.202    cntrA/val[8]
    SLICE_X42Y25         FDRE                                         r  cntrA/val_reg[8]/D
  -------------------------------------------------------------------    -------------------

                         (clock clk_out1_clk_wiz_0 rise edge)
                                                      0.000     0.000 r  <hidden>
    H16                                               0.000     0.000 r  clk
                         net (fo=0)                   0.000     0.000    clock_generator/inst/clk_in1
    H16                  IBUF (Prop_ibuf_I_O)         0.413     0.413 r  clock_generator/inst/clkin1_ibufg/O
                         net (fo=1, routed)           0.480     0.893    clock_generator/inst/clk_in1_clk_wiz_0
    MMCME2_ADV_X0Y1      MMCME2_ADV (Prop_mmcme2_adv_CLKIN1_CLKOUT0)
                                                     -3.047    -2.154 r  clock_generator/inst/mmcm_adv_inst/CLKOUT0
                         net (fo=1, routed)           0.528    -1.626    clock_generator/inst/clk_out1_clk_wiz_0
    BUFGCTRL_X0Y16       BUFG (Prop_bufg_I_O)         0.029    -1.597 r  clock_generator/inst/clkout1_buf/O
                         net (fo=20, routed)          0.847    -0.750    cntrA/CLK
    SLICE_X42Y25         FDRE                                         r  cntrA/val_reg[8]/C
                         clock pessimism              0.249    -0.501    <hidden>
    SLICE_X42Y25         FDRE (Hold_fdre_C_D)         0.121    -0.380    cntrA/val_reg[8]
  -------------------------------------------------------------------
                         required time                          0.380    <hidden>
                         arrival time                          -0.202    <hidden>
  -------------------------------------------------------------------
                         slack                                  0.177    <hidden>

Slack (MET) :             0.204ns  (arrival time - required time)
  Source:                 cntrA/val_reg[4]/C
                            (rising edge-triggered cell FDRE clocked by clk_out1_clk_wiz_0  {rise@0.000ns fall@71.429ns period=142.857ns})
  Destination:            cntrA/val_reg[5]/D
                            (rising edge-triggered cell FDRE clocked by clk_out1_clk_wiz_0  {rise@0.000ns fall@71.429ns period=142.857ns})
  Path Group:             clk_out1_clk_wiz_0
  Path Type:              Hold (Min at Fast Process Corner)
  Requirement:            0.000ns  (clk_out1_clk_wiz_0 rise@0.000ns - clk_out1_clk_wiz_0 rise@0.000ns)
  Data Path Delay:        0.296ns  (logic 0.227ns (76.649%)  route 0.069ns (23.351%))
  Logic Levels:           1  (LUT5=1)
  Clock Path Skew:        0.000ns (DCD - SCD - CPR)
    Destination Clock Delay (DCD):    -0.750ns
    Source Clock Delay      (SCD):    -0.514ns
    Clock Pessimism Removal (CPR):    -0.236ns

    Location             Delay type                Incr(ns)  Path(ns)    Netlist Resource(s)
  -------------------------------------------------------------------    -------------------
                         (clock clk_out1_clk_wiz_0 rise edge)
                                                      0.000     0.000 r  <hidden>
    H16                                               0.000     0.000 r  clk
                         net (fo=0)                   0.000     0.000    clock_generator/inst/clk_in1
    H16                  IBUF (Prop_ibuf_I_O)         0.225     0.225 r  clock_generator/inst/clkin1_ibufg/O
                         net (fo=1, routed)           0.440     0.665    clock_generator/inst/clk_in1_clk_wiz_0
    MMCME2_ADV_X0Y1      MMCME2_ADV (Prop_mmcme2_adv_CLKIN1_CLKOUT0)
                                                     -2.268    -1.602 r  clock_generator/inst/mmcm_adv_inst/CLKOUT0
                         net (fo=1, routed)           0.482    -1.120    clock_generator/inst/clk_out1_clk_wiz_0
    BUFGCTRL_X0Y16       BUFG (Prop_bufg_I_O)         0.026    -1.094 r  clock_generator/inst/clkout1_buf/O
                         net (fo=20, routed)          0.581    -0.514    cntrA/CLK
    SLICE_X43Y25         FDRE                                         r  cntrA/val_reg[4]/C
  -------------------------------------------------------------------    -------------------
    SLICE_X43Y25         FDRE (Prop_fdre_C_Q)         0.128    -0.386 r  cntrA/val_reg[4]/Q
                         net (fo=8, routed)           0.069    -0.316    cntrA/a_val[4]
    SLICE_X43Y25         LUT5 (Prop_lut5_I0_O)        0.099    -0.217 r  cntrA/val[5]_i_1/O
                         net (fo=1, routed)           0.000    -0.217    cntrA/val[5]
    SLICE_X43Y25         FDRE                                         r  cntrA/val_reg[5]/D
  -------------------------------------------------------------------    -------------------

                         (clock clk_out1_clk_wiz_0 rise edge)
                                                      0.000     0.000 r  <hidden>
    H16                                               0.000     0.000 r  clk
                         net (fo=0)                   0.000     0.000    clock_generator/inst/clk_in1
    H16                  IBUF (Prop_ibuf_I_O)         0.413     0.413 r  clock_generator/inst/clkin1_ibufg/O
                         net (fo=1, routed)           0.480     0.893    clock_generator/inst/clk_in1_clk_wiz_0
    MMCME2_ADV_X0Y1      MMCME2_ADV (Prop_mmcme2_adv_CLKIN1_CLKOUT0)
                                                     -3.047    -2.154 r  clock_generator/inst/mmcm_adv_inst/CLKOUT0
                         net (fo=1, routed)           0.528    -1.626    clock_generator/inst/clk_out1_clk_wiz_0
    BUFGCTRL_X0Y16       BUFG (Prop_bufg_I_O)         0.029    -1.597 r  clock_generator/inst/clkout1_buf/O
                         net (fo=20, routed)          0.847    -0.750    cntrA/CLK
    SLICE_X43Y25         FDRE                                         r  cntrA/val_reg[5]/C
                         clock pessimism              0.236    -0.514    <hidden>
    SLICE_X43Y25         FDRE (Hold_fdre_C_D)         0.092    -0.422    cntrA/val_reg[5]
  -------------------------------------------------------------------
                         required time                          0.422    <hidden>
                         arrival time                          -0.217    <hidden>
  -------------------------------------------------------------------
                         slack                                  0.204    <hidden>

Slack (MET) :             0.206ns  (arrival time - required time)
  Source:                 cntrB/val_reg[1]/C
                            (rising edge-triggered cell FDRE clocked by clk_out1_clk_wiz_0  {rise@0.000ns fall@71.429ns period=142.857ns})
  Destination:            cntrB/val_reg[9]/D
                            (rising edge-triggered cell FDRE clocked by clk_out1_clk_wiz_0  {rise@0.000ns fall@71.429ns period=142.857ns})
  Path Group:             clk_out1_clk_wiz_0
  Path Type:              Hold (Min at Fast Process Corner)
  Requirement:            0.000ns  (clk_out1_clk_wiz_0 rise@0.000ns - clk_out1_clk_wiz_0 rise@0.000ns)
  Data Path Delay:        0.340ns  (logic 0.186ns (54.784%)  route 0.154ns (45.216%))
  Logic Levels:           1  (LUT6=1)
  Clock Path Skew:        0.013ns (DCD - SCD - CPR)
    Destination Clock Delay (DCD):    -0.749ns
    Source Clock Delay      (SCD):    -0.513ns
    Clock Pessimism Removal (CPR):    -0.249ns

    Location             Delay type                Incr(ns)  Path(ns)    Netlist Resource(s)
  -------------------------------------------------------------------    -------------------
                         (clock clk_out1_clk_wiz_0 rise edge)
                                                      0.000     0.000 r  <hidden>
    H16                                               0.000     0.000 r  clk
                         net (fo=0)                   0.000     0.000    clock_generator/inst/clk_in1
    H16                  IBUF (Prop_ibuf_I_O)         0.225     0.225 r  clock_generator/inst/clkin1_ibufg/O
                         net (fo=1, routed)           0.440     0.665    clock_generator/inst/clk_in1_clk_wiz_0
    MMCME2_ADV_X0Y1      MMCME2_ADV (Prop_mmcme2_adv_CLKIN1_CLKOUT0)
                                                     -2.268    -1.602 r  clock_generator/inst/mmcm_adv_inst/CLKOUT0
                         net (fo=1, routed)           0.482    -1.120    clock_generator/inst/clk_out1_clk_wiz_0
    BUFGCTRL_X0Y16       BUFG (Prop_bufg_I_O)         0.026    -1.094 r  clock_generator/inst/clkout1_buf/O
                         net (fo=20, routed)          0.582    -0.513    cntrB/CLK
    SLICE_X41Y23         FDRE                                         r  cntrB/val_reg[1]/C
  -------------------------------------------------------------------    -------------------
    SLICE_X41Y23         FDRE (Prop_fdre_C_Q)         0.141    -0.372 r  cntrB/val_reg[1]/Q
                         net (fo=11, routed)          0.154    -0.218    cntrB/val_reg_n_0_[1]
    SLICE_X42Y23         LUT6 (Prop_lut6_I3_O)        0.045    -0.173 r  cntrB/val[9]_i_2__0/O
                         net (fo=1, routed)           0.000    -0.173    cntrB/val[9]
    SLICE_X42Y23         FDRE                                         r  cntrB/val_reg[9]/D
  -------------------------------------------------------------------    -------------------

                         (clock clk_out1_clk_wiz_0 rise edge)
                                                      0.000     0.000 r  <hidden>
    H16                                               0.000     0.000 r  clk
                         net (fo=0)                   0.000     0.000    clock_generator/inst/clk_in1
    H16                  IBUF (Prop_ibuf_I_O)         0.413     0.413 r  clock_generator/inst/clkin1_ibufg/O
                         net (fo=1, routed)           0.480     0.893    clock_generator/inst/clk_in1_clk_wiz_0
    MMCME2_ADV_X0Y1      MMCME2_ADV (Prop_mmcme2_adv_CLKIN1_CLKOUT0)
                                                     -3.047    -2.154 r  clock_generator/inst/mmcm_adv_inst/CLKOUT0
                         net (fo=1, routed)           0.528    -1.626    clock_generator/inst/clk_out1_clk_wiz_0
    BUFGCTRL_X0Y16       BUFG (Prop_bufg_I_O)         0.029    -1.597 r  clock_generator/inst/clkout1_buf/O
                         net (fo=20, routed)          0.848    -0.749    cntrB/CLK
    SLICE_X42Y23         FDRE                                         r  cntrB/val_reg[9]/C
                         clock pessimism              0.249    -0.500    <hidden>
    SLICE_X42Y23         FDRE (Hold_fdre_C_D)         0.121    -0.379    cntrB/val_reg[9]
  -------------------------------------------------------------------
                         required time                          0.379    <hidden>
                         arrival time                          -0.173    <hidden>
  -------------------------------------------------------------------
                         slack                                  0.206    <hidden>

Slack (MET) :             0.223ns  (arrival time - required time)
  Source:                 cntrB/val_reg[6]/C
                            (rising edge-triggered cell FDRE clocked by clk_out1_clk_wiz_0  {rise@0.000ns fall@71.429ns period=142.857ns})
  Destination:            cntrB/val_reg[8]/D
                            (rising edge-triggered cell FDRE clocked by clk_out1_clk_wiz_0  {rise@0.000ns fall@71.429ns period=142.857ns})
  Path Group:             clk_out1_clk_wiz_0
  Path Type:              Hold (Min at Fast Process Corner)
  Requirement:            0.000ns  (clk_out1_clk_wiz_0 rise@0.000ns - clk_out1_clk_wiz_0 rise@0.000ns)
  Data Path Delay:        0.328ns  (logic 0.209ns (63.809%)  route 0.119ns (36.191%))
  Logic Levels:           1  (LUT6=1)
  Clock Path Skew:        0.013ns (DCD - SCD - CPR)
    Destination Clock Delay (DCD):    -0.749ns
    Source Clock Delay      (SCD):    -0.513ns
    Clock Pessimism Removal (CPR):    -0.249ns

    Location             Delay type                Incr(ns)  Path(ns)    Netlist Resource(s)
  -------------------------------------------------------------------    -------------------
                         (clock clk_out1_clk_wiz_0 rise edge)
                                                      0.000     0.000 r  <hidden>
    H16                                               0.000     0.000 r  clk
                         net (fo=0)                   0.000     0.000    clock_generator/inst/clk_in1
    H16                  IBUF (Prop_ibuf_I_O)         0.225     0.225 r  clock_generator/inst/clkin1_ibufg/O
                         net (fo=1, routed)           0.440     0.665    clock_generator/inst/clk_in1_clk_wiz_0
    MMCME2_ADV_X0Y1      MMCME2_ADV (Prop_mmcme2_adv_CLKIN1_CLKOUT0)
                                                     -2.268    -1.602 r  clock_generator/inst/mmcm_adv_inst/CLKOUT0
                         net (fo=1, routed)           0.482    -1.120    clock_generator/inst/clk_out1_clk_wiz_0
    BUFGCTRL_X0Y16       BUFG (Prop_bufg_I_O)         0.026    -1.094 r  clock_generator/inst/clkout1_buf/O
                         net (fo=20, routed)          0.582    -0.513    cntrB/CLK
    SLICE_X42Y23         FDRE                                         r  cntrB/val_reg[6]/C
  -------------------------------------------------------------------    -------------------
    SLICE_X42Y23         FDRE (Prop_fdre_C_Q)         0.164    -0.349 r  cntrB/val_reg[6]/Q
                         net (fo=7, routed)           0.119    -0.230    cntrB/val_reg_n_0_[6]
    SLICE_X43Y23         LUT6 (Prop_lut6_I2_O)        0.045    -0.185 r  cntrB/val[8]_i_1__0/O
                         net (fo=1, routed)           0.000    -0.185    cntrB/val[8]
    SLICE_X43Y23         FDRE                                         r  cntrB/val_reg[8]/D
  -------------------------------------------------------------------    -------------------

                         (clock clk_out1_clk_wiz_0 rise edge)
                                                      0.000     0.000 r  <hidden>
    H16                                               0.000     0.000 r  clk
                         net (fo=0)                   0.000     0.000    clock_generator/inst/clk_in1
    H16                  IBUF (Prop_ibuf_I_O)         0.413     0.413 r  clock_generator/inst/clkin1_ibufg/O
                         net (fo=1, routed)           0.480     0.893    clock_generator/inst/clk_in1_clk_wiz_0
    MMCME2_ADV_X0Y1      MMCME2_ADV (Prop_mmcme2_adv_CLKIN1_CLKOUT0)
                                                     -3.047    -2.154 r  clock_generator/inst/mmcm_adv_inst/CLKOUT0
                         net (fo=1, routed)           0.528    -1.626    clock_generator/inst/clk_out1_clk_wiz_0
    BUFGCTRL_X0Y16       BUFG (Prop_bufg_I_O)         0.029    -1.597 r  clock_generator/inst/clkout1_buf/O
                         net (fo=20, routed)          0.848    -0.749    cntrB/CLK
    SLICE_X43Y23         FDRE                                         r  cntrB/val_reg[8]/C
                         clock pessimism              0.249    -0.500    <hidden>
    SLICE_X43Y23         FDRE (Hold_fdre_C_D)         0.092    -0.408    cntrB/val_reg[8]
  -------------------------------------------------------------------
                         required time                          0.408    <hidden>
                         arrival time                          -0.185    <hidden>
  -------------------------------------------------------------------
                         slack                                  0.223    <hidden>

Slack (MET) :             0.226ns  (arrival time - required time)
  Source:                 cntrB/val_reg[5]/C
                            (rising edge-triggered cell FDRE clocked by clk_out1_clk_wiz_0  {rise@0.000ns fall@71.429ns period=142.857ns})
  Destination:            cntrB/val_reg[5]/D
                            (rising edge-triggered cell FDRE clocked by clk_out1_clk_wiz_0  {rise@0.000ns fall@71.429ns period=142.857ns})
  Path Group:             clk_out1_clk_wiz_0
  Path Type:              Hold (Min at Fast Process Corner)
  Requirement:            0.000ns  (clk_out1_clk_wiz_0 rise@0.000ns - clk_out1_clk_wiz_0 rise@0.000ns)
  Data Path Delay:        0.318ns  (logic 0.186ns (58.409%)  route 0.132ns (41.591%))
  Logic Levels:           1  (LUT6=1)
  Clock Path Skew:        0.000ns (DCD - SCD - CPR)
    Destination Clock Delay (DCD):    -0.749ns
    Source Clock Delay      (SCD):    -0.513ns
    Clock Pessimism Removal (CPR):    -0.236ns

    Location             Delay type                Incr(ns)  Path(ns)    Netlist Resource(s)
  -------------------------------------------------------------------    -------------------
                         (clock clk_out1_clk_wiz_0 rise edge)
                                                      0.000     0.000 r  <hidden>
    H16                                               0.000     0.000 r  clk
                         net (fo=0)                   0.000     0.000    clock_generator/inst/clk_in1
    H16                  IBUF (Prop_ibuf_I_O)         0.225     0.225 r  clock_generator/inst/clkin1_ibufg/O
                         net (fo=1, routed)           0.440     0.665    clock_generator/inst/clk_in1_clk_wiz_0
    MMCME2_ADV_X0Y1      MMCME2_ADV (Prop_mmcme2_adv_CLKIN1_CLKOUT0)
                                                     -2.268    -1.602 r  clock_generator/inst/mmcm_adv_inst/CLKOUT0
                         net (fo=1, routed)           0.482    -1.120    clock_generator/inst/clk_out1_clk_wiz_0
    BUFGCTRL_X0Y16       BUFG (Prop_bufg_I_O)         0.026    -1.094 r  clock_generator/inst/clkout1_buf/O
                         net (fo=20, routed)          0.582    -0.513    cntrB/CLK
    SLICE_X41Y23         FDRE                                         r  cntrB/val_reg[5]/C
  -------------------------------------------------------------------    -------------------
    SLICE_X41Y23         FDRE (Prop_fdre_C_Q)         0.141    -0.372 r  cntrB/val_reg[5]/Q
                         net (fo=8, routed)           0.132    -0.239    cntrB/val_reg_n_0_[5]
    SLICE_X41Y23         LUT6 (Prop_lut6_I5_O)        0.045    -0.194 r  cntrB/val[5]_i_1__0/O
                         net (fo=1, routed)           0.000    -0.194    cntrB/val[5]
    SLICE_X41Y23         FDRE                                         r  cntrB/val_reg[5]/D
  -------------------------------------------------------------------    -------------------

                         (clock clk_out1_clk_wiz_0 rise edge)
                                                      0.000     0.000 r  <hidden>
    H16                                               0.000     0.000 r  clk
                         net (fo=0)                   0.000     0.000    clock_generator/inst/clk_in1
    H16                  IBUF (Prop_ibuf_I_O)         0.413     0.413 r  clock_generator/inst/clkin1_ibufg/O
                         net (fo=1, routed)           0.480     0.893    clock_generator/inst/clk_in1_clk_wiz_0
    MMCME2_ADV_X0Y1      MMCME2_ADV (Prop_mmcme2_adv_CLKIN1_CLKOUT0)
                                                     -3.047    -2.154 r  clock_generator/inst/mmcm_adv_inst/CLKOUT0
                         net (fo=1, routed)           0.528    -1.626    clock_generator/inst/clk_out1_clk_wiz_0
    BUFGCTRL_X0Y16       BUFG (Prop_bufg_I_O)         0.029    -1.597 r  clock_generator/inst/clkout1_buf/O
                         net (fo=20, routed)          0.848    -0.749    cntrB/CLK
    SLICE_X41Y23         FDRE                                         r  cntrB/val_reg[5]/C
                         clock pessimism              0.236    -0.513    <hidden>
    SLICE_X41Y23         FDRE (Hold_fdre_C_D)         0.092    -0.421    cntrB/val_reg[5]
  -------------------------------------------------------------------
                         required time                          0.421    <hidden>
                         arrival time                          -0.194    <hidden>
  -------------------------------------------------------------------
                         slack                                  0.226    <hidden>

Slack (MET) :             0.228ns  (arrival time - required time)
  Source:                 cntrB/val_reg[3]/C
                            (rising edge-triggered cell FDRE clocked by clk_out1_clk_wiz_0  {rise@0.000ns fall@71.429ns period=142.857ns})
  Destination:            cntrB/val_reg[6]/D
                            (rising edge-triggered cell FDRE clocked by clk_out1_clk_wiz_0  {rise@0.000ns fall@71.429ns period=142.857ns})
  Path Group:             clk_out1_clk_wiz_0
  Path Type:              Hold (Min at Fast Process Corner)
  Requirement:            0.000ns  (clk_out1_clk_wiz_0 rise@0.000ns - clk_out1_clk_wiz_0 rise@0.000ns)
  Data Path Delay:        0.361ns  (logic 0.186ns (51.474%)  route 0.175ns (48.526%))
  Logic Levels:           1  (LUT6=1)
  Clock Path Skew:        0.013ns (DCD - SCD - CPR)
    Destination Clock Delay (DCD):    -0.749ns
    Source Clock Delay      (SCD):    -0.513ns
    Clock Pessimism Removal (CPR):    -0.249ns

    Location             Delay type                Incr(ns)  Path(ns)    Netlist Resource(s)
  -------------------------------------------------------------------    -------------------
                         (clock clk_out1_clk_wiz_0 rise edge)
                                                      0.000     0.000 r  <hidden>
    H16                                               0.000     0.000 r  clk
                         net (fo=0)                   0.000     0.000    clock_generator/inst/clk_in1
    H16                  IBUF (Prop_ibuf_I_O)         0.225     0.225 r  clock_generator/inst/clkin1_ibufg/O
                         net (fo=1, routed)           0.440     0.665    clock_generator/inst/clk_in1_clk_wiz_0
    MMCME2_ADV_X0Y1      MMCME2_ADV (Prop_mmcme2_adv_CLKIN1_CLKOUT0)
                                                     -2.268    -1.602 r  clock_generator/inst/mmcm_adv_inst/CLKOUT0
                         net (fo=1, routed)           0.482    -1.120    clock_generator/inst/clk_out1_clk_wiz_0
    BUFGCTRL_X0Y16       BUFG (Prop_bufg_I_O)         0.026    -1.094 r  clock_generator/inst/clkout1_buf/O
                         net (fo=20, routed)          0.582    -0.513    cntrB/CLK
    SLICE_X41Y23         FDRE                                         r  cntrB/val_reg[3]/C
  -------------------------------------------------------------------    -------------------
    SLICE_X41Y23         FDRE (Prop_fdre_C_Q)         0.141    -0.372 r  cntrB/val_reg[3]/Q
                         net (fo=8, routed)           0.175    -0.196    cntrB/val_reg_n_0_[3]
    SLICE_X42Y23         LUT6 (Prop_lut6_I3_O)        0.045    -0.151 r  cntrB/val[6]_i_1__0/O
                         net (fo=1, routed)           0.000    -0.151    cntrB/val[6]
    SLICE_X42Y23         FDRE                                         r  cntrB/val_reg[6]/D
  -------------------------------------------------------------------    -------------------

                         (clock clk_out1_clk_wiz_0 rise edge)
                                                      0.000     0.000 r  <hidden>
    H16                                               0.000     0.000 r  clk
                         net (fo=0)                   0.000     0.000    clock_generator/inst/clk_in1
    H16                  IBUF (Prop_ibuf_I_O)         0.413     0.413 r  clock_generator/inst/clkin1_ibufg/O
                         net (fo=1, routed)           0.480     0.893    clock_generator/inst/clk_in1_clk_wiz_0
    MMCME2_ADV_X0Y1      MMCME2_ADV (Prop_mmcme2_adv_CLKIN1_CLKOUT0)
                                                     -3.047    -2.154 r  clock_generator/inst/mmcm_adv_inst/CLKOUT0
                         net (fo=1, routed)           0.528    -1.626    clock_generator/inst/clk_out1_clk_wiz_0
    BUFGCTRL_X0Y16       BUFG (Prop_bufg_I_O)         0.029    -1.597 r  clock_generator/inst/clkout1_buf/O
                         net (fo=20, routed)          0.848    -0.749    cntrB/CLK
    SLICE_X42Y23         FDRE                                         r  cntrB/val_reg[6]/C
                         clock pessimism              0.249    -0.500    <hidden>
    SLICE_X42Y23         FDRE (Hold_fdre_C_D)         0.120    -0.380    cntrB/val_reg[6]
  -------------------------------------------------------------------
                         required time                          0.380    <hidden>
                         arrival time                          -0.151    <hidden>
  -------------------------------------------------------------------
                         slack                                  0.228    <hidden>

Slack (MET) :             0.239ns  (arrival time - required time)
  Source:                 cntrA/val_reg[5]/C
                            (rising edge-triggered cell FDRE clocked by clk_out1_clk_wiz_0  {rise@0.000ns fall@71.429ns period=142.857ns})
  Destination:            cntrA/val_reg[6]/D
                            (rising edge-triggered cell FDRE clocked by clk_out1_clk_wiz_0  {rise@0.000ns fall@71.429ns period=142.857ns})
  Path Group:             clk_out1_clk_wiz_0
  Path Type:              Hold (Min at Fast Process Corner)
  Requirement:            0.000ns  (clk_out1_clk_wiz_0 rise@0.000ns - clk_out1_clk_wiz_0 rise@0.000ns)
  Data Path Delay:        0.372ns  (logic 0.186ns (50.060%)  route 0.186ns (49.940%))
  Logic Levels:           1  (LUT5=1)
  Clock Path Skew:        0.013ns (DCD - SCD - CPR)
    Destination Clock Delay (DCD):    -0.750ns
    Source Clock Delay      (SCD):    -0.514ns
    Clock Pessimism Removal (CPR):    -0.249ns

    Location             Delay type                Incr(ns)  Path(ns)    Netlist Resource(s)
  -------------------------------------------------------------------    -------------------
                         (clock clk_out1_clk_wiz_0 rise edge)
                                                      0.000     0.000 r  <hidden>
    H16                                               0.000     0.000 r  clk
                         net (fo=0)                   0.000     0.000    clock_generator/inst/clk_in1
    H16                  IBUF (Prop_ibuf_I_O)         0.225     0.225 r  clock_generator/inst/clkin1_ibufg/O
                         net (fo=1, routed)           0.440     0.665    clock_generator/inst/clk_in1_clk_wiz_0
    MMCME2_ADV_X0Y1      MMCME2_ADV (Prop_mmcme2_adv_CLKIN1_CLKOUT0)
                                                     -2.268    -1.602 r  clock_generator/inst/mmcm_adv_inst/CLKOUT0
                         net (fo=1, routed)           0.482    -1.120    clock_generator/inst/clk_out1_clk_wiz_0
    BUFGCTRL_X0Y16       BUFG (Prop_bufg_I_O)         0.026    -1.094 r  clock_generator/inst/clkout1_buf/O
                         net (fo=20, routed)          0.581    -0.514    cntrA/CLK
    SLICE_X43Y25         FDRE                                         r  cntrA/val_reg[5]/C
  -------------------------------------------------------------------    -------------------
    SLICE_X43Y25         FDRE (Prop_fdre_C_Q)         0.141    -0.373 r  cntrA/val_reg[5]/Q
                         net (fo=8, routed)           0.186    -0.187    cntrA/a_val[5]
    SLICE_X42Y25         LUT5 (Prop_lut5_I1_O)        0.045    -0.142 r  cntrA/val[6]_i_1/O
                         net (fo=1, routed)           0.000    -0.142    cntrA/val[6]
    SLICE_X42Y25         FDRE                                         r  cntrA/val_reg[6]/D
  -------------------------------------------------------------------    -------------------

                         (clock clk_out1_clk_wiz_0 rise edge)
                                                      0.000     0.000 r  <hidden>
    H16                                               0.000     0.000 r  clk
                         net (fo=0)                   0.000     0.000    clock_generator/inst/clk_in1
    H16                  IBUF (Prop_ibuf_I_O)         0.413     0.413 r  clock_generator/inst/clkin1_ibufg/O
                         net (fo=1, routed)           0.480     0.893    clock_generator/inst/clk_in1_clk_wiz_0
    MMCME2_ADV_X0Y1      MMCME2_ADV (Prop_mmcme2_adv_CLKIN1_CLKOUT0)
                                                     -3.047    -2.154 r  clock_generator/inst/mmcm_adv_inst/CLKOUT0
                         net (fo=1, routed)           0.528    -1.626    clock_generator/inst/clk_out1_clk_wiz_0
    BUFGCTRL_X0Y16       BUFG (Prop_bufg_I_O)         0.029    -1.597 r  clock_generator/inst/clkout1_buf/O
                         net (fo=20, routed)          0.847    -0.750    cntrA/CLK
    SLICE_X42Y25         FDRE                                         r  cntrA/val_reg[6]/C
                         clock pessimism              0.249    -0.501    <hidden>
    SLICE_X42Y25         FDRE (Hold_fdre_C_D)         0.120    -0.381    cntrA/val_reg[6]
  -------------------------------------------------------------------
                         required time                          0.381    <hidden>
                         arrival time                          -0.142    <hidden>
  -------------------------------------------------------------------
                         slack                                  0.239    <hidden>

Slack (MET) :             0.243ns  (arrival time - required time)
  Source:                 cntrB/val_reg[0]/C
                            (rising edge-triggered cell FDRE clocked by clk_out1_clk_wiz_0  {rise@0.000ns fall@71.429ns period=142.857ns})
  Destination:            cntrB/val_reg[7]/D
                            (rising edge-triggered cell FDRE clocked by clk_out1_clk_wiz_0  {rise@0.000ns fall@71.429ns period=142.857ns})
  Path Group:             clk_out1_clk_wiz_0
  Path Type:              Hold (Min at Fast Process Corner)
  Requirement:            0.000ns  (clk_out1_clk_wiz_0 rise@0.000ns - clk_out1_clk_wiz_0 rise@0.000ns)
  Data Path Delay:        0.348ns  (logic 0.186ns (53.507%)  route 0.162ns (46.493%))
  Logic Levels:           1  (LUT6=1)
  Clock Path Skew:        0.014ns (DCD - SCD - CPR)
    Destination Clock Delay (DCD):    -0.749ns
    Source Clock Delay      (SCD):    -0.514ns
    Clock Pessimism Removal (CPR):    -0.249ns

    Location             Delay type                Incr(ns)  Path(ns)    Netlist Resource(s)
  -------------------------------------------------------------------    -------------------
                         (clock clk_out1_clk_wiz_0 rise edge)
                                                      0.000     0.000 r  <hidden>
    H16                                               0.000     0.000 r  clk
                         net (fo=0)                   0.000     0.000    clock_generator/inst/clk_in1
    H16                  IBUF (Prop_ibuf_I_O)         0.225     0.225 r  clock_generator/inst/clkin1_ibufg/O
                         net (fo=1, routed)           0.440     0.665    clock_generator/inst/clk_in1_clk_wiz_0
    MMCME2_ADV_X0Y1      MMCME2_ADV (Prop_mmcme2_adv_CLKIN1_CLKOUT0)
                                                     -2.268    -1.602 r  clock_generator/inst/mmcm_adv_inst/CLKOUT0
                         net (fo=1, routed)           0.482    -1.120    clock_generator/inst/clk_out1_clk_wiz_0
    BUFGCTRL_X0Y16       BUFG (Prop_bufg_I_O)         0.026    -1.094 r  clock_generator/inst/clkout1_buf/O
                         net (fo=20, routed)          0.581    -0.514    cntrB/CLK
    SLICE_X43Y24         FDRE                                         r  cntrB/val_reg[0]/C
  -------------------------------------------------------------------    -------------------
    SLICE_X43Y24         FDRE (Prop_fdre_C_Q)         0.141    -0.373 r  cntrB/val_reg[0]/Q
                         net (fo=11, routed)          0.162    -0.211    cntrB/val_reg_n_0_[0]
    SLICE_X43Y23         LUT6 (Prop_lut6_I2_O)        0.045    -0.166 r  cntrB/val[7]_i_1__0/O
                         net (fo=1, routed)           0.000    -0.166    cntrB/val[7]
    SLICE_X43Y23         FDRE                                         r  cntrB/val_reg[7]/D
  -------------------------------------------------------------------    -------------------

                         (clock clk_out1_clk_wiz_0 rise edge)
                                                      0.000     0.000 r  <hidden>
    H16                                               0.000     0.000 r  clk
                         net (fo=0)                   0.000     0.000    clock_generator/inst/clk_in1
    H16                  IBUF (Prop_ibuf_I_O)         0.413     0.413 r  clock_generator/inst/clkin1_ibufg/O
                         net (fo=1, routed)           0.480     0.893    clock_generator/inst/clk_in1_clk_wiz_0
    MMCME2_ADV_X0Y1      MMCME2_ADV (Prop_mmcme2_adv_CLKIN1_CLKOUT0)
                                                     -3.047    -2.154 r  clock_generator/inst/mmcm_adv_inst/CLKOUT0
                         net (fo=1, routed)           0.528    -1.626    clock_generator/inst/clk_out1_clk_wiz_0
    BUFGCTRL_X0Y16       BUFG (Prop_bufg_I_O)         0.029    -1.597 r  clock_generator/inst/clkout1_buf/O
                         net (fo=20, routed)          0.848    -0.749    cntrB/CLK
    SLICE_X43Y23         FDRE                                         r  cntrB/val_reg[7]/C
                         clock pessimism              0.249    -0.500    <hidden>
    SLICE_X43Y23         FDRE (Hold_fdre_C_D)         0.091    -0.409    cntrB/val_reg[7]
  -------------------------------------------------------------------
                         required time                          0.409    <hidden>
                         arrival time                          -0.166    <hidden>
  -------------------------------------------------------------------
                         slack                                  0.243    <hidden>

Slack (MET) :             0.258ns  (arrival time - required time)
  Source:                 cntrA/val_reg[0]/C
                            (rising edge-triggered cell FDRE clocked by clk_out1_clk_wiz_0  {rise@0.000ns fall@71.429ns period=142.857ns})
  Destination:            cntrA/val_reg[2]/D
                            (rising edge-triggered cell FDRE clocked by clk_out1_clk_wiz_0  {rise@0.000ns fall@71.429ns period=142.857ns})
  Path Group:             clk_out1_clk_wiz_0
  Path Type:              Hold (Min at Fast Process Corner)
  Requirement:            0.000ns  (clk_out1_clk_wiz_0 rise@0.000ns - clk_out1_clk_wiz_0 rise@0.000ns)
  Data Path Delay:        0.391ns  (logic 0.186ns (47.554%)  route 0.205ns (52.446%))
  Logic Levels:           1  (LUT3=1)
  Clock Path Skew:        0.013ns (DCD - SCD - CPR)
    Destination Clock Delay (DCD):    -0.750ns
    Source Clock Delay      (SCD):    -0.514ns
    Clock Pessimism Removal (CPR):    -0.249ns

    Location             Delay type                Incr(ns)  Path(ns)    Netlist Resource(s)
  -------------------------------------------------------------------    -------------------
                         (clock clk_out1_clk_wiz_0 rise edge)
                                                      0.000     0.000 r  <hidden>
    H16                                               0.000     0.000 r  clk
                         net (fo=0)                   0.000     0.000    clock_generator/inst/clk_in1
    H16                  IBUF (Prop_ibuf_I_O)         0.225     0.225 r  clock_generator/inst/clkin1_ibufg/O
                         net (fo=1, routed)           0.440     0.665    clock_generator/inst/clk_in1_clk_wiz_0
    MMCME2_ADV_X0Y1      MMCME2_ADV (Prop_mmcme2_adv_CLKIN1_CLKOUT0)
                                                     -2.268    -1.602 r  clock_generator/inst/mmcm_adv_inst/CLKOUT0
                         net (fo=1, routed)           0.482    -1.120    clock_generator/inst/clk_out1_clk_wiz_0
    BUFGCTRL_X0Y16       BUFG (Prop_bufg_I_O)         0.026    -1.094 r  clock_generator/inst/clkout1_buf/O
                         net (fo=20, routed)          0.581    -0.514    cntrA/CLK
    SLICE_X41Y24         FDRE                                         r  cntrA/val_reg[0]/C
  -------------------------------------------------------------------    -------------------
    SLICE_X41Y24         FDRE (Prop_fdre_C_Q)         0.141    -0.373 r  cntrA/val_reg[0]/Q
                         net (fo=6, routed)           0.205    -0.167    cntrA/a_val[0]
    SLICE_X42Y24         LUT3 (Prop_lut3_I1_O)        0.045    -0.122 r  cntrA/val[2]_i_1/O
                         net (fo=1, routed)           0.000    -0.122    cntrA/val[2]
    SLICE_X42Y24         FDRE                                         r  cntrA/val_reg[2]/D
  -------------------------------------------------------------------    -------------------

                         (clock clk_out1_clk_wiz_0 rise edge)
                                                      0.000     0.000 r  <hidden>
    H16                                               0.000     0.000 r  clk
                         net (fo=0)                   0.000     0.000    clock_generator/inst/clk_in1
    H16                  IBUF (Prop_ibuf_I_O)         0.413     0.413 r  clock_generator/inst/clkin1_ibufg/O
                         net (fo=1, routed)           0.480     0.893    clock_generator/inst/clk_in1_clk_wiz_0
    MMCME2_ADV_X0Y1      MMCME2_ADV (Prop_mmcme2_adv_CLKIN1_CLKOUT0)
                                                     -3.047    -2.154 r  clock_generator/inst/mmcm_adv_inst/CLKOUT0
                         net (fo=1, routed)           0.528    -1.626    clock_generator/inst/clk_out1_clk_wiz_0
    BUFGCTRL_X0Y16       BUFG (Prop_bufg_I_O)         0.029    -1.597 r  clock_generator/inst/clkout1_buf/O
                         net (fo=20, routed)          0.847    -0.750    cntrA/CLK
    SLICE_X42Y24         FDRE                                         r  cntrA/val_reg[2]/C
                         clock pessimism              0.249    -0.501    <hidden>
    SLICE_X42Y24         FDRE (Hold_fdre_C_D)         0.120    -0.381    cntrA/val_reg[2]
  -------------------------------------------------------------------
                         required time                          0.381    <hidden>
                         arrival time                          -0.122    <hidden>
  -------------------------------------------------------------------
                         slack                                  0.258    <hidden>





Pulse Width Checks
--------------------------------------------------------------------------------------
Clock Name:         clk_out1_clk_wiz_0
Waveform(ns):       { 0.000 71.429 }
Period(ns):         142.857
Sources:            { clock_generator/inst/mmcm_adv_inst/CLKOUT0 }

Check Type        Corner  Lib Pin             Reference Pin  Required(ns)  Actual(ns)  Slack(ns)  Location         Pin
Min Period        n/a     BUFG/I              n/a            2.155         142.857     140.702    BUFGCTRL_X0Y16   clock_generator/inst/clkout1_buf/I
Min Period        n/a     MMCME2_ADV/CLKOUT0  n/a            1.249         142.857     141.608    MMCME2_ADV_X0Y1  clock_generator/inst/mmcm_adv_inst/CLKOUT0
Min Period        n/a     FDRE/C              n/a            1.000         142.857     141.857    SLICE_X41Y24     cntrA/val_reg[0]/C
Min Period        n/a     FDRE/C              n/a            1.000         142.857     141.857    SLICE_X41Y24     cntrA/val_reg[1]/C
Min Period        n/a     FDRE/C              n/a            1.000         142.857     141.857    SLICE_X42Y24     cntrA/val_reg[2]/C
Min Period        n/a     FDRE/C              n/a            1.000         142.857     141.857    SLICE_X43Y25     cntrA/val_reg[3]/C
Min Period        n/a     FDRE/C              n/a            1.000         142.857     141.857    SLICE_X43Y25     cntrA/val_reg[4]/C
Min Period        n/a     FDRE/C              n/a            1.000         142.857     141.857    SLICE_X43Y25     cntrA/val_reg[5]/C
Min Period        n/a     FDRE/C              n/a            1.000         142.857     141.857    SLICE_X42Y25     cntrA/val_reg[6]/C
Min Period        n/a     FDRE/C              n/a            1.000         142.857     141.857    SLICE_X42Y25     cntrA/val_reg[7]/C
Max Period        n/a     MMCME2_ADV/CLKOUT0  n/a            213.360       142.857     70.503     MMCME2_ADV_X0Y1  clock_generator/inst/mmcm_adv_inst/CLKOUT0
Low Pulse Width   Slow    FDRE/C              n/a            0.500         71.429      70.929     SLICE_X41Y24     cntrA/val_reg[0]/C
Low Pulse Width   Fast    FDRE/C              n/a            0.500         71.429      70.929     SLICE_X41Y24     cntrA/val_reg[0]/C
Low Pulse Width   Slow    FDRE/C              n/a            0.500         71.429      70.929     SLICE_X41Y24     cntrA/val_reg[1]/C
Low Pulse Width   Fast    FDRE/C              n/a            0.500         71.429      70.929     SLICE_X41Y24     cntrA/val_reg[1]/C
Low Pulse Width   Slow    FDRE/C              n/a            0.500         71.429      70.929     SLICE_X42Y24     cntrA/val_reg[2]/C
Low Pulse Width   Fast    FDRE/C              n/a            0.500         71.429      70.929     SLICE_X42Y24     cntrA/val_reg[2]/C
Low Pulse Width   Slow    FDRE/C              n/a            0.500         71.429      70.929     SLICE_X43Y25     cntrA/val_reg[3]/C
Low Pulse Width   Fast    FDRE/C              n/a            0.500         71.429      70.929     SLICE_X43Y25     cntrA/val_reg[3]/C
Low Pulse Width   Slow    FDRE/C              n/a            0.500         71.429      70.929     SLICE_X43Y25     cntrA/val_reg[4]/C
Low Pulse Width   Fast    FDRE/C              n/a            0.500         71.429      70.929     SLICE_X43Y25     cntrA/val_reg[4]/C
High Pulse Width  Slow    FDRE/C              n/a            0.500         71.429      70.929     SLICE_X41Y24     cntrA/val_reg[0]/C
High Pulse Width  Fast    FDRE/C              n/a            0.500         71.429      70.929     SLICE_X41Y24     cntrA/val_reg[0]/C
High Pulse Width  Slow    FDRE/C              n/a            0.500         71.429      70.929     SLICE_X41Y24     cntrA/val_reg[1]/C
High Pulse Width  Fast    FDRE/C              n/a            0.500         71.429      70.929     SLICE_X41Y24     cntrA/val_reg[1]/C
High Pulse Width  Slow    FDRE/C              n/a            0.500         71.429      70.929     SLICE_X42Y24     cntrA/val_reg[2]/C
High Pulse Width  Fast    FDRE/C              n/a            0.500         71.429      70.929     SLICE_X42Y24     cntrA/val_reg[2]/C
High Pulse Width  Slow    FDRE/C              n/a            0.500         71.429      70.929     SLICE_X43Y25     cntrA/val_reg[3]/C
High Pulse Width  Fast    FDRE/C              n/a            0.500         71.429      70.929     SLICE_X43Y25     cntrA/val_reg[3]/C
High Pulse Width  Slow    FDRE/C              n/a            0.500         71.429      70.929     SLICE_X43Y25     cntrA/val_reg[4]/C
High Pulse Width  Fast    FDRE/C              n/a            0.500         71.429      70.929     SLICE_X43Y25     cntrA/val_reg[4]/C



---------------------------------------------------------------------------------------------------
From Clock:  clkfbout_clk_wiz_0
  To Clock:  clkfbout_clk_wiz_0

Setup :           NA  Failing Endpoints,  Worst Slack           NA  ,  Total Violation           NA
Hold  :           NA  Failing Endpoints,  Worst Slack           NA  ,  Total Violation           NA
PW    :            0  Failing Endpoints,  Worst Slack       47.845ns,  Total Violation        0.000ns
---------------------------------------------------------------------------------------------------


Pulse Width Checks
--------------------------------------------------------------------------------------
Clock Name:         clkfbout_clk_wiz_0
Waveform(ns):       { 0.000 25.000 }
Period(ns):         50.000
Sources:            { clock_generator/inst/mmcm_adv_inst/CLKFBOUT }

Check Type  Corner  Lib Pin              Reference Pin  Required(ns)  Actual(ns)  Slack(ns)  Location         Pin
Min Period  n/a     BUFG/I               n/a            2.155         50.000      47.845     BUFGCTRL_X0Y17   clock_generator/inst/clkf_buf/I
Min Period  n/a     MMCME2_ADV/CLKFBOUT  n/a            1.249         50.000      48.751     MMCME2_ADV_X0Y1  clock_generator/inst/mmcm_adv_inst/CLKFBOUT
Min Period  n/a     MMCME2_ADV/CLKFBIN   n/a            1.249         50.000      48.751     MMCME2_ADV_X0Y1  clock_generator/inst/mmcm_adv_inst/CLKFBIN
Max Period  n/a     MMCME2_ADV/CLKFBIN   n/a            100.000       50.000      50.000     MMCME2_ADV_X0Y1  clock_generator/inst/mmcm_adv_inst/CLKFBIN
Max Period  n/a     MMCME2_ADV/CLKFBOUT  n/a            213.360       50.000      163.360    MMCME2_ADV_X0Y1  clock_generator/inst/mmcm_adv_inst/CLKFBOUT



--------------------------------------------------------------------------------------
Path Group:  (none)
From Clock:  clk_out1_clk_wiz_0
  To Clock:  

Max Delay             2 Endpoints
Min Delay             2 Endpoints
--------------------------------------------------------------------------------------


Max Delay Paths
--------------------------------------------------------------------------------------
Slack:                    inf
  Source:                 cntrA/val_reg[2]/C
                            (rising edge-triggered cell FDRE clocked by clk_out1_clk_wiz_0  {rise@0.000ns fall@71.429ns period=142.857ns})
  Destination:            led[0]
                            (output port)
  Path Group:             (none)
  Path Type:              Max at Slow Process Corner
  Data Path Delay:        7.932ns  (logic 4.543ns (57.270%)  route 3.389ns (42.730%))
  Logic Levels:           3  (LUT5=1 LUT6=1 OBUF=1)
  Clock Uncertainty:      0.518ns  ((TSJ^2 + DJ^2)^1/2) / 2 + PE
    Total System Jitter     (TSJ):    0.050ns
    Discrete Jitter          (DJ):    0.429ns
    Phase Error              (PE):    0.301ns

    Location             Delay type                Incr(ns)  Path(ns)    Netlist Resource(s)
  -------------------------------------------------------------------    -------------------
                         (clock clk_out1_clk_wiz_0 rise edge)
                                                      0.000     0.000 r  <hidden>
    H16                                               0.000     0.000 r  clk
                         net (fo=0)                   0.000     0.000    clock_generator/inst/clk_in1
    H16                  IBUF (Prop_ibuf_I_O)         1.457     1.457 r  clock_generator/inst/clkin1_ibufg/O
                         net (fo=1, routed)           1.285     2.742    clock_generator/inst/clk_in1_clk_wiz_0
    MMCME2_ADV_X0Y1      MMCME2_ADV (Prop_mmcme2_adv_CLKIN1_CLKOUT0)
                                                     -6.996    -4.254 r  clock_generator/inst/mmcm_adv_inst/CLKOUT0
                         net (fo=1, routed)           1.760    -2.494    clock_generator/inst/clk_out1_clk_wiz_0
    BUFGCTRL_X0Y16       BUFG (Prop_bufg_I_O)         0.101    -2.393 r  clock_generator/inst/clkout1_buf/O
                         net (fo=20, routed)          1.737    -0.656    cntrA/CLK
    SLICE_X42Y24         FDRE                                         r  cntrA/val_reg[2]/C
  -------------------------------------------------------------------    -------------------
    SLICE_X42Y24         FDRE (Prop_fdre_C_Q)         0.518    -0.138 f  cntrA/val_reg[2]/Q
                         net (fo=4, routed)           1.115     0.977    cntrA/a_val[2]
    SLICE_X42Y24         LUT5 (Prop_lut5_I0_O)        0.148     1.125 r  cntrA/led_OBUF[0]_inst_i_2/O
                         net (fo=1, routed)           0.452     1.577    cntrA/led_OBUF[0]_inst_i_2_n_0
    SLICE_X42Y24         LUT6 (Prop_lut6_I2_O)        0.328     1.905 r  cntrA/led_OBUF[0]_inst_i_1/O
                         net (fo=1, routed)           1.822     3.728    led_OBUF[0]
    N20                  OBUF (Prop_obuf_I_O)         3.549     7.276 r  led_OBUF[0]_inst/O
                         net (fo=0)                   0.000     7.276    led[0]
    N20                                                               r  led[0]
  -------------------------------------------------------------------    -------------------

Slack:                    inf
  Source:                 cntrB/val_reg[7]/C
                            (rising edge-triggered cell FDRE clocked by clk_out1_clk_wiz_0  {rise@0.000ns fall@71.429ns period=142.857ns})
  Destination:            led[1]
                            (output port)
  Path Group:             (none)
  Path Type:              Max at Slow Process Corner
  Data Path Delay:        7.739ns  (logic 4.253ns (54.957%)  route 3.486ns (45.043%))
  Logic Levels:           3  (LUT6=2 OBUF=1)
  Clock Uncertainty:      0.518ns  ((TSJ^2 + DJ^2)^1/2) / 2 + PE
    Total System Jitter     (TSJ):    0.050ns
    Discrete Jitter          (DJ):    0.429ns
    Phase Error              (PE):    0.301ns

    Location             Delay type                Incr(ns)  Path(ns)    Netlist Resource(s)
  -------------------------------------------------------------------    -------------------
                         (clock clk_out1_clk_wiz_0 rise edge)
                                                      0.000     0.000 r  <hidden>
    H16                                               0.000     0.000 r  clk
                         net (fo=0)                   0.000     0.000    clock_generator/inst/clk_in1
    H16                  IBUF (Prop_ibuf_I_O)         1.457     1.457 r  clock_generator/inst/clkin1_ibufg/O
                         net (fo=1, routed)           1.285     2.742    clock_generator/inst/clk_in1_clk_wiz_0
    MMCME2_ADV_X0Y1      MMCME2_ADV (Prop_mmcme2_adv_CLKIN1_CLKOUT0)
                                                     -6.996    -4.254 r  clock_generator/inst/mmcm_adv_inst/CLKOUT0
                         net (fo=1, routed)           1.760    -2.494    clock_generator/inst/clk_out1_clk_wiz_0
    BUFGCTRL_X0Y16       BUFG (Prop_bufg_I_O)         0.101    -2.393 r  clock_generator/inst/clkout1_buf/O
                         net (fo=20, routed)          1.739    -0.654    cntrB/CLK
    SLICE_X43Y23         FDRE                                         r  cntrB/val_reg[7]/C
  -------------------------------------------------------------------    -------------------
    SLICE_X43Y23         FDRE (Prop_fdre_C_Q)         0.456    -0.198 f  cntrB/val_reg[7]/Q
                         net (fo=8, routed)           1.017     0.820    cntrB/val_reg_n_0_[7]
    SLICE_X41Y24         LUT6 (Prop_lut6_I0_O)        0.124     0.944 r  cntrB/led_OBUF[1]_inst_i_2/O
                         net (fo=1, routed)           0.565     1.509    cntrB/led_OBUF[1]_inst_i_2_n_0
    SLICE_X43Y24         LUT6 (Prop_lut6_I0_O)        0.124     1.633 r  cntrB/led_OBUF[1]_inst_i_1/O
                         net (fo=1, routed)           1.903     3.536    led_OBUF[1]
    P20                  OBUF (Prop_obuf_I_O)         3.549     7.085 r  led_OBUF[1]_inst/O
                         net (fo=0)                   0.000     7.085    led[1]
    P20                                                               r  led[1]
  -------------------------------------------------------------------    -------------------





Min Delay Paths
--------------------------------------------------------------------------------------
Slack:                    inf
  Source:                 cntrA/val_reg[5]/C
                            (rising edge-triggered cell FDRE clocked by clk_out1_clk_wiz_0  {rise@0.000ns fall@71.429ns period=142.857ns})
  Destination:            led[0]
                            (output port)
  Path Group:             (none)
  Path Type:              Min at Fast Process Corner
  Data Path Delay:        1.994ns  (logic 1.436ns (71.977%)  route 0.559ns (28.023%))
  Logic Levels:           2  (LUT6=1 OBUF=1)
  Clock Uncertainty:      0.518ns  ((TSJ^2 + DJ^2)^1/2) / 2 + PE
    Total System Jitter     (TSJ):    0.050ns
    Discrete Jitter          (DJ):    0.429ns
    Phase Error              (PE):    0.301ns

    Location             Delay type                Incr(ns)  Path(ns)    Netlist Resource(s)
  -------------------------------------------------------------------    -------------------
                         (clock clk_out1_clk_wiz_0 rise edge)
                                                      0.000     0.000 r  <hidden>
    H16                                               0.000     0.000 r  clk
                         net (fo=0)                   0.000     0.000    clock_generator/inst/clk_in1
    H16                  IBUF (Prop_ibuf_I_O)         0.225     0.225 r  clock_generator/inst/clkin1_ibufg/O
                         net (fo=1, routed)           0.440     0.665    clock_generator/inst/clk_in1_clk_wiz_0
    MMCME2_ADV_X0Y1      MMCME2_ADV (Prop_mmcme2_adv_CLKIN1_CLKOUT0)
                                                     -2.268    -1.602 r  clock_generator/inst/mmcm_adv_inst/CLKOUT0
                         net (fo=1, routed)           0.482    -1.120    clock_generator/inst/clk_out1_clk_wiz_0
    BUFGCTRL_X0Y16       BUFG (Prop_bufg_I_O)         0.026    -1.094 r  clock_generator/inst/clkout1_buf/O
                         net (fo=20, routed)          0.581    -0.514    cntrA/CLK
    SLICE_X43Y25         FDRE                                         r  cntrA/val_reg[5]/C
  -------------------------------------------------------------------    -------------------
    SLICE_X43Y25         FDRE (Prop_fdre_C_Q)         0.141    -0.373 f  cntrA/val_reg[5]/Q
                         net (fo=8, routed)           0.190    -0.183    cntrA/a_val[5]
    SLICE_X42Y24         LUT6 (Prop_lut6_I4_O)        0.045    -0.138 r  cntrA/led_OBUF[0]_inst_i_1/O
                         net (fo=1, routed)           0.369     0.231    led_OBUF[0]
    N20                  OBUF (Prop_obuf_I_O)         1.250     1.481 r  led_OBUF[0]_inst/O
                         net (fo=0)                   0.000     1.481    led[0]
    N20                                                               r  led[0]
  -------------------------------------------------------------------    -------------------

Slack:                    inf
  Source:                 cntrB/val_reg[9]/C
                            (rising edge-triggered cell FDRE clocked by clk_out1_clk_wiz_0  {rise@0.000ns fall@71.429ns period=142.857ns})
  Destination:            led[1]
                            (output port)
  Path Group:             (none)
  Path Type:              Min at Fast Process Corner
  Data Path Delay:        2.016ns  (logic 1.459ns (72.369%)  route 0.557ns (27.631%))
  Logic Levels:           2  (LUT6=1 OBUF=1)
  Clock Uncertainty:      0.518ns  ((TSJ^2 + DJ^2)^1/2) / 2 + PE
    Total System Jitter     (TSJ):    0.050ns
    Discrete Jitter          (DJ):    0.429ns
    Phase Error              (PE):    0.301ns

    Location             Delay type                Incr(ns)  Path(ns)    Netlist Resource(s)
  -------------------------------------------------------------------    -------------------
                         (clock clk_out1_clk_wiz_0 rise edge)
                                                      0.000     0.000 r  <hidden>
    H16                                               0.000     0.000 r  clk
                         net (fo=0)                   0.000     0.000    clock_generator/inst/clk_in1
    H16                  IBUF (Prop_ibuf_I_O)         0.225     0.225 r  clock_generator/inst/clkin1_ibufg/O
                         net (fo=1, routed)           0.440     0.665    clock_generator/inst/clk_in1_clk_wiz_0
    MMCME2_ADV_X0Y1      MMCME2_ADV (Prop_mmcme2_adv_CLKIN1_CLKOUT0)
                                                     -2.268    -1.602 r  clock_generator/inst/mmcm_adv_inst/CLKOUT0
                         net (fo=1, routed)           0.482    -1.120    clock_generator/inst/clk_out1_clk_wiz_0
    BUFGCTRL_X0Y16       BUFG (Prop_bufg_I_O)         0.026    -1.094 r  clock_generator/inst/clkout1_buf/O
                         net (fo=20, routed)          0.582    -0.513    cntrB/CLK
    SLICE_X42Y23         FDRE                                         r  cntrB/val_reg[9]/C
  -------------------------------------------------------------------    -------------------
    SLICE_X42Y23         FDRE (Prop_fdre_C_Q)         0.164    -0.349 f  cntrB/val_reg[9]/Q
                         net (fo=4, routed)           0.142    -0.207    cntrB/val_reg_n_0_[9]
    SLICE_X43Y24         LUT6 (Prop_lut6_I4_O)        0.045    -0.162 r  cntrB/led_OBUF[1]_inst_i_1/O
                         net (fo=1, routed)           0.415     0.253    led_OBUF[1]
    P20                  OBUF (Prop_obuf_I_O)         1.250     1.503 r  led_OBUF[1]_inst/O
                         net (fo=0)                   0.000     1.503    led[1]
    P20                                                               r  led[1]
  -------------------------------------------------------------------    -------------------





--------------------------------------------------------------------------------------
Path Group:  (none)
From Clock:  
  To Clock:  clk_out1_clk_wiz_0

Max Delay            40 Endpoints
Min Delay            40 Endpoints
--------------------------------------------------------------------------------------


Max Delay Paths
--------------------------------------------------------------------------------------
Slack:                    inf
  Source:                 rst
                            (input port)
  Destination:            cntrB/val_reg[6]/R
                            (rising edge-triggered cell FDRE clocked by clk_out1_clk_wiz_0  {rise@0.000ns fall@71.429ns period=142.857ns})
  Path Group:             (none)
  Path Type:              Setup (Max at Slow Process Corner)
  Data Path Delay:        4.177ns  (logic 1.603ns (38.367%)  route 2.575ns (61.633%))
  Logic Levels:           2  (IBUF=1 LUT2=1)
  Clock Path Skew:        -1.302ns (DCD - SCD + CPR)
    Destination Clock Delay (DCD):    -1.302ns
    Source Clock Delay      (SCD):    0.000ns
    Clock Pessimism Removal (CPR):    0.000ns
  Clock Uncertainty:      0.518ns  ((TSJ^2 + DJ^2)^1/2) / 2 + PE
    Total System Jitter     (TSJ):    0.050ns
    Discrete Jitter          (DJ):    0.429ns
    Phase Error              (PE):    0.301ns

    Location             Delay type                Incr(ns)  Path(ns)    Netlist Resource(s)
  -------------------------------------------------------------------    -------------------
    U20                                               0.000     0.000 r  rst
                         net (fo=0)                   0.000     0.000    rst
    U20                  IBUF (Prop_ibuf_I_O)         1.479     1.479 r  rst_IBUF_inst/O
                         net (fo=2, routed)           1.446     2.925    cntrB/reset
    SLICE_X43Y29         LUT2 (Prop_lut2_I0_O)        0.124     3.049 r  cntrB/val[9]_i_1__0/O
                         net (fo=20, routed)          1.128     4.177    cntrB/SR[0]
    SLICE_X42Y23         FDRE                                         r  cntrB/val_reg[6]/R
  -------------------------------------------------------------------    -------------------

                         (clock clk_out1_clk_wiz_0 rise edge)
                                                      0.000     0.000 r  <hidden>
    H16                                               0.000     0.000 r  clk
                         net (fo=0)                   0.000     0.000    clock_generator/inst/clk_in1
    H16                  IBUF (Prop_ibuf_I_O)         1.387     1.387 r  clock_generator/inst/clkin1_ibufg/O
                         net (fo=1, routed)           1.162     2.549    clock_generator/inst/clk_in1_clk_wiz_0
    MMCME2_ADV_X0Y1      MMCME2_ADV (Prop_mmcme2_adv_CLKIN1_CLKOUT0)
                                                     -7.105    -4.556 r  clock_generator/inst/mmcm_adv_inst/CLKOUT0
                         net (fo=1, routed)           1.599    -2.957    clock_generator/inst/clk_out1_clk_wiz_0
    BUFGCTRL_X0Y16       BUFG (Prop_bufg_I_O)         0.091    -2.866 r  clock_generator/inst/clkout1_buf/O
                         net (fo=20, routed)          1.564    -1.302    cntrB/CLK
    SLICE_X42Y23         FDRE                                         r  cntrB/val_reg[6]/C

Slack:                    inf
  Source:                 rst
                            (input port)
  Destination:            cntrB/val_reg[7]/R
                            (rising edge-triggered cell FDRE clocked by clk_out1_clk_wiz_0  {rise@0.000ns fall@71.429ns period=142.857ns})
  Path Group:             (none)
  Path Type:              Setup (Max at Slow Process Corner)
  Data Path Delay:        4.177ns  (logic 1.603ns (38.367%)  route 2.575ns (61.633%))
  Logic Levels:           2  (IBUF=1 LUT2=1)
  Clock Path Skew:        -1.302ns (DCD - SCD + CPR)
    Destination Clock Delay (DCD):    -1.302ns
    Source Clock Delay      (SCD):    0.000ns
    Clock Pessimism Removal (CPR):    0.000ns
  Clock Uncertainty:      0.518ns  ((TSJ^2 + DJ^2)^1/2) / 2 + PE
    Total System Jitter     (TSJ):    0.050ns
    Discrete Jitter          (DJ):    0.429ns
    Phase Error              (PE):    0.301ns

    Location             Delay type                Incr(ns)  Path(ns)    Netlist Resource(s)
  -------------------------------------------------------------------    -------------------
    U20                                               0.000     0.000 r  rst
                         net (fo=0)                   0.000     0.000    rst
    U20                  IBUF (Prop_ibuf_I_O)         1.479     1.479 r  rst_IBUF_inst/O
                         net (fo=2, routed)           1.446     2.925    cntrB/reset
    SLICE_X43Y29         LUT2 (Prop_lut2_I0_O)        0.124     3.049 r  cntrB/val[9]_i_1__0/O
                         net (fo=20, routed)          1.128     4.177    cntrB/SR[0]
    SLICE_X43Y23         FDRE                                         r  cntrB/val_reg[7]/R
  -------------------------------------------------------------------    -------------------

                         (clock clk_out1_clk_wiz_0 rise edge)
                                                      0.000     0.000 r  <hidden>
    H16                                               0.000     0.000 r  clk
                         net (fo=0)                   0.000     0.000    clock_generator/inst/clk_in1
    H16                  IBUF (Prop_ibuf_I_O)         1.387     1.387 r  clock_generator/inst/clkin1_ibufg/O
                         net (fo=1, routed)           1.162     2.549    clock_generator/inst/clk_in1_clk_wiz_0
    MMCME2_ADV_X0Y1      MMCME2_ADV (Prop_mmcme2_adv_CLKIN1_CLKOUT0)
                                                     -7.105    -4.556 r  clock_generator/inst/mmcm_adv_inst/CLKOUT0
                         net (fo=1, routed)           1.599    -2.957    clock_generator/inst/clk_out1_clk_wiz_0
    BUFGCTRL_X0Y16       BUFG (Prop_bufg_I_O)         0.091    -2.866 r  clock_generator/inst/clkout1_buf/O
                         net (fo=20, routed)          1.564    -1.302    cntrB/CLK
    SLICE_X43Y23         FDRE                                         r  cntrB/val_reg[7]/C

Slack:                    inf
  Source:                 rst
                            (input port)
  Destination:            cntrB/val_reg[8]/R
                            (rising edge-triggered cell FDRE clocked by clk_out1_clk_wiz_0  {rise@0.000ns fall@71.429ns period=142.857ns})
  Path Group:             (none)
  Path Type:              Setup (Max at Slow Process Corner)
  Data Path Delay:        4.177ns  (logic 1.603ns (38.367%)  route 2.575ns (61.633%))
  Logic Levels:           2  (IBUF=1 LUT2=1)
  Clock Path Skew:        -1.302ns (DCD - SCD + CPR)
    Destination Clock Delay (DCD):    -1.302ns
    Source Clock Delay      (SCD):    0.000ns
    Clock Pessimism Removal (CPR):    0.000ns
  Clock Uncertainty:      0.518ns  ((TSJ^2 + DJ^2)^1/2) / 2 + PE
    Total System Jitter     (TSJ):    0.050ns
    Discrete Jitter          (DJ):    0.429ns
    Phase Error              (PE):    0.301ns

    Location             Delay type                Incr(ns)  Path(ns)    Netlist Resource(s)
  -------------------------------------------------------------------    -------------------
    U20                                               0.000     0.000 r  rst
                         net (fo=0)                   0.000     0.000    rst
    U20                  IBUF (Prop_ibuf_I_O)         1.479     1.479 r  rst_IBUF_inst/O
                         net (fo=2, routed)           1.446     2.925    cntrB/reset
    SLICE_X43Y29         LUT2 (Prop_lut2_I0_O)        0.124     3.049 r  cntrB/val[9]_i_1__0/O
                         net (fo=20, routed)          1.128     4.177    cntrB/SR[0]
    SLICE_X43Y23         FDRE                                         r  cntrB/val_reg[8]/R
  -------------------------------------------------------------------    -------------------

                         (clock clk_out1_clk_wiz_0 rise edge)
                                                      0.000     0.000 r  <hidden>
    H16                                               0.000     0.000 r  clk
                         net (fo=0)                   0.000     0.000    clock_generator/inst/clk_in1
    H16                  IBUF (Prop_ibuf_I_O)         1.387     1.387 r  clock_generator/inst/clkin1_ibufg/O
                         net (fo=1, routed)           1.162     2.549    clock_generator/inst/clk_in1_clk_wiz_0
    MMCME2_ADV_X0Y1      MMCME2_ADV (Prop_mmcme2_adv_CLKIN1_CLKOUT0)
                                                     -7.105    -4.556 r  clock_generator/inst/mmcm_adv_inst/CLKOUT0
                         net (fo=1, routed)           1.599    -2.957    clock_generator/inst/clk_out1_clk_wiz_0
    BUFGCTRL_X0Y16       BUFG (Prop_bufg_I_O)         0.091    -2.866 r  clock_generator/inst/clkout1_buf/O
                         net (fo=20, routed)          1.564    -1.302    cntrB/CLK
    SLICE_X43Y23         FDRE                                         r  cntrB/val_reg[8]/C

Slack:                    inf
  Source:                 rst
                            (input port)
  Destination:            cntrB/val_reg[9]/R
                            (rising edge-triggered cell FDRE clocked by clk_out1_clk_wiz_0  {rise@0.000ns fall@71.429ns period=142.857ns})
  Path Group:             (none)
  Path Type:              Setup (Max at Slow Process Corner)
  Data Path Delay:        4.177ns  (logic 1.603ns (38.367%)  route 2.575ns (61.633%))
  Logic Levels:           2  (IBUF=1 LUT2=1)
  Clock Path Skew:        -1.302ns (DCD - SCD + CPR)
    Destination Clock Delay (DCD):    -1.302ns
    Source Clock Delay      (SCD):    0.000ns
    Clock Pessimism Removal (CPR):    0.000ns
  Clock Uncertainty:      0.518ns  ((TSJ^2 + DJ^2)^1/2) / 2 + PE
    Total System Jitter     (TSJ):    0.050ns
    Discrete Jitter          (DJ):    0.429ns
    Phase Error              (PE):    0.301ns

    Location             Delay type                Incr(ns)  Path(ns)    Netlist Resource(s)
  -------------------------------------------------------------------    -------------------
    U20                                               0.000     0.000 r  rst
                         net (fo=0)                   0.000     0.000    rst
    U20                  IBUF (Prop_ibuf_I_O)         1.479     1.479 r  rst_IBUF_inst/O
                         net (fo=2, routed)           1.446     2.925    cntrB/reset
    SLICE_X43Y29         LUT2 (Prop_lut2_I0_O)        0.124     3.049 r  cntrB/val[9]_i_1__0/O
                         net (fo=20, routed)          1.128     4.177    cntrB/SR[0]
    SLICE_X42Y23         FDRE                                         r  cntrB/val_reg[9]/R
  -------------------------------------------------------------------    -------------------

                         (clock clk_out1_clk_wiz_0 rise edge)
                                                      0.000     0.000 r  <hidden>
    H16                                               0.000     0.000 r  clk
                         net (fo=0)                   0.000     0.000    clock_generator/inst/clk_in1
    H16                  IBUF (Prop_ibuf_I_O)         1.387     1.387 r  clock_generator/inst/clkin1_ibufg/O
                         net (fo=1, routed)           1.162     2.549    clock_generator/inst/clk_in1_clk_wiz_0
    MMCME2_ADV_X0Y1      MMCME2_ADV (Prop_mmcme2_adv_CLKIN1_CLKOUT0)
                                                     -7.105    -4.556 r  clock_generator/inst/mmcm_adv_inst/CLKOUT0
                         net (fo=1, routed)           1.599    -2.957    clock_generator/inst/clk_out1_clk_wiz_0
    BUFGCTRL_X0Y16       BUFG (Prop_bufg_I_O)         0.091    -2.866 r  clock_generator/inst/clkout1_buf/O
                         net (fo=20, routed)          1.564    -1.302    cntrB/CLK
    SLICE_X42Y23         FDRE                                         r  cntrB/val_reg[9]/C

Slack:                    inf
  Source:                 rst
                            (input port)
  Destination:            cntrB/val_reg[1]/R
                            (rising edge-triggered cell FDRE clocked by clk_out1_clk_wiz_0  {rise@0.000ns fall@71.429ns period=142.857ns})
  Path Group:             (none)
  Path Type:              Setup (Max at Slow Process Corner)
  Data Path Delay:        4.171ns  (logic 1.603ns (38.428%)  route 2.568ns (61.572%))
  Logic Levels:           2  (IBUF=1 LUT2=1)
  Clock Path Skew:        -1.302ns (DCD - SCD + CPR)
    Destination Clock Delay (DCD):    -1.302ns
    Source Clock Delay      (SCD):    0.000ns
    Clock Pessimism Removal (CPR):    0.000ns
  Clock Uncertainty:      0.518ns  ((TSJ^2 + DJ^2)^1/2) / 2 + PE
    Total System Jitter     (TSJ):    0.050ns
    Discrete Jitter          (DJ):    0.429ns
    Phase Error              (PE):    0.301ns

    Location             Delay type                Incr(ns)  Path(ns)    Netlist Resource(s)
  -------------------------------------------------------------------    -------------------
    U20                                               0.000     0.000 r  rst
                         net (fo=0)                   0.000     0.000    rst
    U20                  IBUF (Prop_ibuf_I_O)         1.479     1.479 r  rst_IBUF_inst/O
                         net (fo=2, routed)           1.446     2.925    cntrB/reset
    SLICE_X43Y29         LUT2 (Prop_lut2_I0_O)        0.124     3.049 r  cntrB/val[9]_i_1__0/O
                         net (fo=20, routed)          1.122     4.171    cntrB/SR[0]
    SLICE_X41Y23         FDRE                                         r  cntrB/val_reg[1]/R
  -------------------------------------------------------------------    -------------------

                         (clock clk_out1_clk_wiz_0 rise edge)
                                                      0.000     0.000 r  <hidden>
    H16                                               0.000     0.000 r  clk
                         net (fo=0)                   0.000     0.000    clock_generator/inst/clk_in1
    H16                  IBUF (Prop_ibuf_I_O)         1.387     1.387 r  clock_generator/inst/clkin1_ibufg/O
                         net (fo=1, routed)           1.162     2.549    clock_generator/inst/clk_in1_clk_wiz_0
    MMCME2_ADV_X0Y1      MMCME2_ADV (Prop_mmcme2_adv_CLKIN1_CLKOUT0)
                                                     -7.105    -4.556 r  clock_generator/inst/mmcm_adv_inst/CLKOUT0
                         net (fo=1, routed)           1.599    -2.957    clock_generator/inst/clk_out1_clk_wiz_0
    BUFGCTRL_X0Y16       BUFG (Prop_bufg_I_O)         0.091    -2.866 r  clock_generator/inst/clkout1_buf/O
                         net (fo=20, routed)          1.564    -1.302    cntrB/CLK
    SLICE_X41Y23         FDRE                                         r  cntrB/val_reg[1]/C

Slack:                    inf
  Source:                 rst
                            (input port)
  Destination:            cntrB/val_reg[2]/R
                            (rising edge-triggered cell FDRE clocked by clk_out1_clk_wiz_0  {rise@0.000ns fall@71.429ns period=142.857ns})
  Path Group:             (none)
  Path Type:              Setup (Max at Slow Process Corner)
  Data Path Delay:        4.171ns  (logic 1.603ns (38.428%)  route 2.568ns (61.572%))
  Logic Levels:           2  (IBUF=1 LUT2=1)
  Clock Path Skew:        -1.302ns (DCD - SCD + CPR)
    Destination Clock Delay (DCD):    -1.302ns
    Source Clock Delay      (SCD):    0.000ns
    Clock Pessimism Removal (CPR):    0.000ns
  Clock Uncertainty:      0.518ns  ((TSJ^2 + DJ^2)^1/2) / 2 + PE
    Total System Jitter     (TSJ):    0.050ns
    Discrete Jitter          (DJ):    0.429ns
    Phase Error              (PE):    0.301ns

    Location             Delay type                Incr(ns)  Path(ns)    Netlist Resource(s)
  -------------------------------------------------------------------    -------------------
    U20                                               0.000     0.000 r  rst
                         net (fo=0)                   0.000     0.000    rst
    U20                  IBUF (Prop_ibuf_I_O)         1.479     1.479 r  rst_IBUF_inst/O
                         net (fo=2, routed)           1.446     2.925    cntrB/reset
    SLICE_X43Y29         LUT2 (Prop_lut2_I0_O)        0.124     3.049 r  cntrB/val[9]_i_1__0/O
                         net (fo=20, routed)          1.122     4.171    cntrB/SR[0]
    SLICE_X41Y23         FDRE                                         r  cntrB/val_reg[2]/R
  -------------------------------------------------------------------    -------------------

                         (clock clk_out1_clk_wiz_0 rise edge)
                                                      0.000     0.000 r  <hidden>
    H16                                               0.000     0.000 r  clk
                         net (fo=0)                   0.000     0.000    clock_generator/inst/clk_in1
    H16                  IBUF (Prop_ibuf_I_O)         1.387     1.387 r  clock_generator/inst/clkin1_ibufg/O
                         net (fo=1, routed)           1.162     2.549    clock_generator/inst/clk_in1_clk_wiz_0
    MMCME2_ADV_X0Y1      MMCME2_ADV (Prop_mmcme2_adv_CLKIN1_CLKOUT0)
                                                     -7.105    -4.556 r  clock_generator/inst/mmcm_adv_inst/CLKOUT0
                         net (fo=1, routed)           1.599    -2.957    clock_generator/inst/clk_out1_clk_wiz_0
    BUFGCTRL_X0Y16       BUFG (Prop_bufg_I_O)         0.091    -2.866 r  clock_generator/inst/clkout1_buf/O
                         net (fo=20, routed)          1.564    -1.302    cntrB/CLK
    SLICE_X41Y23         FDRE                                         r  cntrB/val_reg[2]/C

Slack:                    inf
  Source:                 rst
                            (input port)
  Destination:            cntrB/val_reg[3]/R
                            (rising edge-triggered cell FDRE clocked by clk_out1_clk_wiz_0  {rise@0.000ns fall@71.429ns period=142.857ns})
  Path Group:             (none)
  Path Type:              Setup (Max at Slow Process Corner)
  Data Path Delay:        4.171ns  (logic 1.603ns (38.428%)  route 2.568ns (61.572%))
  Logic Levels:           2  (IBUF=1 LUT2=1)
  Clock Path Skew:        -1.302ns (DCD - SCD + CPR)
    Destination Clock Delay (DCD):    -1.302ns
    Source Clock Delay      (SCD):    0.000ns
    Clock Pessimism Removal (CPR):    0.000ns
  Clock Uncertainty:      0.518ns  ((TSJ^2 + DJ^2)^1/2) / 2 + PE
    Total System Jitter     (TSJ):    0.050ns
    Discrete Jitter          (DJ):    0.429ns
    Phase Error              (PE):    0.301ns

    Location             Delay type                Incr(ns)  Path(ns)    Netlist Resource(s)
  -------------------------------------------------------------------    -------------------
    U20                                               0.000     0.000 r  rst
                         net (fo=0)                   0.000     0.000    rst
    U20                  IBUF (Prop_ibuf_I_O)         1.479     1.479 r  rst_IBUF_inst/O
                         net (fo=2, routed)           1.446     2.925    cntrB/reset
    SLICE_X43Y29         LUT2 (Prop_lut2_I0_O)        0.124     3.049 r  cntrB/val[9]_i_1__0/O
                         net (fo=20, routed)          1.122     4.171    cntrB/SR[0]
    SLICE_X41Y23         FDRE                                         r  cntrB/val_reg[3]/R
  -------------------------------------------------------------------    -------------------

                         (clock clk_out1_clk_wiz_0 rise edge)
                                                      0.000     0.000 r  <hidden>
    H16                                               0.000     0.000 r  clk
                         net (fo=0)                   0.000     0.000    clock_generator/inst/clk_in1
    H16                  IBUF (Prop_ibuf_I_O)         1.387     1.387 r  clock_generator/inst/clkin1_ibufg/O
                         net (fo=1, routed)           1.162     2.549    clock_generator/inst/clk_in1_clk_wiz_0
    MMCME2_ADV_X0Y1      MMCME2_ADV (Prop_mmcme2_adv_CLKIN1_CLKOUT0)
                                                     -7.105    -4.556 r  clock_generator/inst/mmcm_adv_inst/CLKOUT0
                         net (fo=1, routed)           1.599    -2.957    clock_generator/inst/clk_out1_clk_wiz_0
    BUFGCTRL_X0Y16       BUFG (Prop_bufg_I_O)         0.091    -2.866 r  clock_generator/inst/clkout1_buf/O
                         net (fo=20, routed)          1.564    -1.302    cntrB/CLK
    SLICE_X41Y23         FDRE                                         r  cntrB/val_reg[3]/C

Slack:                    inf
  Source:                 rst
                            (input port)
  Destination:            cntrB/val_reg[4]/R
                            (rising edge-triggered cell FDRE clocked by clk_out1_clk_wiz_0  {rise@0.000ns fall@71.429ns period=142.857ns})
  Path Group:             (none)
  Path Type:              Setup (Max at Slow Process Corner)
  Data Path Delay:        4.171ns  (logic 1.603ns (38.428%)  route 2.568ns (61.572%))
  Logic Levels:           2  (IBUF=1 LUT2=1)
  Clock Path Skew:        -1.302ns (DCD - SCD + CPR)
    Destination Clock Delay (DCD):    -1.302ns
    Source Clock Delay      (SCD):    0.000ns
    Clock Pessimism Removal (CPR):    0.000ns
  Clock Uncertainty:      0.518ns  ((TSJ^2 + DJ^2)^1/2) / 2 + PE
    Total System Jitter     (TSJ):    0.050ns
    Discrete Jitter          (DJ):    0.429ns
    Phase Error              (PE):    0.301ns

    Location             Delay type                Incr(ns)  Path(ns)    Netlist Resource(s)
  -------------------------------------------------------------------    -------------------
    U20                                               0.000     0.000 r  rst
                         net (fo=0)                   0.000     0.000    rst
    U20                  IBUF (Prop_ibuf_I_O)         1.479     1.479 r  rst_IBUF_inst/O
                         net (fo=2, routed)           1.446     2.925    cntrB/reset
    SLICE_X43Y29         LUT2 (Prop_lut2_I0_O)        0.124     3.049 r  cntrB/val[9]_i_1__0/O
                         net (fo=20, routed)          1.122     4.171    cntrB/SR[0]
    SLICE_X41Y23         FDRE                                         r  cntrB/val_reg[4]/R
  -------------------------------------------------------------------    -------------------

                         (clock clk_out1_clk_wiz_0 rise edge)
                                                      0.000     0.000 r  <hidden>
    H16                                               0.000     0.000 r  clk
                         net (fo=0)                   0.000     0.000    clock_generator/inst/clk_in1
    H16                  IBUF (Prop_ibuf_I_O)         1.387     1.387 r  clock_generator/inst/clkin1_ibufg/O
                         net (fo=1, routed)           1.162     2.549    clock_generator/inst/clk_in1_clk_wiz_0
    MMCME2_ADV_X0Y1      MMCME2_ADV (Prop_mmcme2_adv_CLKIN1_CLKOUT0)
                                                     -7.105    -4.556 r  clock_generator/inst/mmcm_adv_inst/CLKOUT0
                         net (fo=1, routed)           1.599    -2.957    clock_generator/inst/clk_out1_clk_wiz_0
    BUFGCTRL_X0Y16       BUFG (Prop_bufg_I_O)         0.091    -2.866 r  clock_generator/inst/clkout1_buf/O
                         net (fo=20, routed)          1.564    -1.302    cntrB/CLK
    SLICE_X41Y23         FDRE                                         r  cntrB/val_reg[4]/C

Slack:                    inf
  Source:                 rst
                            (input port)
  Destination:            cntrB/val_reg[5]/R
                            (rising edge-triggered cell FDRE clocked by clk_out1_clk_wiz_0  {rise@0.000ns fall@71.429ns period=142.857ns})
  Path Group:             (none)
  Path Type:              Setup (Max at Slow Process Corner)
  Data Path Delay:        4.171ns  (logic 1.603ns (38.428%)  route 2.568ns (61.572%))
  Logic Levels:           2  (IBUF=1 LUT2=1)
  Clock Path Skew:        -1.302ns (DCD - SCD + CPR)
    Destination Clock Delay (DCD):    -1.302ns
    Source Clock Delay      (SCD):    0.000ns
    Clock Pessimism Removal (CPR):    0.000ns
  Clock Uncertainty:      0.518ns  ((TSJ^2 + DJ^2)^1/2) / 2 + PE
    Total System Jitter     (TSJ):    0.050ns
    Discrete Jitter          (DJ):    0.429ns
    Phase Error              (PE):    0.301ns

    Location             Delay type                Incr(ns)  Path(ns)    Netlist Resource(s)
  -------------------------------------------------------------------    -------------------
    U20                                               0.000     0.000 r  rst
                         net (fo=0)                   0.000     0.000    rst
    U20                  IBUF (Prop_ibuf_I_O)         1.479     1.479 r  rst_IBUF_inst/O
                         net (fo=2, routed)           1.446     2.925    cntrB/reset
    SLICE_X43Y29         LUT2 (Prop_lut2_I0_O)        0.124     3.049 r  cntrB/val[9]_i_1__0/O
                         net (fo=20, routed)          1.122     4.171    cntrB/SR[0]
    SLICE_X41Y23         FDRE                                         r  cntrB/val_reg[5]/R
  -------------------------------------------------------------------    -------------------

                         (clock clk_out1_clk_wiz_0 rise edge)
                                                      0.000     0.000 r  <hidden>
    H16                                               0.000     0.000 r  clk
                         net (fo=0)                   0.000     0.000    clock_generator/inst/clk_in1
    H16                  IBUF (Prop_ibuf_I_O)         1.387     1.387 r  clock_generator/inst/clkin1_ibufg/O
                         net (fo=1, routed)           1.162     2.549    clock_generator/inst/clk_in1_clk_wiz_0
    MMCME2_ADV_X0Y1      MMCME2_ADV (Prop_mmcme2_adv_CLKIN1_CLKOUT0)
                                                     -7.105    -4.556 r  clock_generator/inst/mmcm_adv_inst/CLKOUT0
                         net (fo=1, routed)           1.599    -2.957    clock_generator/inst/clk_out1_clk_wiz_0
    BUFGCTRL_X0Y16       BUFG (Prop_bufg_I_O)         0.091    -2.866 r  clock_generator/inst/clkout1_buf/O
                         net (fo=20, routed)          1.564    -1.302    cntrB/CLK
    SLICE_X41Y23         FDRE                                         r  cntrB/val_reg[5]/C

Slack:                    inf
  Source:                 rst
                            (input port)
  Destination:            cntrA/val_reg[0]/R
                            (rising edge-triggered cell FDRE clocked by clk_out1_clk_wiz_0  {rise@0.000ns fall@71.429ns period=142.857ns})
  Path Group:             (none)
  Path Type:              Setup (Max at Slow Process Corner)
  Data Path Delay:        4.017ns  (logic 1.603ns (39.894%)  route 2.415ns (60.106%))
  Logic Levels:           2  (IBUF=1 LUT2=1)
  Clock Path Skew:        -1.304ns (DCD - SCD + CPR)
    Destination Clock Delay (DCD):    -1.304ns
    Source Clock Delay      (SCD):    0.000ns
    Clock Pessimism Removal (CPR):    0.000ns
  Clock Uncertainty:      0.518ns  ((TSJ^2 + DJ^2)^1/2) / 2 + PE
    Total System Jitter     (TSJ):    0.050ns
    Discrete Jitter          (DJ):    0.429ns
    Phase Error              (PE):    0.301ns

    Location             Delay type                Incr(ns)  Path(ns)    Netlist Resource(s)
  -------------------------------------------------------------------    -------------------
    U20                                               0.000     0.000 r  rst
                         net (fo=0)                   0.000     0.000    rst
    U20                  IBUF (Prop_ibuf_I_O)         1.479     1.479 r  rst_IBUF_inst/O
                         net (fo=2, routed)           1.446     2.925    cntrB/reset
    SLICE_X43Y29         LUT2 (Prop_lut2_I0_O)        0.124     3.049 r  cntrB/val[9]_i_1__0/O
                         net (fo=20, routed)          0.968     4.017    cntrA/SR[0]
    SLICE_X41Y24         FDRE                                         r  cntrA/val_reg[0]/R
  -------------------------------------------------------------------    -------------------

                         (clock clk_out1_clk_wiz_0 rise edge)
                                                      0.000     0.000 r  <hidden>
    H16                                               0.000     0.000 r  clk
                         net (fo=0)                   0.000     0.000    clock_generator/inst/clk_in1
    H16                  IBUF (Prop_ibuf_I_O)         1.387     1.387 r  clock_generator/inst/clkin1_ibufg/O
                         net (fo=1, routed)           1.162     2.549    clock_generator/inst/clk_in1_clk_wiz_0
    MMCME2_ADV_X0Y1      MMCME2_ADV (Prop_mmcme2_adv_CLKIN1_CLKOUT0)
                                                     -7.105    -4.556 r  clock_generator/inst/mmcm_adv_inst/CLKOUT0
                         net (fo=1, routed)           1.599    -2.957    clock_generator/inst/clk_out1_clk_wiz_0
    BUFGCTRL_X0Y16       BUFG (Prop_bufg_I_O)         0.091    -2.866 r  clock_generator/inst/clkout1_buf/O
                         net (fo=20, routed)          1.562    -1.304    cntrA/CLK
    SLICE_X41Y24         FDRE                                         r  cntrA/val_reg[0]/C





Min Delay Paths
--------------------------------------------------------------------------------------
Slack:                    inf
  Source:                 sw[0]
                            (input port)
  Destination:            cntrA/val_reg[2]/CE
                            (rising edge-triggered cell FDRE clocked by clk_out1_clk_wiz_0  {rise@0.000ns fall@71.429ns period=142.857ns})
  Path Group:             (none)
  Path Type:              Hold (Min at Fast Process Corner)
  Data Path Delay:        0.808ns  (logic 0.215ns (26.624%)  route 0.593ns (73.376%))
  Logic Levels:           1  (IBUF=1)
  Clock Path Skew:        -0.750ns (DCD - SCD - CPR)
    Destination Clock Delay (DCD):    -0.750ns
    Source Clock Delay      (SCD):    0.000ns
    Clock Pessimism Removal (CPR):    -0.000ns

    Location             Delay type                Incr(ns)  Path(ns)    Netlist Resource(s)
  -------------------------------------------------------------------    -------------------
    R17                                               0.000     0.000 r  sw[0]
                         net (fo=0)                   0.000     0.000    sw[0]
    R17                  IBUF (Prop_ibuf_I_O)         0.215     0.215 r  sw_IBUF[0]_inst/O
                         net (fo=11, routed)          0.593     0.808    cntrA/E[0]
    SLICE_X42Y24         FDRE                                         r  cntrA/val_reg[2]/CE
  -------------------------------------------------------------------    -------------------

                         (clock clk_out1_clk_wiz_0 rise edge)
                                                      0.000     0.000 r  <hidden>
    H16                                               0.000     0.000 r  clk
                         net (fo=0)                   0.000     0.000    clock_generator/inst/clk_in1
    H16                  IBUF (Prop_ibuf_I_O)         0.413     0.413 r  clock_generator/inst/clkin1_ibufg/O
                         net (fo=1, routed)           0.480     0.893    clock_generator/inst/clk_in1_clk_wiz_0
    MMCME2_ADV_X0Y1      MMCME2_ADV (Prop_mmcme2_adv_CLKIN1_CLKOUT0)
                                                     -3.047    -2.154 r  clock_generator/inst/mmcm_adv_inst/CLKOUT0
                         net (fo=1, routed)           0.528    -1.626    clock_generator/inst/clk_out1_clk_wiz_0
    BUFGCTRL_X0Y16       BUFG (Prop_bufg_I_O)         0.029    -1.597 r  clock_generator/inst/clkout1_buf/O
                         net (fo=20, routed)          0.847    -0.750    cntrA/CLK
    SLICE_X42Y24         FDRE                                         r  cntrA/val_reg[2]/C

Slack:                    inf
  Source:                 sw[0]
                            (input port)
  Destination:            cntrA/val_reg[3]/CE
                            (rising edge-triggered cell FDRE clocked by clk_out1_clk_wiz_0  {rise@0.000ns fall@71.429ns period=142.857ns})
  Path Group:             (none)
  Path Type:              Hold (Min at Fast Process Corner)
  Data Path Delay:        0.911ns  (logic 0.215ns (23.605%)  route 0.696ns (76.395%))
  Logic Levels:           1  (IBUF=1)
  Clock Path Skew:        -0.750ns (DCD - SCD - CPR)
    Destination Clock Delay (DCD):    -0.750ns
    Source Clock Delay      (SCD):    0.000ns
    Clock Pessimism Removal (CPR):    -0.000ns

    Location             Delay type                Incr(ns)  Path(ns)    Netlist Resource(s)
  -------------------------------------------------------------------    -------------------
    R17                                               0.000     0.000 r  sw[0]
                         net (fo=0)                   0.000     0.000    sw[0]
    R17                  IBUF (Prop_ibuf_I_O)         0.215     0.215 r  sw_IBUF[0]_inst/O
                         net (fo=11, routed)          0.696     0.911    cntrA/E[0]
    SLICE_X43Y25         FDRE                                         r  cntrA/val_reg[3]/CE
  -------------------------------------------------------------------    -------------------

                         (clock clk_out1_clk_wiz_0 rise edge)
                                                      0.000     0.000 r  <hidden>
    H16                                               0.000     0.000 r  clk
                         net (fo=0)                   0.000     0.000    clock_generator/inst/clk_in1
    H16                  IBUF (Prop_ibuf_I_O)         0.413     0.413 r  clock_generator/inst/clkin1_ibufg/O
                         net (fo=1, routed)           0.480     0.893    clock_generator/inst/clk_in1_clk_wiz_0
    MMCME2_ADV_X0Y1      MMCME2_ADV (Prop_mmcme2_adv_CLKIN1_CLKOUT0)
                                                     -3.047    -2.154 r  clock_generator/inst/mmcm_adv_inst/CLKOUT0
                         net (fo=1, routed)           0.528    -1.626    clock_generator/inst/clk_out1_clk_wiz_0
    BUFGCTRL_X0Y16       BUFG (Prop_bufg_I_O)         0.029    -1.597 r  clock_generator/inst/clkout1_buf/O
                         net (fo=20, routed)          0.847    -0.750    cntrA/CLK
    SLICE_X43Y25         FDRE                                         r  cntrA/val_reg[3]/C

Slack:                    inf
  Source:                 sw[0]
                            (input port)
  Destination:            cntrA/val_reg[4]/CE
                            (rising edge-triggered cell FDRE clocked by clk_out1_clk_wiz_0  {rise@0.000ns fall@71.429ns period=142.857ns})
  Path Group:             (none)
  Path Type:              Hold (Min at Fast Process Corner)
  Data Path Delay:        0.911ns  (logic 0.215ns (23.605%)  route 0.696ns (76.395%))
  Logic Levels:           1  (IBUF=1)
  Clock Path Skew:        -0.750ns (DCD - SCD - CPR)
    Destination Clock Delay (DCD):    -0.750ns
    Source Clock Delay      (SCD):    0.000ns
    Clock Pessimism Removal (CPR):    -0.000ns

    Location             Delay type                Incr(ns)  Path(ns)    Netlist Resource(s)
  -------------------------------------------------------------------    -------------------
    R17                                               0.000     0.000 r  sw[0]
                         net (fo=0)                   0.000     0.000    sw[0]
    R17                  IBUF (Prop_ibuf_I_O)         0.215     0.215 r  sw_IBUF[0]_inst/O
                         net (fo=11, routed)          0.696     0.911    cntrA/E[0]
    SLICE_X43Y25         FDRE                                         r  cntrA/val_reg[4]/CE
  -------------------------------------------------------------------    -------------------

                         (clock clk_out1_clk_wiz_0 rise edge)
                                                      0.000     0.000 r  <hidden>
    H16                                               0.000     0.000 r  clk
                         net (fo=0)                   0.000     0.000    clock_generator/inst/clk_in1
    H16                  IBUF (Prop_ibuf_I_O)         0.413     0.413 r  clock_generator/inst/clkin1_ibufg/O
                         net (fo=1, routed)           0.480     0.893    clock_generator/inst/clk_in1_clk_wiz_0
    MMCME2_ADV_X0Y1      MMCME2_ADV (Prop_mmcme2_adv_CLKIN1_CLKOUT0)
                                                     -3.047    -2.154 r  clock_generator/inst/mmcm_adv_inst/CLKOUT0
                         net (fo=1, routed)           0.528    -1.626    clock_generator/inst/clk_out1_clk_wiz_0
    BUFGCTRL_X0Y16       BUFG (Prop_bufg_I_O)         0.029    -1.597 r  clock_generator/inst/clkout1_buf/O
                         net (fo=20, routed)          0.847    -0.750    cntrA/CLK
    SLICE_X43Y25         FDRE                                         r  cntrA/val_reg[4]/C

Slack:                    inf
  Source:                 sw[0]
                            (input port)
  Destination:            cntrA/val_reg[5]/CE
                            (rising edge-triggered cell FDRE clocked by clk_out1_clk_wiz_0  {rise@0.000ns fall@71.429ns period=142.857ns})
  Path Group:             (none)
  Path Type:              Hold (Min at Fast Process Corner)
  Data Path Delay:        0.911ns  (logic 0.215ns (23.605%)  route 0.696ns (76.395%))
  Logic Levels:           1  (IBUF=1)
  Clock Path Skew:        -0.750ns (DCD - SCD - CPR)
    Destination Clock Delay (DCD):    -0.750ns
    Source Clock Delay      (SCD):    0.000ns
    Clock Pessimism Removal (CPR):    -0.000ns

    Location             Delay type                Incr(ns)  Path(ns)    Netlist Resource(s)
  -------------------------------------------------------------------    -------------------
    R17                                               0.000     0.000 r  sw[0]
                         net (fo=0)                   0.000     0.000    sw[0]
    R17                  IBUF (Prop_ibuf_I_O)         0.215     0.215 r  sw_IBUF[0]_inst/O
                         net (fo=11, routed)          0.696     0.911    cntrA/E[0]
    SLICE_X43Y25         FDRE                                         r  cntrA/val_reg[5]/CE
  -------------------------------------------------------------------    -------------------

                         (clock clk_out1_clk_wiz_0 rise edge)
                                                      0.000     0.000 r  <hidden>
    H16                                               0.000     0.000 r  clk
                         net (fo=0)                   0.000     0.000    clock_generator/inst/clk_in1
    H16                  IBUF (Prop_ibuf_I_O)         0.413     0.413 r  clock_generator/inst/clkin1_ibufg/O
                         net (fo=1, routed)           0.480     0.893    clock_generator/inst/clk_in1_clk_wiz_0
    MMCME2_ADV_X0Y1      MMCME2_ADV (Prop_mmcme2_adv_CLKIN1_CLKOUT0)
                                                     -3.047    -2.154 r  clock_generator/inst/mmcm_adv_inst/CLKOUT0
                         net (fo=1, routed)           0.528    -1.626    clock_generator/inst/clk_out1_clk_wiz_0
    BUFGCTRL_X0Y16       BUFG (Prop_bufg_I_O)         0.029    -1.597 r  clock_generator/inst/clkout1_buf/O
                         net (fo=20, routed)          0.847    -0.750    cntrA/CLK
    SLICE_X43Y25         FDRE                                         r  cntrA/val_reg[5]/C

Slack:                    inf
  Source:                 sw[0]
                            (input port)
  Destination:            cntrA/val_reg[6]/CE
                            (rising edge-triggered cell FDRE clocked by clk_out1_clk_wiz_0  {rise@0.000ns fall@71.429ns period=142.857ns})
  Path Group:             (none)
  Path Type:              Hold (Min at Fast Process Corner)
  Data Path Delay:        0.911ns  (logic 0.215ns (23.605%)  route 0.696ns (76.395%))
  Logic Levels:           1  (IBUF=1)
  Clock Path Skew:        -0.750ns (DCD - SCD - CPR)
    Destination Clock Delay (DCD):    -0.750ns
    Source Clock Delay      (SCD):    0.000ns
    Clock Pessimism Removal (CPR):    -0.000ns

    Location             Delay type                Incr(ns)  Path(ns)    Netlist Resource(s)
  -------------------------------------------------------------------    -------------------
    R17                                               0.000     0.000 r  sw[0]
                         net (fo=0)                   0.000     0.000    sw[0]
    R17                  IBUF (Prop_ibuf_I_O)         0.215     0.215 r  sw_IBUF[0]_inst/O
                         net (fo=11, routed)          0.696     0.911    cntrA/E[0]
    SLICE_X42Y25         FDRE                                         r  cntrA/val_reg[6]/CE
  -------------------------------------------------------------------    -------------------

                         (clock clk_out1_clk_wiz_0 rise edge)
                                                      0.000     0.000 r  <hidden>
    H16                                               0.000     0.000 r  clk
                         net (fo=0)                   0.000     0.000    clock_generator/inst/clk_in1
    H16                  IBUF (Prop_ibuf_I_O)         0.413     0.413 r  clock_generator/inst/clkin1_ibufg/O
                         net (fo=1, routed)           0.480     0.893    clock_generator/inst/clk_in1_clk_wiz_0
    MMCME2_ADV_X0Y1      MMCME2_ADV (Prop_mmcme2_adv_CLKIN1_CLKOUT0)
                                                     -3.047    -2.154 r  clock_generator/inst/mmcm_adv_inst/CLKOUT0
                         net (fo=1, routed)           0.528    -1.626    clock_generator/inst/clk_out1_clk_wiz_0
    BUFGCTRL_X0Y16       BUFG (Prop_bufg_I_O)         0.029    -1.597 r  clock_generator/inst/clkout1_buf/O
                         net (fo=20, routed)          0.847    -0.750    cntrA/CLK
    SLICE_X42Y25         FDRE                                         r  cntrA/val_reg[6]/C

Slack:                    inf
  Source:                 sw[0]
                            (input port)
  Destination:            cntrA/val_reg[7]/CE
                            (rising edge-triggered cell FDRE clocked by clk_out1_clk_wiz_0  {rise@0.000ns fall@71.429ns period=142.857ns})
  Path Group:             (none)
  Path Type:              Hold (Min at Fast Process Corner)
  Data Path Delay:        0.911ns  (logic 0.215ns (23.605%)  route 0.696ns (76.395%))
  Logic Levels:           1  (IBUF=1)
  Clock Path Skew:        -0.750ns (DCD - SCD - CPR)
    Destination Clock Delay (DCD):    -0.750ns
    Source Clock Delay      (SCD):    0.000ns
    Clock Pessimism Removal (CPR):    -0.000ns

    Location             Delay type                Incr(ns)  Path(ns)    Netlist Resource(s)
  -------------------------------------------------------------------    -------------------
    R17                                               0.000     0.000 r  sw[0]
                         net (fo=0)                   0.000     0.000    sw[0]
    R17                  IBUF (Prop_ibuf_I_O)         0.215     0.215 r  sw_IBUF[0]_inst/O
                         net (fo=11, routed)          0.696     0.911    cntrA/E[0]
    SLICE_X42Y25         FDRE                                         r  cntrA/val_reg[7]/CE
  -------------------------------------------------------------------    -------------------

                         (clock clk_out1_clk_wiz_0 rise edge)
                                                      0.000     0.000 r  <hidden>
    H16                                               0.000     0.000 r  clk
                         net (fo=0)                   0.000     0.000    clock_generator/inst/clk_in1
    H16                  IBUF (Prop_ibuf_I_O)         0.413     0.413 r  clock_generator/inst/clkin1_ibufg/O
                         net (fo=1, routed)           0.480     0.893    clock_generator/inst/clk_in1_clk_wiz_0
    MMCME2_ADV_X0Y1      MMCME2_ADV (Prop_mmcme2_adv_CLKIN1_CLKOUT0)
                                                     -3.047    -2.154 r  clock_generator/inst/mmcm_adv_inst/CLKOUT0
                         net (fo=1, routed)           0.528    -1.626    clock_generator/inst/clk_out1_clk_wiz_0
    BUFGCTRL_X0Y16       BUFG (Prop_bufg_I_O)         0.029    -1.597 r  clock_generator/inst/clkout1_buf/O
                         net (fo=20, routed)          0.847    -0.750    cntrA/CLK
    SLICE_X42Y25         FDRE                                         r  cntrA/val_reg[7]/C

Slack:                    inf
  Source:                 sw[0]
                            (input port)
  Destination:            cntrA/val_reg[8]/CE
                            (rising edge-triggered cell FDRE clocked by clk_out1_clk_wiz_0  {rise@0.000ns fall@71.429ns period=142.857ns})
  Path Group:             (none)
  Path Type:              Hold (Min at Fast Process Corner)
  Data Path Delay:        0.911ns  (logic 0.215ns (23.605%)  route 0.696ns (76.395%))
  Logic Levels:           1  (IBUF=1)
  Clock Path Skew:        -0.750ns (DCD - SCD - CPR)
    Destination Clock Delay (DCD):    -0.750ns
    Source Clock Delay      (SCD):    0.000ns
    Clock Pessimism Removal (CPR):    -0.000ns

    Location             Delay type                Incr(ns)  Path(ns)    Netlist Resource(s)
  -------------------------------------------------------------------    -------------------
    R17                                               0.000     0.000 r  sw[0]
                         net (fo=0)                   0.000     0.000    sw[0]
    R17                  IBUF (Prop_ibuf_I_O)         0.215     0.215 r  sw_IBUF[0]_inst/O
                         net (fo=11, routed)          0.696     0.911    cntrA/E[0]
    SLICE_X42Y25         FDRE                                         r  cntrA/val_reg[8]/CE
  -------------------------------------------------------------------    -------------------

                         (clock clk_out1_clk_wiz_0 rise edge)
                                                      0.000     0.000 r  <hidden>
    H16                                               0.000     0.000 r  clk
                         net (fo=0)                   0.000     0.000    clock_generator/inst/clk_in1
    H16                  IBUF (Prop_ibuf_I_O)         0.413     0.413 r  clock_generator/inst/clkin1_ibufg/O
                         net (fo=1, routed)           0.480     0.893    clock_generator/inst/clk_in1_clk_wiz_0
    MMCME2_ADV_X0Y1      MMCME2_ADV (Prop_mmcme2_adv_CLKIN1_CLKOUT0)
                                                     -3.047    -2.154 r  clock_generator/inst/mmcm_adv_inst/CLKOUT0
                         net (fo=1, routed)           0.528    -1.626    clock_generator/inst/clk_out1_clk_wiz_0
    BUFGCTRL_X0Y16       BUFG (Prop_bufg_I_O)         0.029    -1.597 r  clock_generator/inst/clkout1_buf/O
                         net (fo=20, routed)          0.847    -0.750    cntrA/CLK
    SLICE_X42Y25         FDRE                                         r  cntrA/val_reg[8]/C

Slack:                    inf
  Source:                 sw[0]
                            (input port)
  Destination:            cntrA/val_reg[9]/CE
                            (rising edge-triggered cell FDRE clocked by clk_out1_clk_wiz_0  {rise@0.000ns fall@71.429ns period=142.857ns})
  Path Group:             (none)
  Path Type:              Hold (Min at Fast Process Corner)
  Data Path Delay:        0.911ns  (logic 0.215ns (23.605%)  route 0.696ns (76.395%))
  Logic Levels:           1  (IBUF=1)
  Clock Path Skew:        -0.750ns (DCD - SCD - CPR)
    Destination Clock Delay (DCD):    -0.750ns
    Source Clock Delay      (SCD):    0.000ns
    Clock Pessimism Removal (CPR):    -0.000ns

    Location             Delay type                Incr(ns)  Path(ns)    Netlist Resource(s)
  -------------------------------------------------------------------    -------------------
    R17                                               0.000     0.000 r  sw[0]
                         net (fo=0)                   0.000     0.000    sw[0]
    R17                  IBUF (Prop_ibuf_I_O)         0.215     0.215 r  sw_IBUF[0]_inst/O
                         net (fo=11, routed)          0.696     0.911    cntrA/E[0]
    SLICE_X42Y25         FDRE                                         r  cntrA/val_reg[9]/CE
  -------------------------------------------------------------------    -------------------

                         (clock clk_out1_clk_wiz_0 rise edge)
                                                      0.000     0.000 r  <hidden>
    H16                                               0.000     0.000 r  clk
                         net (fo=0)                   0.000     0.000    clock_generator/inst/clk_in1
    H16                  IBUF (Prop_ibuf_I_O)         0.413     0.413 r  clock_generator/inst/clkin1_ibufg/O
                         net (fo=1, routed)           0.480     0.893    clock_generator/inst/clk_in1_clk_wiz_0
    MMCME2_ADV_X0Y1      MMCME2_ADV (Prop_mmcme2_adv_CLKIN1_CLKOUT0)
                                                     -3.047    -2.154 r  clock_generator/inst/mmcm_adv_inst/CLKOUT0
                         net (fo=1, routed)           0.528    -1.626    clock_generator/inst/clk_out1_clk_wiz_0
    BUFGCTRL_X0Y16       BUFG (Prop_bufg_I_O)         0.029    -1.597 r  clock_generator/inst/clkout1_buf/O
                         net (fo=20, routed)          0.847    -0.750    cntrA/CLK
    SLICE_X42Y25         FDRE                                         r  cntrA/val_reg[9]/C

Slack:                    inf
  Source:                 sw[0]
                            (input port)
  Destination:            cntrA/val_reg[0]/CE
                            (rising edge-triggered cell FDRE clocked by clk_out1_clk_wiz_0  {rise@0.000ns fall@71.429ns period=142.857ns})
  Path Group:             (none)
  Path Type:              Hold (Min at Fast Process Corner)
  Data Path Delay:        0.983ns  (logic 0.215ns (21.881%)  route 0.768ns (78.119%))
  Logic Levels:           1  (IBUF=1)
  Clock Path Skew:        -0.750ns (DCD - SCD - CPR)
    Destination Clock Delay (DCD):    -0.750ns
    Source Clock Delay      (SCD):    0.000ns
    Clock Pessimism Removal (CPR):    -0.000ns

    Location             Delay type                Incr(ns)  Path(ns)    Netlist Resource(s)
  -------------------------------------------------------------------    -------------------
    R17                                               0.000     0.000 r  sw[0]
                         net (fo=0)                   0.000     0.000    sw[0]
    R17                  IBUF (Prop_ibuf_I_O)         0.215     0.215 r  sw_IBUF[0]_inst/O
                         net (fo=11, routed)          0.768     0.983    cntrA/E[0]
    SLICE_X41Y24         FDRE                                         r  cntrA/val_reg[0]/CE
  -------------------------------------------------------------------    -------------------

                         (clock clk_out1_clk_wiz_0 rise edge)
                                                      0.000     0.000 r  <hidden>
    H16                                               0.000     0.000 r  clk
                         net (fo=0)                   0.000     0.000    clock_generator/inst/clk_in1
    H16                  IBUF (Prop_ibuf_I_O)         0.413     0.413 r  clock_generator/inst/clkin1_ibufg/O
                         net (fo=1, routed)           0.480     0.893    clock_generator/inst/clk_in1_clk_wiz_0
    MMCME2_ADV_X0Y1      MMCME2_ADV (Prop_mmcme2_adv_CLKIN1_CLKOUT0)
                                                     -3.047    -2.154 r  clock_generator/inst/mmcm_adv_inst/CLKOUT0
                         net (fo=1, routed)           0.528    -1.626    clock_generator/inst/clk_out1_clk_wiz_0
    BUFGCTRL_X0Y16       BUFG (Prop_bufg_I_O)         0.029    -1.597 r  clock_generator/inst/clkout1_buf/O
                         net (fo=20, routed)          0.847    -0.750    cntrA/CLK
    SLICE_X41Y24         FDRE                                         r  cntrA/val_reg[0]/C

Slack:                    inf
  Source:                 sw[0]
                            (input port)
  Destination:            cntrA/val_reg[1]/CE
                            (rising edge-triggered cell FDRE clocked by clk_out1_clk_wiz_0  {rise@0.000ns fall@71.429ns period=142.857ns})
  Path Group:             (none)
  Path Type:              Hold (Min at Fast Process Corner)
  Data Path Delay:        0.983ns  (logic 0.215ns (21.881%)  route 0.768ns (78.119%))
  Logic Levels:           1  (IBUF=1)
  Clock Path Skew:        -0.750ns (DCD - SCD - CPR)
    Destination Clock Delay (DCD):    -0.750ns
    Source Clock Delay      (SCD):    0.000ns
    Clock Pessimism Removal (CPR):    -0.000ns

    Location             Delay type                Incr(ns)  Path(ns)    Netlist Resource(s)
  -------------------------------------------------------------------    -------------------
    R17                                               0.000     0.000 r  sw[0]
                         net (fo=0)                   0.000     0.000    sw[0]
    R17                  IBUF (Prop_ibuf_I_O)         0.215     0.215 r  sw_IBUF[0]_inst/O
                         net (fo=11, routed)          0.768     0.983    cntrA/E[0]
    SLICE_X41Y24         FDRE                                         r  cntrA/val_reg[1]/CE
  -------------------------------------------------------------------    -------------------

                         (clock clk_out1_clk_wiz_0 rise edge)
                                                      0.000     0.000 r  <hidden>
    H16                                               0.000     0.000 r  clk
                         net (fo=0)                   0.000     0.000    clock_generator/inst/clk_in1
    H16                  IBUF (Prop_ibuf_I_O)         0.413     0.413 r  clock_generator/inst/clkin1_ibufg/O
                         net (fo=1, routed)           0.480     0.893    clock_generator/inst/clk_in1_clk_wiz_0
    MMCME2_ADV_X0Y1      MMCME2_ADV (Prop_mmcme2_adv_CLKIN1_CLKOUT0)
                                                     -3.047    -2.154 r  clock_generator/inst/mmcm_adv_inst/CLKOUT0
                         net (fo=1, routed)           0.528    -1.626    clock_generator/inst/clk_out1_clk_wiz_0
    BUFGCTRL_X0Y16       BUFG (Prop_bufg_I_O)         0.029    -1.597 r  clock_generator/inst/clkout1_buf/O
                         net (fo=20, routed)          0.847    -0.750    cntrA/CLK
    SLICE_X41Y24         FDRE                                         r  cntrA/val_reg[1]/C





