Copyright 1986-2022 Xilinx, Inc. All Rights Reserved. Copyright 2022-2025 Advanced Micro Devices, Inc. All Rights Reserved.
---------------------------------------------------------------------------------------------------------------------------------------------------------------------------------------------------------------------------------------------
| Tool Version : Vivado v.2025.2 (lin64) Build 6299465 Fri Nov 14 12:34:56 MST 2025
| Date         : Wed Sep 23 16:25:12 2026
| Host         : Tyrion running 64-bit Ubuntu 26.04.1 LTS
| Command      : report_timing_summary -max_paths 10 -routable_nets -report_unconstrained -file vga_wrapper_timing_summary_routed.rpt -pb vga_wrapper_timing_summary_routed.pb -rpx vga_wrapper_timing_summary_routed.rpx -warn_on_violation
| Design       : vga_wrapper
| Device       : 7z007s-clg400
| Speed File   : -1  PRODUCTION 1.12 2019-11-22
| Design State : Routed
---------------------------------------------------------------------------------------------------------------------------------------------------------------------------------------------------------------------------------------------

Timing Summary Report

------------------------------------------------------------------------------------------------
| Timer Settings
| --------------
------------------------------------------------------------------------------------------------

  Enable Multi Corner Analysis               :  Yes
  Enable Pessimism Removal                   :  Yes
  Pessimism Removal Resolution               :  Nearest Common Node
  Enable Input Delay Default Clock           :  No
  Enable Preset / Clear Arcs                 :  No
  Disable Flight Delays                      :  No
  Ignore I/O Paths                           :  No
  Timing Early Launch at Borrowing Latches   :  No
  Borrow Time for Max Delay Exceptions       :  Yes
  Merge Timing Exceptions                    :  Yes
  Inter-SLR Compensation                     :  Conservative

  Corner  Analyze    Analyze    
  Name    Max Paths  Min Paths  
  ------  ---------  ---------  
  Slow    Yes        Yes        
  Fast    Yes        Yes        


------------------------------------------------------------------------------------------------
| Report Methodology
| ------------------
------------------------------------------------------------------------------------------------

Rule     Severity  Description                   Violations  
-------  --------  ----------------------------  ----------  
LUTAR-1  Warning   LUT drives async reset alert  1           

Note: This report is based on the most recent report_methodology run and may not be up-to-date. Run report_methodology on the current design for the latest report.



check_timing report

Table of Contents
-----------------
1. checking no_clock (0)
2. checking constant_clock (0)
3. checking pulse_width_clock (0)
4. checking unconstrained_internal_endpoints (0)
5. checking no_input_delay (1)
6. checking no_output_delay (4)
7. checking multiple_clock (0)
8. checking generated_clocks (0)
9. checking loops (0)
10. checking partial_input_delay (0)
11. checking partial_output_delay (0)
12. checking latch_loops (0)

1. checking no_clock (0)
------------------------
 There are 0 register/latch pins with no clock.


2. checking constant_clock (0)
------------------------------
 There are 0 register/latch pins with constant_clock.


3. checking pulse_width_clock (0)
---------------------------------
 There are 0 register/latch pins which need pulse_width check


4. checking unconstrained_internal_endpoints (0)
------------------------------------------------
 There are 0 pins that are not constrained for maximum delay.

 There are 0 pins that are not constrained for maximum delay due to constant clock.


5. checking no_input_delay (1)
------------------------------
 There is 1 input port with no input delay specified. (HIGH)

 There are 0 input ports with no input delay but user has a false path constraint.


6. checking no_output_delay (4)
-------------------------------
 There are 4 ports with no output delay specified. (HIGH)

 There are 0 ports with no output delay but user has a false path constraint

 There are 0 ports with no output delay but with a timing clock defined on it or propagating through it


7. checking multiple_clock (0)
------------------------------
 There are 0 register/latch pins with multiple clocks.


8. checking generated_clocks (0)
--------------------------------
 There are 0 generated clocks that are not connected to a clock source.


9. checking loops (0)
---------------------
 There are 0 combinational loops in the design.


10. checking partial_input_delay (0)
------------------------------------
 There are 0 input ports with partial input delay specified.


11. checking partial_output_delay (0)
-------------------------------------
 There are 0 ports with partial output delay specified.


12. checking latch_loops (0)
----------------------------
 There are 0 combinational latch loops in the design through latch input



------------------------------------------------------------------------------------------------
| Design Timing Summary
| ---------------------
------------------------------------------------------------------------------------------------

    WNS(ns)      TNS(ns)  TNS Failing Endpoints  TNS Total Endpoints      WHS(ns)      THS(ns)  THS Failing Endpoints  THS Total Endpoints     WPWS(ns)     TPWS(ns)  TPWS Failing Endpoints  TPWS Total Endpoints  
    -------      -------  ---------------------  -------------------      -------      -------  ---------------------  -------------------     --------     --------  ----------------------  --------------------  
     35.338        0.000                      0                  212        0.152        0.000                      0                  212        3.000        0.000                       0                   202  


All user specified timing constraints are met.


------------------------------------------------------------------------------------------------
| Clock Summary
| -------------
------------------------------------------------------------------------------------------------

Clock                 Waveform(ns)         Period(ns)      Frequency(MHz)
-----                 ------------         ----------      --------------
clk                   {0.000 5.000}        10.000          100.000         
  clk_out1_clk_wiz_0  {0.000 20.000}       40.000          25.000          
  clk_out2_clk_wiz_0  {0.000 4.000}        8.000           125.000         
  clkfbout_clk_wiz_0  {0.000 5.000}        10.000          100.000         


------------------------------------------------------------------------------------------------
| Intra Clock Table
| -----------------
------------------------------------------------------------------------------------------------

Clock                     WNS(ns)      TNS(ns)  TNS Failing Endpoints  TNS Total Endpoints      WHS(ns)      THS(ns)  THS Failing Endpoints  THS Total Endpoints     WPWS(ns)     TPWS(ns)  TPWS Failing Endpoints  TPWS Total Endpoints  
-----                     -------      -------  ---------------------  -------------------      -------      -------  ---------------------  -------------------     --------     --------  ----------------------  --------------------  
clk                                                                                                                                                                     3.000        0.000                       0                     1  
  clk_out1_clk_wiz_0       35.338        0.000                      0                  212        0.152        0.000                      0                  212       19.020        0.000                       0                   188  
  clk_out2_clk_wiz_0                                                                                                                                                    5.845        0.000                       0                    10  
  clkfbout_clk_wiz_0                                                                                                                                                    7.845        0.000                       0                     3  


------------------------------------------------------------------------------------------------
| Inter Clock Table
| -----------------
------------------------------------------------------------------------------------------------

From Clock    To Clock          WNS(ns)      TNS(ns)  TNS Failing Endpoints  TNS Total Endpoints      WHS(ns)      THS(ns)  THS Failing Endpoints  THS Total Endpoints  
----------    --------          -------      -------  ---------------------  -------------------      -------      -------  ---------------------  -------------------  


------------------------------------------------------------------------------------------------
| Other Path Groups Table
| -----------------------
------------------------------------------------------------------------------------------------

Path Group    From Clock    To Clock          WNS(ns)      TNS(ns)  TNS Failing Endpoints  TNS Total Endpoints      WHS(ns)      THS(ns)  THS Failing Endpoints  THS Total Endpoints  
----------    ----------    --------          -------      -------  ---------------------  -------------------      -------      -------  ---------------------  -------------------  


------------------------------------------------------------------------------------------------
| User Ignored Path Table
| -----------------------
------------------------------------------------------------------------------------------------

Path Group    From Clock    To Clock    
----------    ----------    --------    


------------------------------------------------------------------------------------------------
| Unconstrained Path Table
| ------------------------
------------------------------------------------------------------------------------------------

Path Group          From Clock          To Clock          
----------          ----------          --------          
(none)              clk_out2_clk_wiz_0                      
(none)                                  clk_out1_clk_wiz_0  


------------------------------------------------------------------------------------------------
| Timing Details
| --------------
------------------------------------------------------------------------------------------------


---------------------------------------------------------------------------------------------------
From Clock:  clk
  To Clock:  clk

Setup :           NA  Failing Endpoints,  Worst Slack           NA  ,  Total Violation           NA
Hold  :           NA  Failing Endpoints,  Worst Slack           NA  ,  Total Violation           NA
PW    :            0  Failing Endpoints,  Worst Slack        3.000ns,  Total Violation        0.000ns
---------------------------------------------------------------------------------------------------


Pulse Width Checks
--------------------------------------------------------------------------------------
Clock Name:         clk
Waveform(ns):       { 0.000 5.000 }
Period(ns):         10.000
Sources:            { clk }

Check Type        Corner  Lib Pin            Reference Pin  Required(ns)  Actual(ns)  Slack(ns)  Location         Pin
Min Period        n/a     MMCME2_ADV/CLKIN1  n/a            1.249         10.000      8.751      MMCME2_ADV_X0Y1  clk_wiz/inst/mmcm_adv_inst/CLKIN1
Max Period        n/a     MMCME2_ADV/CLKIN1  n/a            100.000       10.000      90.000     MMCME2_ADV_X0Y1  clk_wiz/inst/mmcm_adv_inst/CLKIN1
Low Pulse Width   Slow    MMCME2_ADV/CLKIN1  n/a            2.000         5.000       3.000      MMCME2_ADV_X0Y1  clk_wiz/inst/mmcm_adv_inst/CLKIN1
Low Pulse Width   Fast    MMCME2_ADV/CLKIN1  n/a            2.000         5.000       3.000      MMCME2_ADV_X0Y1  clk_wiz/inst/mmcm_adv_inst/CLKIN1
High Pulse Width  Slow    MMCME2_ADV/CLKIN1  n/a            2.000         5.000       3.000      MMCME2_ADV_X0Y1  clk_wiz/inst/mmcm_adv_inst/CLKIN1
High Pulse Width  Fast    MMCME2_ADV/CLKIN1  n/a            2.000         5.000       3.000      MMCME2_ADV_X0Y1  clk_wiz/inst/mmcm_adv_inst/CLKIN1



---------------------------------------------------------------------------------------------------
From Clock:  clk_out1_clk_wiz_0
  To Clock:  clk_out1_clk_wiz_0

Setup :            0  Failing Endpoints,  Worst Slack       35.338ns,  Total Violation        0.000ns
Hold  :            0  Failing Endpoints,  Worst Slack        0.152ns,  Total Violation        0.000ns
PW    :            0  Failing Endpoints,  Worst Slack       19.020ns,  Total Violation        0.000ns
---------------------------------------------------------------------------------------------------


Max Delay Paths
--------------------------------------------------------------------------------------
Slack (MET) :             35.338ns  (required time - arrival time)
  Source:                 vga_to_hdmi/inst/srldly_0/srl[1].srl16_i/CLK
                            (rising edge-triggered cell SRL16E clocked by clk_out1_clk_wiz_0  {rise@0.000ns fall@20.000ns period=40.000ns})
  Destination:            vga_to_hdmi/inst/encb/dout_reg[4]/D
                            (rising edge-triggered cell FDCE clocked by clk_out1_clk_wiz_0  {rise@0.000ns fall@20.000ns period=40.000ns})
  Path Group:             clk_out1_clk_wiz_0
  Path Type:              Setup (Max at Slow Process Corner)
  Requirement:            40.000ns  (clk_out1_clk_wiz_0 rise@40.000ns - clk_out1_clk_wiz_0 rise@0.000ns)
  Data Path Delay:        4.622ns  (logic 2.492ns (53.918%)  route 2.130ns (46.082%))
  Logic Levels:           3  (LUT2=1 LUT3=1 LUT6=1)
  Clock Path Skew:        -0.027ns (DCD - SCD + CPR)
    Destination Clock Delay (DCD):    -1.289ns = ( 38.711 - 40.000 ) 
    Source Clock Delay      (SCD):    -0.636ns
    Clock Pessimism Removal (CPR):    0.626ns
  Clock Uncertainty:      0.095ns  ((TSJ^2 + DJ^2)^1/2) / 2 + PE
    Total System Jitter     (TSJ):    0.071ns
    Discrete Jitter          (DJ):    0.175ns
    Phase Error              (PE):    0.000ns

    Location             Delay type                Incr(ns)  Path(ns)    Netlist Resource(s)
  -------------------------------------------------------------------    -------------------
                         (clock clk_out1_clk_wiz_0 rise edge)
                                                      0.000     0.000 r  
    H16                                               0.000     0.000 r  clk (IN)
                         net (fo=0)                   0.000     0.000    clk_wiz/inst/clk_in1
    H16                  IBUF (Prop_ibuf_I_O)         1.457     1.457 r  clk_wiz/inst/clkin1_ibufg/O
                         net (fo=1, routed)           1.285     2.742    clk_wiz/inst/clk_in1_clk_wiz_0
    MMCME2_ADV_X0Y1      MMCME2_ADV (Prop_mmcme2_adv_CLKIN1_CLKOUT0)
                                                     -6.996    -4.254 r  clk_wiz/inst/mmcm_adv_inst/CLKOUT0
                         net (fo=1, routed)           1.760    -2.494    clk_wiz/inst/clk_out1_clk_wiz_0
    BUFGCTRL_X0Y16       BUFG (Prop_bufg_I_O)         0.101    -2.393 r  clk_wiz/inst/clkout1_buf/O
                         net (fo=186, routed)         1.757    -0.636    vga_to_hdmi/inst/srldly_0/pix_clk
    SLICE_X42Y6          SRL16E                                       r  vga_to_hdmi/inst/srldly_0/srl[1].srl16_i/CLK
  -------------------------------------------------------------------    -------------------
    SLICE_X42Y6          SRL16E (Prop_srl16e_CLK_Q)
                                                      1.628     0.992 f  vga_to_hdmi/inst/srldly_0/srl[1].srl16_i/Q
                         net (fo=16, routed)          1.078     2.071    vga_to_hdmi/inst/encb/data_o[1]
    SLICE_X42Y10         LUT3 (Prop_lut3_I2_O)        0.153     2.224 f  vga_to_hdmi/inst/encb/dout[7]_i_7/O
                         net (fo=3, routed)           0.622     2.845    vga_to_hdmi/inst/encb/dout[7]_i_7_n_0
    SLICE_X42Y9          LUT2 (Prop_lut2_I1_O)        0.356     3.201 r  vga_to_hdmi/inst/encb/dout[4]_i_2__1/O
                         net (fo=1, routed)           0.430     3.631    vga_to_hdmi/inst/encb/dout[4]_i_2__1_n_0
    SLICE_X42Y10         LUT6 (Prop_lut6_I0_O)        0.355     3.986 r  vga_to_hdmi/inst/encb/dout[4]_i_1/O
                         net (fo=1, routed)           0.000     3.986    vga_to_hdmi/inst/encb/dout[4]_i_1_n_0
    SLICE_X42Y10         FDCE                                         r  vga_to_hdmi/inst/encb/dout_reg[4]/D
  -------------------------------------------------------------------    -------------------

                         (clock clk_out1_clk_wiz_0 rise edge)
                                                     40.000    40.000 r  
    H16                                               0.000    40.000 r  clk (IN)
                         net (fo=0)                   0.000    40.000    clk_wiz/inst/clk_in1
    H16                  IBUF (Prop_ibuf_I_O)         1.387    41.387 r  clk_wiz/inst/clkin1_ibufg/O
                         net (fo=1, routed)           1.162    42.549    clk_wiz/inst/clk_in1_clk_wiz_0
    MMCME2_ADV_X0Y1      MMCME2_ADV (Prop_mmcme2_adv_CLKIN1_CLKOUT0)
                                                     -7.105    35.444 r  clk_wiz/inst/mmcm_adv_inst/CLKOUT0
                         net (fo=1, routed)           1.599    37.043    clk_wiz/inst/clk_out1_clk_wiz_0
    BUFGCTRL_X0Y16       BUFG (Prop_bufg_I_O)         0.091    37.134 r  clk_wiz/inst/clkout1_buf/O
                         net (fo=186, routed)         1.577    38.711    vga_to_hdmi/inst/encb/pix_clk
    SLICE_X42Y10         FDCE                                         r  vga_to_hdmi/inst/encb/dout_reg[4]/C
                         clock pessimism              0.626    39.337    
                         clock uncertainty           -0.095    39.243    
    SLICE_X42Y10         FDCE (Setup_fdce_C_D)        0.081    39.324    vga_to_hdmi/inst/encb/dout_reg[4]
  -------------------------------------------------------------------
                         required time                         39.324    
                         arrival time                          -3.986    
  -------------------------------------------------------------------
                         slack                                 35.338    

Slack (MET) :             35.395ns  (required time - arrival time)
  Source:                 vga_to_hdmi/inst/srldly_0/srl[1].srl16_i/CLK
                            (rising edge-triggered cell SRL16E clocked by clk_out1_clk_wiz_0  {rise@0.000ns fall@20.000ns period=40.000ns})
  Destination:            vga_to_hdmi/inst/encr/dout_reg[3]/D
                            (rising edge-triggered cell FDCE clocked by clk_out1_clk_wiz_0  {rise@0.000ns fall@20.000ns period=40.000ns})
  Path Group:             clk_out1_clk_wiz_0
  Path Type:              Setup (Max at Slow Process Corner)
  Requirement:            40.000ns  (clk_out1_clk_wiz_0 rise@40.000ns - clk_out1_clk_wiz_0 rise@0.000ns)
  Data Path Delay:        4.500ns  (logic 1.876ns (41.691%)  route 2.624ns (58.309%))
  Logic Levels:           2  (LUT2=1 LUT6=1)
  Clock Path Skew:        -0.042ns (DCD - SCD + CPR)
    Destination Clock Delay (DCD):    -1.304ns = ( 38.696 - 40.000 ) 
    Source Clock Delay      (SCD):    -0.636ns
    Clock Pessimism Removal (CPR):    0.626ns
  Clock Uncertainty:      0.095ns  ((TSJ^2 + DJ^2)^1/2) / 2 + PE
    Total System Jitter     (TSJ):    0.071ns
    Discrete Jitter          (DJ):    0.175ns
    Phase Error              (PE):    0.000ns

    Location             Delay type                Incr(ns)  Path(ns)    Netlist Resource(s)
  -------------------------------------------------------------------    -------------------
                         (clock clk_out1_clk_wiz_0 rise edge)
                                                      0.000     0.000 r  
    H16                                               0.000     0.000 r  clk (IN)
                         net (fo=0)                   0.000     0.000    clk_wiz/inst/clk_in1
    H16                  IBUF (Prop_ibuf_I_O)         1.457     1.457 r  clk_wiz/inst/clkin1_ibufg/O
                         net (fo=1, routed)           1.285     2.742    clk_wiz/inst/clk_in1_clk_wiz_0
    MMCME2_ADV_X0Y1      MMCME2_ADV (Prop_mmcme2_adv_CLKIN1_CLKOUT0)
                                                     -6.996    -4.254 r  clk_wiz/inst/mmcm_adv_inst/CLKOUT0
                         net (fo=1, routed)           1.760    -2.494    clk_wiz/inst/clk_out1_clk_wiz_0
    BUFGCTRL_X0Y16       BUFG (Prop_bufg_I_O)         0.101    -2.393 r  clk_wiz/inst/clkout1_buf/O
                         net (fo=186, routed)         1.757    -0.636    vga_to_hdmi/inst/srldly_0/pix_clk
    SLICE_X42Y6          SRL16E                                       r  vga_to_hdmi/inst/srldly_0/srl[1].srl16_i/CLK
  -------------------------------------------------------------------    -------------------
    SLICE_X42Y6          SRL16E (Prop_srl16e_CLK_Q)
                                                      1.628     0.992 r  vga_to_hdmi/inst/srldly_0/srl[1].srl16_i/Q
                         net (fo=16, routed)          1.977     2.969    vga_to_hdmi/inst/encb/data_o[1]
    SLICE_X42Y23         LUT2 (Prop_lut2_I0_O)        0.124     3.093 r  vga_to_hdmi/inst/encb/dout[7]_i_3__1/O
                         net (fo=2, routed)           0.647     3.740    vga_to_hdmi/inst/encr/dout_reg[7]_0
    SLICE_X43Y24         LUT6 (Prop_lut6_I0_O)        0.124     3.864 r  vga_to_hdmi/inst/encr/dout[3]_i_1__1/O
                         net (fo=1, routed)           0.000     3.864    vga_to_hdmi/inst/encr/dout[3]_i_1__1_n_0
    SLICE_X43Y24         FDCE                                         r  vga_to_hdmi/inst/encr/dout_reg[3]/D
  -------------------------------------------------------------------    -------------------

                         (clock clk_out1_clk_wiz_0 rise edge)
                                                     40.000    40.000 r  
    H16                                               0.000    40.000 r  clk (IN)
                         net (fo=0)                   0.000    40.000    clk_wiz/inst/clk_in1
    H16                  IBUF (Prop_ibuf_I_O)         1.387    41.387 r  clk_wiz/inst/clkin1_ibufg/O
                         net (fo=1, routed)           1.162    42.549    clk_wiz/inst/clk_in1_clk_wiz_0
    MMCME2_ADV_X0Y1      MMCME2_ADV (Prop_mmcme2_adv_CLKIN1_CLKOUT0)
                                                     -7.105    35.444 r  clk_wiz/inst/mmcm_adv_inst/CLKOUT0
                         net (fo=1, routed)           1.599    37.043    clk_wiz/inst/clk_out1_clk_wiz_0
    BUFGCTRL_X0Y16       BUFG (Prop_bufg_I_O)         0.091    37.134 r  clk_wiz/inst/clkout1_buf/O
                         net (fo=186, routed)         1.562    38.696    vga_to_hdmi/inst/encr/pix_clk
    SLICE_X43Y24         FDCE                                         r  vga_to_hdmi/inst/encr/dout_reg[3]/C
                         clock pessimism              0.626    39.322    
                         clock uncertainty           -0.095    39.228    
    SLICE_X43Y24         FDCE (Setup_fdce_C_D)        0.031    39.259    vga_to_hdmi/inst/encr/dout_reg[3]
  -------------------------------------------------------------------
                         required time                         39.259    
                         arrival time                          -3.864    
  -------------------------------------------------------------------
                         slack                                 35.395    

Slack (MET) :             35.405ns  (required time - arrival time)
  Source:                 vga_to_hdmi/inst/srldly_0/srl[29].srl16_i/CLK
                            (rising edge-triggered cell SRL16E clocked by clk_out1_clk_wiz_0  {rise@0.000ns fall@20.000ns period=40.000ns})
  Destination:            vga_to_hdmi/inst/encg/n1d_reg[1]/D
                            (rising edge-triggered cell FDRE clocked by clk_out1_clk_wiz_0  {rise@0.000ns fall@20.000ns period=40.000ns})
  Path Group:             clk_out1_clk_wiz_0
  Path Type:              Setup (Max at Slow Process Corner)
  Requirement:            40.000ns  (clk_out1_clk_wiz_0 rise@40.000ns - clk_out1_clk_wiz_0 rise@0.000ns)
  Data Path Delay:        4.504ns  (logic 2.340ns (51.954%)  route 2.164ns (48.046%))
  Logic Levels:           2  (LUT3=1 LUT5=1)
  Clock Path Skew:        -0.025ns (DCD - SCD + CPR)
    Destination Clock Delay (DCD):    -1.288ns = ( 38.712 - 40.000 ) 
    Source Clock Delay      (SCD):    -0.638ns
    Clock Pessimism Removal (CPR):    0.625ns
  Clock Uncertainty:      0.095ns  ((TSJ^2 + DJ^2)^1/2) / 2 + PE
    Total System Jitter     (TSJ):    0.071ns
    Discrete Jitter          (DJ):    0.175ns
    Phase Error              (PE):    0.000ns

    Location             Delay type                Incr(ns)  Path(ns)    Netlist Resource(s)
  -------------------------------------------------------------------    -------------------
                         (clock clk_out1_clk_wiz_0 rise edge)
                                                      0.000     0.000 r  
    H16                                               0.000     0.000 r  clk (IN)
                         net (fo=0)                   0.000     0.000    clk_wiz/inst/clk_in1
    H16                  IBUF (Prop_ibuf_I_O)         1.457     1.457 r  clk_wiz/inst/clkin1_ibufg/O
                         net (fo=1, routed)           1.285     2.742    clk_wiz/inst/clk_in1_clk_wiz_0
    MMCME2_ADV_X0Y1      MMCME2_ADV (Prop_mmcme2_adv_CLKIN1_CLKOUT0)
                                                     -6.996    -4.254 r  clk_wiz/inst/mmcm_adv_inst/CLKOUT0
                         net (fo=1, routed)           1.760    -2.494    clk_wiz/inst/clk_out1_clk_wiz_0
    BUFGCTRL_X0Y16       BUFG (Prop_bufg_I_O)         0.101    -2.393 r  clk_wiz/inst/clkout1_buf/O
                         net (fo=186, routed)         1.755    -0.638    vga_to_hdmi/inst/srldly_0/pix_clk
    SLICE_X38Y3          SRL16E                                       r  vga_to_hdmi/inst/srldly_0/srl[29].srl16_i/CLK
  -------------------------------------------------------------------    -------------------
    SLICE_X38Y3          SRL16E (Prop_srl16e_CLK_Q)
                                                      1.632     0.994 r  vga_to_hdmi/inst/srldly_0/srl[29].srl16_i/Q
                         net (fo=6, routed)           1.161     2.155    vga_to_hdmi/inst/encg/data_o[11]
    SLICE_X39Y3          LUT5 (Prop_lut5_I2_O)        0.376     2.531 r  vga_to_hdmi/inst/encg/n1d[3]_i_3/O
                         net (fo=3, routed)           1.003     3.534    vga_to_hdmi/inst/encg/n1d[3]_i_3_n_0
    SLICE_X36Y3          LUT3 (Prop_lut3_I2_O)        0.332     3.866 r  vga_to_hdmi/inst/encg/n1d[1]_i_1/O
                         net (fo=1, routed)           0.000     3.866    vga_to_hdmi/inst/encg/n1d[1]_i_1_n_0
    SLICE_X36Y3          FDRE                                         r  vga_to_hdmi/inst/encg/n1d_reg[1]/D
  -------------------------------------------------------------------    -------------------

                         (clock clk_out1_clk_wiz_0 rise edge)
                                                     40.000    40.000 r  
    H16                                               0.000    40.000 r  clk (IN)
                         net (fo=0)                   0.000    40.000    clk_wiz/inst/clk_in1
    H16                  IBUF (Prop_ibuf_I_O)         1.387    41.387 r  clk_wiz/inst/clkin1_ibufg/O
                         net (fo=1, routed)           1.162    42.549    clk_wiz/inst/clk_in1_clk_wiz_0
    MMCME2_ADV_X0Y1      MMCME2_ADV (Prop_mmcme2_adv_CLKIN1_CLKOUT0)
                                                     -7.105    35.444 r  clk_wiz/inst/mmcm_adv_inst/CLKOUT0
                         net (fo=1, routed)           1.599    37.043    clk_wiz/inst/clk_out1_clk_wiz_0
    BUFGCTRL_X0Y16       BUFG (Prop_bufg_I_O)         0.091    37.134 r  clk_wiz/inst/clkout1_buf/O
                         net (fo=186, routed)         1.578    38.712    vga_to_hdmi/inst/encg/pix_clk
    SLICE_X36Y3          FDRE                                         r  vga_to_hdmi/inst/encg/n1d_reg[1]/C
                         clock pessimism              0.625    39.337    
                         clock uncertainty           -0.095    39.243    
    SLICE_X36Y3          FDRE (Setup_fdre_C_D)        0.029    39.272    vga_to_hdmi/inst/encg/n1d_reg[1]
  -------------------------------------------------------------------
                         required time                         39.272    
                         arrival time                          -3.866    
  -------------------------------------------------------------------
                         slack                                 35.405    

Slack (MET) :             35.415ns  (required time - arrival time)
  Source:                 vga_to_hdmi/inst/srldly_0/srl[29].srl16_i/CLK
                            (rising edge-triggered cell SRL16E clocked by clk_out1_clk_wiz_0  {rise@0.000ns fall@20.000ns period=40.000ns})
  Destination:            vga_to_hdmi/inst/encg/n1d_reg[3]/D
                            (rising edge-triggered cell FDRE clocked by clk_out1_clk_wiz_0  {rise@0.000ns fall@20.000ns period=40.000ns})
  Path Group:             clk_out1_clk_wiz_0
  Path Type:              Setup (Max at Slow Process Corner)
  Requirement:            40.000ns  (clk_out1_clk_wiz_0 rise@40.000ns - clk_out1_clk_wiz_0 rise@0.000ns)
  Data Path Delay:        4.497ns  (logic 2.340ns (52.038%)  route 2.157ns (47.962%))
  Logic Levels:           2  (LUT5=1 LUT6=1)
  Clock Path Skew:        -0.025ns (DCD - SCD + CPR)
    Destination Clock Delay (DCD):    -1.288ns = ( 38.712 - 40.000 ) 
    Source Clock Delay      (SCD):    -0.638ns
    Clock Pessimism Removal (CPR):    0.625ns
  Clock Uncertainty:      0.095ns  ((TSJ^2 + DJ^2)^1/2) / 2 + PE
    Total System Jitter     (TSJ):    0.071ns
    Discrete Jitter          (DJ):    0.175ns
    Phase Error              (PE):    0.000ns

    Location             Delay type                Incr(ns)  Path(ns)    Netlist Resource(s)
  -------------------------------------------------------------------    -------------------
                         (clock clk_out1_clk_wiz_0 rise edge)
                                                      0.000     0.000 r  
    H16                                               0.000     0.000 r  clk (IN)
                         net (fo=0)                   0.000     0.000    clk_wiz/inst/clk_in1
    H16                  IBUF (Prop_ibuf_I_O)         1.457     1.457 r  clk_wiz/inst/clkin1_ibufg/O
                         net (fo=1, routed)           1.285     2.742    clk_wiz/inst/clk_in1_clk_wiz_0
    MMCME2_ADV_X0Y1      MMCME2_ADV (Prop_mmcme2_adv_CLKIN1_CLKOUT0)
                                                     -6.996    -4.254 r  clk_wiz/inst/mmcm_adv_inst/CLKOUT0
                         net (fo=1, routed)           1.760    -2.494    clk_wiz/inst/clk_out1_clk_wiz_0
    BUFGCTRL_X0Y16       BUFG (Prop_bufg_I_O)         0.101    -2.393 r  clk_wiz/inst/clkout1_buf/O
                         net (fo=186, routed)         1.755    -0.638    vga_to_hdmi/inst/srldly_0/pix_clk
    SLICE_X38Y3          SRL16E                                       r  vga_to_hdmi/inst/srldly_0/srl[29].srl16_i/CLK
  -------------------------------------------------------------------    -------------------
    SLICE_X38Y3          SRL16E (Prop_srl16e_CLK_Q)
                                                      1.632     0.994 r  vga_to_hdmi/inst/srldly_0/srl[29].srl16_i/Q
                         net (fo=6, routed)           1.161     2.155    vga_to_hdmi/inst/encg/data_o[11]
    SLICE_X39Y3          LUT5 (Prop_lut5_I2_O)        0.376     2.531 r  vga_to_hdmi/inst/encg/n1d[3]_i_3/O
                         net (fo=3, routed)           0.996     3.527    vga_to_hdmi/inst/encg/n1d[3]_i_3_n_0
    SLICE_X36Y3          LUT6 (Prop_lut6_I1_O)        0.332     3.859 r  vga_to_hdmi/inst/encg/n1d[3]_i_1/O
                         net (fo=1, routed)           0.000     3.859    vga_to_hdmi/inst/encg/n1d[3]_i_1_n_0
    SLICE_X36Y3          FDRE                                         r  vga_to_hdmi/inst/encg/n1d_reg[3]/D
  -------------------------------------------------------------------    -------------------

                         (clock clk_out1_clk_wiz_0 rise edge)
                                                     40.000    40.000 r  
    H16                                               0.000    40.000 r  clk (IN)
                         net (fo=0)                   0.000    40.000    clk_wiz/inst/clk_in1
    H16                  IBUF (Prop_ibuf_I_O)         1.387    41.387 r  clk_wiz/inst/clkin1_ibufg/O
                         net (fo=1, routed)           1.162    42.549    clk_wiz/inst/clk_in1_clk_wiz_0
    MMCME2_ADV_X0Y1      MMCME2_ADV (Prop_mmcme2_adv_CLKIN1_CLKOUT0)
                                                     -7.105    35.444 r  clk_wiz/inst/mmcm_adv_inst/CLKOUT0
                         net (fo=1, routed)           1.599    37.043    clk_wiz/inst/clk_out1_clk_wiz_0
    BUFGCTRL_X0Y16       BUFG (Prop_bufg_I_O)         0.091    37.134 r  clk_wiz/inst/clkout1_buf/O
                         net (fo=186, routed)         1.578    38.712    vga_to_hdmi/inst/encg/pix_clk
    SLICE_X36Y3          FDRE                                         r  vga_to_hdmi/inst/encg/n1d_reg[3]/C
                         clock pessimism              0.625    39.337    
                         clock uncertainty           -0.095    39.243    
    SLICE_X36Y3          FDRE (Setup_fdre_C_D)        0.031    39.274    vga_to_hdmi/inst/encg/n1d_reg[3]
  -------------------------------------------------------------------
                         required time                         39.274    
                         arrival time                          -3.859    
  -------------------------------------------------------------------
                         slack                                 35.415    

Slack (MET) :             35.466ns  (required time - arrival time)
  Source:                 vga_to_hdmi/inst/srldly_0/srl[39].srl16_i/CLK
                            (rising edge-triggered cell SRL16E clocked by clk_out1_clk_wiz_0  {rise@0.000ns fall@20.000ns period=40.000ns})
  Destination:            vga_to_hdmi/inst/encb/n1d_reg[2]/D
                            (rising edge-triggered cell FDRE clocked by clk_out1_clk_wiz_0  {rise@0.000ns fall@20.000ns period=40.000ns})
  Path Group:             clk_out1_clk_wiz_0
  Path Type:              Setup (Max at Slow Process Corner)
  Requirement:            40.000ns  (clk_out1_clk_wiz_0 rise@40.000ns - clk_out1_clk_wiz_0 rise@0.000ns)
  Data Path Delay:        4.446ns  (logic 2.352ns (52.902%)  route 2.094ns (47.098%))
  Logic Levels:           2  (LUT5=1 LUT6=1)
  Clock Path Skew:        -0.022ns (DCD - SCD + CPR)
    Destination Clock Delay (DCD):    -1.292ns = ( 38.708 - 40.000 ) 
    Source Clock Delay      (SCD):    -0.642ns
    Clock Pessimism Removal (CPR):    0.628ns
  Clock Uncertainty:      0.095ns  ((TSJ^2 + DJ^2)^1/2) / 2 + PE
    Total System Jitter     (TSJ):    0.071ns
    Discrete Jitter          (DJ):    0.175ns
    Phase Error              (PE):    0.000ns

    Location             Delay type                Incr(ns)  Path(ns)    Netlist Resource(s)
  -------------------------------------------------------------------    -------------------
                         (clock clk_out1_clk_wiz_0 rise edge)
                                                      0.000     0.000 r  
    H16                                               0.000     0.000 r  clk (IN)
                         net (fo=0)                   0.000     0.000    clk_wiz/inst/clk_in1
    H16                  IBUF (Prop_ibuf_I_O)         1.457     1.457 r  clk_wiz/inst/clkin1_ibufg/O
                         net (fo=1, routed)           1.285     2.742    clk_wiz/inst/clk_in1_clk_wiz_0
    MMCME2_ADV_X0Y1      MMCME2_ADV (Prop_mmcme2_adv_CLKIN1_CLKOUT0)
                                                     -6.996    -4.254 r  clk_wiz/inst/mmcm_adv_inst/CLKOUT0
                         net (fo=1, routed)           1.760    -2.494    clk_wiz/inst/clk_out1_clk_wiz_0
    BUFGCTRL_X0Y16       BUFG (Prop_bufg_I_O)         0.101    -2.393 r  clk_wiz/inst/clkout1_buf/O
                         net (fo=186, routed)         1.751    -0.642    vga_to_hdmi/inst/srldly_0/pix_clk
    SLICE_X38Y12         SRL16E                                       r  vga_to_hdmi/inst/srldly_0/srl[39].srl16_i/CLK
  -------------------------------------------------------------------    -------------------
    SLICE_X38Y12         SRL16E (Prop_srl16e_CLK_Q)
                                                      1.637     0.995 r  vga_to_hdmi/inst/srldly_0/srl[39].srl16_i/Q
                         net (fo=4, routed)           0.986     1.981    vga_to_hdmi/inst/encb/data_o[13]
    SLICE_X39Y13         LUT5 (Prop_lut5_I0_O)        0.383     2.364 r  vga_to_hdmi/inst/encb/n1d[3]_i_3/O
                         net (fo=3, routed)           1.108     3.472    vga_to_hdmi/inst/encb/n1d[3]_i_3_n_0
    SLICE_X39Y12         LUT6 (Prop_lut6_I1_O)        0.332     3.804 r  vga_to_hdmi/inst/encb/n1d[2]_i_1/O
                         net (fo=1, routed)           0.000     3.804    vga_to_hdmi/inst/encb/n1d0[2]
    SLICE_X39Y12         FDRE                                         r  vga_to_hdmi/inst/encb/n1d_reg[2]/D
  -------------------------------------------------------------------    -------------------

                         (clock clk_out1_clk_wiz_0 rise edge)
                                                     40.000    40.000 r  
    H16                                               0.000    40.000 r  clk (IN)
                         net (fo=0)                   0.000    40.000    clk_wiz/inst/clk_in1
    H16                  IBUF (Prop_ibuf_I_O)         1.387    41.387 r  clk_wiz/inst/clkin1_ibufg/O
                         net (fo=1, routed)           1.162    42.549    clk_wiz/inst/clk_in1_clk_wiz_0
    MMCME2_ADV_X0Y1      MMCME2_ADV (Prop_mmcme2_adv_CLKIN1_CLKOUT0)
                                                     -7.105    35.444 r  clk_wiz/inst/mmcm_adv_inst/CLKOUT0
                         net (fo=1, routed)           1.599    37.043    clk_wiz/inst/clk_out1_clk_wiz_0
    BUFGCTRL_X0Y16       BUFG (Prop_bufg_I_O)         0.091    37.134 r  clk_wiz/inst/clkout1_buf/O
                         net (fo=186, routed)         1.574    38.708    vga_to_hdmi/inst/encb/pix_clk
    SLICE_X39Y12         FDRE                                         r  vga_to_hdmi/inst/encb/n1d_reg[2]/C
                         clock pessimism              0.628    39.336    
                         clock uncertainty           -0.095    39.242    
    SLICE_X39Y12         FDRE (Setup_fdre_C_D)        0.029    39.271    vga_to_hdmi/inst/encb/n1d_reg[2]
  -------------------------------------------------------------------
                         required time                         39.271    
                         arrival time                          -3.804    
  -------------------------------------------------------------------
                         slack                                 35.466    

Slack (MET) :             35.553ns  (required time - arrival time)
  Source:                 vga_to_hdmi/inst/srldly_0/srl[20].srl16_i/CLK
                            (rising edge-triggered cell SRL16E clocked by clk_out1_clk_wiz_0  {rise@0.000ns fall@20.000ns period=40.000ns})
  Destination:            vga_to_hdmi/inst/encr/n1d_reg[1]/D
                            (rising edge-triggered cell FDRE clocked by clk_out1_clk_wiz_0  {rise@0.000ns fall@20.000ns period=40.000ns})
  Path Group:             clk_out1_clk_wiz_0
  Path Type:              Setup (Max at Slow Process Corner)
  Requirement:            40.000ns  (clk_out1_clk_wiz_0 rise@40.000ns - clk_out1_clk_wiz_0 rise@0.000ns)
  Data Path Delay:        4.359ns  (logic 2.193ns (50.305%)  route 2.166ns (49.695%))
  Logic Levels:           3  (LUT3=2 LUT6=1)
  Clock Path Skew:        -0.022ns (DCD - SCD + CPR)
    Destination Clock Delay (DCD):    -1.301ns = ( 38.699 - 40.000 ) 
    Source Clock Delay      (SCD):    -0.653ns
    Clock Pessimism Removal (CPR):    0.626ns
  Clock Uncertainty:      0.095ns  ((TSJ^2 + DJ^2)^1/2) / 2 + PE
    Total System Jitter     (TSJ):    0.071ns
    Discrete Jitter          (DJ):    0.175ns
    Phase Error              (PE):    0.000ns

    Location             Delay type                Incr(ns)  Path(ns)    Netlist Resource(s)
  -------------------------------------------------------------------    -------------------
                         (clock clk_out1_clk_wiz_0 rise edge)
                                                      0.000     0.000 r  
    H16                                               0.000     0.000 r  clk (IN)
                         net (fo=0)                   0.000     0.000    clk_wiz/inst/clk_in1
    H16                  IBUF (Prop_ibuf_I_O)         1.457     1.457 r  clk_wiz/inst/clkin1_ibufg/O
                         net (fo=1, routed)           1.285     2.742    clk_wiz/inst/clk_in1_clk_wiz_0
    MMCME2_ADV_X0Y1      MMCME2_ADV (Prop_mmcme2_adv_CLKIN1_CLKOUT0)
                                                     -6.996    -4.254 r  clk_wiz/inst/mmcm_adv_inst/CLKOUT0
                         net (fo=1, routed)           1.760    -2.494    clk_wiz/inst/clk_out1_clk_wiz_0
    BUFGCTRL_X0Y16       BUFG (Prop_bufg_I_O)         0.101    -2.393 r  clk_wiz/inst/clkout1_buf/O
                         net (fo=186, routed)         1.740    -0.653    vga_to_hdmi/inst/srldly_0/pix_clk
    SLICE_X42Y27         SRL16E                                       r  vga_to_hdmi/inst/srldly_0/srl[20].srl16_i/CLK
  -------------------------------------------------------------------    -------------------
    SLICE_X42Y27         SRL16E (Prop_srl16e_CLK_Q)
                                                      1.617     0.964 r  vga_to_hdmi/inst/srldly_0/srl[20].srl16_i/Q
                         net (fo=6, routed)           1.188     2.152    vga_to_hdmi/inst/encr/data_o[9]
    SLICE_X43Y26         LUT3 (Prop_lut3_I1_O)        0.328     2.480 r  vga_to_hdmi/inst/encr/n1d[0]_i_2/O
                         net (fo=2, routed)           0.160     2.640    vga_to_hdmi/inst/encr/n1d[0]_i_2_n_0
    SLICE_X43Y26         LUT6 (Prop_lut6_I5_O)        0.124     2.764 r  vga_to_hdmi/inst/encr/n1d[3]_i_2/O
                         net (fo=3, routed)           0.819     3.583    vga_to_hdmi/inst/encr/n1d[3]_i_2_n_0
    SLICE_X41Y27         LUT3 (Prop_lut3_I0_O)        0.124     3.707 r  vga_to_hdmi/inst/encr/n1d[1]_i_1/O
                         net (fo=1, routed)           0.000     3.707    vga_to_hdmi/inst/encr/n1d[1]_i_1_n_0
    SLICE_X41Y27         FDRE                                         r  vga_to_hdmi/inst/encr/n1d_reg[1]/D
  -------------------------------------------------------------------    -------------------

                         (clock clk_out1_clk_wiz_0 rise edge)
                                                     40.000    40.000 r  
    H16                                               0.000    40.000 r  clk (IN)
                         net (fo=0)                   0.000    40.000    clk_wiz/inst/clk_in1
    H16                  IBUF (Prop_ibuf_I_O)         1.387    41.387 r  clk_wiz/inst/clkin1_ibufg/O
                         net (fo=1, routed)           1.162    42.549    clk_wiz/inst/clk_in1_clk_wiz_0
    MMCME2_ADV_X0Y1      MMCME2_ADV (Prop_mmcme2_adv_CLKIN1_CLKOUT0)
                                                     -7.105    35.444 r  clk_wiz/inst/mmcm_adv_inst/CLKOUT0
                         net (fo=1, routed)           1.599    37.043    clk_wiz/inst/clk_out1_clk_wiz_0
    BUFGCTRL_X0Y16       BUFG (Prop_bufg_I_O)         0.091    37.134 r  clk_wiz/inst/clkout1_buf/O
                         net (fo=186, routed)         1.565    38.699    vga_to_hdmi/inst/encr/pix_clk
    SLICE_X41Y27         FDRE                                         r  vga_to_hdmi/inst/encr/n1d_reg[1]/C
                         clock pessimism              0.626    39.325    
                         clock uncertainty           -0.095    39.231    
    SLICE_X41Y27         FDRE (Setup_fdre_C_D)        0.029    39.260    vga_to_hdmi/inst/encr/n1d_reg[1]
  -------------------------------------------------------------------
                         required time                         39.260    
                         arrival time                          -3.707    
  -------------------------------------------------------------------
                         slack                                 35.553    

Slack (MET) :             35.585ns  (required time - arrival time)
  Source:                 vga_to_hdmi/inst/srldly_0/srl[20].srl16_i/CLK
                            (rising edge-triggered cell SRL16E clocked by clk_out1_clk_wiz_0  {rise@0.000ns fall@20.000ns period=40.000ns})
  Destination:            vga_to_hdmi/inst/encr/n1d_reg[3]/D
                            (rising edge-triggered cell FDRE clocked by clk_out1_clk_wiz_0  {rise@0.000ns fall@20.000ns period=40.000ns})
  Path Group:             clk_out1_clk_wiz_0
  Path Type:              Setup (Max at Slow Process Corner)
  Requirement:            40.000ns  (clk_out1_clk_wiz_0 rise@40.000ns - clk_out1_clk_wiz_0 rise@0.000ns)
  Data Path Delay:        4.329ns  (logic 2.305ns (53.242%)  route 2.024ns (46.758%))
  Logic Levels:           2  (LUT5=1 LUT6=1)
  Clock Path Skew:        -0.022ns (DCD - SCD + CPR)
    Destination Clock Delay (DCD):    -1.301ns = ( 38.699 - 40.000 ) 
    Source Clock Delay      (SCD):    -0.653ns
    Clock Pessimism Removal (CPR):    0.626ns
  Clock Uncertainty:      0.095ns  ((TSJ^2 + DJ^2)^1/2) / 2 + PE
    Total System Jitter     (TSJ):    0.071ns
    Discrete Jitter          (DJ):    0.175ns
    Phase Error              (PE):    0.000ns

    Location             Delay type                Incr(ns)  Path(ns)    Netlist Resource(s)
  -------------------------------------------------------------------    -------------------
                         (clock clk_out1_clk_wiz_0 rise edge)
                                                      0.000     0.000 r  
    H16                                               0.000     0.000 r  clk (IN)
                         net (fo=0)                   0.000     0.000    clk_wiz/inst/clk_in1
    H16                  IBUF (Prop_ibuf_I_O)         1.457     1.457 r  clk_wiz/inst/clkin1_ibufg/O
                         net (fo=1, routed)           1.285     2.742    clk_wiz/inst/clk_in1_clk_wiz_0
    MMCME2_ADV_X0Y1      MMCME2_ADV (Prop_mmcme2_adv_CLKIN1_CLKOUT0)
                                                     -6.996    -4.254 r  clk_wiz/inst/mmcm_adv_inst/CLKOUT0
                         net (fo=1, routed)           1.760    -2.494    clk_wiz/inst/clk_out1_clk_wiz_0
    BUFGCTRL_X0Y16       BUFG (Prop_bufg_I_O)         0.101    -2.393 r  clk_wiz/inst/clkout1_buf/O
                         net (fo=186, routed)         1.740    -0.653    vga_to_hdmi/inst/srldly_0/pix_clk
    SLICE_X42Y27         SRL16E                                       r  vga_to_hdmi/inst/srldly_0/srl[20].srl16_i/CLK
  -------------------------------------------------------------------    -------------------
    SLICE_X42Y27         SRL16E (Prop_srl16e_CLK_Q)
                                                      1.617     0.964 r  vga_to_hdmi/inst/srldly_0/srl[20].srl16_i/Q
                         net (fo=6, routed)           1.188     2.152    vga_to_hdmi/inst/encr/data_o[9]
    SLICE_X43Y26         LUT5 (Prop_lut5_I3_O)        0.356     2.508 r  vga_to_hdmi/inst/encr/n1d[3]_i_3/O
                         net (fo=3, routed)           0.837     3.344    vga_to_hdmi/inst/encr/n1d[3]_i_3_n_0
    SLICE_X43Y27         LUT6 (Prop_lut6_I1_O)        0.332     3.676 r  vga_to_hdmi/inst/encr/n1d[3]_i_1/O
                         net (fo=1, routed)           0.000     3.676    vga_to_hdmi/inst/encr/n1d[3]_i_1_n_0
    SLICE_X43Y27         FDRE                                         r  vga_to_hdmi/inst/encr/n1d_reg[3]/D
  -------------------------------------------------------------------    -------------------

                         (clock clk_out1_clk_wiz_0 rise edge)
                                                     40.000    40.000 r  
    H16                                               0.000    40.000 r  clk (IN)
                         net (fo=0)                   0.000    40.000    clk_wiz/inst/clk_in1
    H16                  IBUF (Prop_ibuf_I_O)         1.387    41.387 r  clk_wiz/inst/clkin1_ibufg/O
                         net (fo=1, routed)           1.162    42.549    clk_wiz/inst/clk_in1_clk_wiz_0
    MMCME2_ADV_X0Y1      MMCME2_ADV (Prop_mmcme2_adv_CLKIN1_CLKOUT0)
                                                     -7.105    35.444 r  clk_wiz/inst/mmcm_adv_inst/CLKOUT0
                         net (fo=1, routed)           1.599    37.043    clk_wiz/inst/clk_out1_clk_wiz_0
    BUFGCTRL_X0Y16       BUFG (Prop_bufg_I_O)         0.091    37.134 r  clk_wiz/inst/clkout1_buf/O
                         net (fo=186, routed)         1.565    38.699    vga_to_hdmi/inst/encr/pix_clk
    SLICE_X43Y27         FDRE                                         r  vga_to_hdmi/inst/encr/n1d_reg[3]/C
                         clock pessimism              0.626    39.325    
                         clock uncertainty           -0.095    39.231    
    SLICE_X43Y27         FDRE (Setup_fdre_C_D)        0.031    39.262    vga_to_hdmi/inst/encr/n1d_reg[3]
  -------------------------------------------------------------------
                         required time                         39.262    
                         arrival time                          -3.676    
  -------------------------------------------------------------------
                         slack                                 35.585    

Slack (MET) :             35.590ns  (required time - arrival time)
  Source:                 vga_to_hdmi/inst/srldly_0/srl[29].srl16_i/CLK
                            (rising edge-triggered cell SRL16E clocked by clk_out1_clk_wiz_0  {rise@0.000ns fall@20.000ns period=40.000ns})
  Destination:            vga_to_hdmi/inst/encg/n1d_reg[2]/D
                            (rising edge-triggered cell FDRE clocked by clk_out1_clk_wiz_0  {rise@0.000ns fall@20.000ns period=40.000ns})
  Path Group:             clk_out1_clk_wiz_0
  Path Type:              Setup (Max at Slow Process Corner)
  Requirement:            40.000ns  (clk_out1_clk_wiz_0 rise@40.000ns - clk_out1_clk_wiz_0 rise@0.000ns)
  Data Path Delay:        4.320ns  (logic 2.340ns (54.172%)  route 1.980ns (45.828%))
  Logic Levels:           2  (LUT5=1 LUT6=1)
  Clock Path Skew:        -0.025ns (DCD - SCD + CPR)
    Destination Clock Delay (DCD):    -1.288ns = ( 38.712 - 40.000 ) 
    Source Clock Delay      (SCD):    -0.638ns
    Clock Pessimism Removal (CPR):    0.625ns
  Clock Uncertainty:      0.095ns  ((TSJ^2 + DJ^2)^1/2) / 2 + PE
    Total System Jitter     (TSJ):    0.071ns
    Discrete Jitter          (DJ):    0.175ns
    Phase Error              (PE):    0.000ns

    Location             Delay type                Incr(ns)  Path(ns)    Netlist Resource(s)
  -------------------------------------------------------------------    -------------------
                         (clock clk_out1_clk_wiz_0 rise edge)
                                                      0.000     0.000 r  
    H16                                               0.000     0.000 r  clk (IN)
                         net (fo=0)                   0.000     0.000    clk_wiz/inst/clk_in1
    H16                  IBUF (Prop_ibuf_I_O)         1.457     1.457 r  clk_wiz/inst/clkin1_ibufg/O
                         net (fo=1, routed)           1.285     2.742    clk_wiz/inst/clk_in1_clk_wiz_0
    MMCME2_ADV_X0Y1      MMCME2_ADV (Prop_mmcme2_adv_CLKIN1_CLKOUT0)
                                                     -6.996    -4.254 r  clk_wiz/inst/mmcm_adv_inst/CLKOUT0
                         net (fo=1, routed)           1.760    -2.494    clk_wiz/inst/clk_out1_clk_wiz_0
    BUFGCTRL_X0Y16       BUFG (Prop_bufg_I_O)         0.101    -2.393 r  clk_wiz/inst/clkout1_buf/O
                         net (fo=186, routed)         1.755    -0.638    vga_to_hdmi/inst/srldly_0/pix_clk
    SLICE_X38Y3          SRL16E                                       r  vga_to_hdmi/inst/srldly_0/srl[29].srl16_i/CLK
  -------------------------------------------------------------------    -------------------
    SLICE_X38Y3          SRL16E (Prop_srl16e_CLK_Q)
                                                      1.632     0.994 r  vga_to_hdmi/inst/srldly_0/srl[29].srl16_i/Q
                         net (fo=6, routed)           1.161     2.155    vga_to_hdmi/inst/encg/data_o[11]
    SLICE_X39Y3          LUT5 (Prop_lut5_I2_O)        0.376     2.531 r  vga_to_hdmi/inst/encg/n1d[3]_i_3/O
                         net (fo=3, routed)           0.819     3.350    vga_to_hdmi/inst/encg/n1d[3]_i_3_n_0
    SLICE_X37Y3          LUT6 (Prop_lut6_I1_O)        0.332     3.682 r  vga_to_hdmi/inst/encg/n1d[2]_i_1/O
                         net (fo=1, routed)           0.000     3.682    vga_to_hdmi/inst/encg/n1d[2]_i_1_n_0
    SLICE_X37Y3          FDRE                                         r  vga_to_hdmi/inst/encg/n1d_reg[2]/D
  -------------------------------------------------------------------    -------------------

                         (clock clk_out1_clk_wiz_0 rise edge)
                                                     40.000    40.000 r  
    H16                                               0.000    40.000 r  clk (IN)
                         net (fo=0)                   0.000    40.000    clk_wiz/inst/clk_in1
    H16                  IBUF (Prop_ibuf_I_O)         1.387    41.387 r  clk_wiz/inst/clkin1_ibufg/O
                         net (fo=1, routed)           1.162    42.549    clk_wiz/inst/clk_in1_clk_wiz_0
    MMCME2_ADV_X0Y1      MMCME2_ADV (Prop_mmcme2_adv_CLKIN1_CLKOUT0)
                                                     -7.105    35.444 r  clk_wiz/inst/mmcm_adv_inst/CLKOUT0
                         net (fo=1, routed)           1.599    37.043    clk_wiz/inst/clk_out1_clk_wiz_0
    BUFGCTRL_X0Y16       BUFG (Prop_bufg_I_O)         0.091    37.134 r  clk_wiz/inst/clkout1_buf/O
                         net (fo=186, routed)         1.578    38.712    vga_to_hdmi/inst/encg/pix_clk
    SLICE_X37Y3          FDRE                                         r  vga_to_hdmi/inst/encg/n1d_reg[2]/C
                         clock pessimism              0.625    39.337    
                         clock uncertainty           -0.095    39.243    
    SLICE_X37Y3          FDRE (Setup_fdre_C_D)        0.029    39.272    vga_to_hdmi/inst/encg/n1d_reg[2]
  -------------------------------------------------------------------
                         required time                         39.272    
                         arrival time                          -3.682    
  -------------------------------------------------------------------
                         slack                                 35.590    

Slack (MET) :             35.628ns  (required time - arrival time)
  Source:                 vga_to_hdmi/inst/srldly_0/srl[20].srl16_i/CLK
                            (rising edge-triggered cell SRL16E clocked by clk_out1_clk_wiz_0  {rise@0.000ns fall@20.000ns period=40.000ns})
  Destination:            vga_to_hdmi/inst/encr/n1d_reg[2]/D
                            (rising edge-triggered cell FDRE clocked by clk_out1_clk_wiz_0  {rise@0.000ns fall@20.000ns period=40.000ns})
  Path Group:             clk_out1_clk_wiz_0
  Path Type:              Setup (Max at Slow Process Corner)
  Requirement:            40.000ns  (clk_out1_clk_wiz_0 rise@40.000ns - clk_out1_clk_wiz_0 rise@0.000ns)
  Data Path Delay:        4.285ns  (logic 2.305ns (53.796%)  route 1.980ns (46.204%))
  Logic Levels:           2  (LUT5=1 LUT6=1)
  Clock Path Skew:        -0.022ns (DCD - SCD + CPR)
    Destination Clock Delay (DCD):    -1.301ns = ( 38.699 - 40.000 ) 
    Source Clock Delay      (SCD):    -0.653ns
    Clock Pessimism Removal (CPR):    0.626ns
  Clock Uncertainty:      0.095ns  ((TSJ^2 + DJ^2)^1/2) / 2 + PE
    Total System Jitter     (TSJ):    0.071ns
    Discrete Jitter          (DJ):    0.175ns
    Phase Error              (PE):    0.000ns

    Location             Delay type                Incr(ns)  Path(ns)    Netlist Resource(s)
  -------------------------------------------------------------------    -------------------
                         (clock clk_out1_clk_wiz_0 rise edge)
                                                      0.000     0.000 r  
    H16                                               0.000     0.000 r  clk (IN)
                         net (fo=0)                   0.000     0.000    clk_wiz/inst/clk_in1
    H16                  IBUF (Prop_ibuf_I_O)         1.457     1.457 r  clk_wiz/inst/clkin1_ibufg/O
                         net (fo=1, routed)           1.285     2.742    clk_wiz/inst/clk_in1_clk_wiz_0
    MMCME2_ADV_X0Y1      MMCME2_ADV (Prop_mmcme2_adv_CLKIN1_CLKOUT0)
                                                     -6.996    -4.254 r  clk_wiz/inst/mmcm_adv_inst/CLKOUT0
                         net (fo=1, routed)           1.760    -2.494    clk_wiz/inst/clk_out1_clk_wiz_0
    BUFGCTRL_X0Y16       BUFG (Prop_bufg_I_O)         0.101    -2.393 r  clk_wiz/inst/clkout1_buf/O
                         net (fo=186, routed)         1.740    -0.653    vga_to_hdmi/inst/srldly_0/pix_clk
    SLICE_X42Y27         SRL16E                                       r  vga_to_hdmi/inst/srldly_0/srl[20].srl16_i/CLK
  -------------------------------------------------------------------    -------------------
    SLICE_X42Y27         SRL16E (Prop_srl16e_CLK_Q)
                                                      1.617     0.964 r  vga_to_hdmi/inst/srldly_0/srl[20].srl16_i/Q
                         net (fo=6, routed)           1.188     2.152    vga_to_hdmi/inst/encr/data_o[9]
    SLICE_X43Y26         LUT5 (Prop_lut5_I3_O)        0.356     2.508 r  vga_to_hdmi/inst/encr/n1d[3]_i_3/O
                         net (fo=3, routed)           0.792     3.300    vga_to_hdmi/inst/encr/n1d[3]_i_3_n_0
    SLICE_X43Y27         LUT6 (Prop_lut6_I1_O)        0.332     3.632 r  vga_to_hdmi/inst/encr/n1d[2]_i_1/O
                         net (fo=1, routed)           0.000     3.632    vga_to_hdmi/inst/encr/n1d[2]_i_1_n_0
    SLICE_X43Y27         FDRE                                         r  vga_to_hdmi/inst/encr/n1d_reg[2]/D
  -------------------------------------------------------------------    -------------------

                         (clock clk_out1_clk_wiz_0 rise edge)
                                                     40.000    40.000 r  
    H16                                               0.000    40.000 r  clk (IN)
                         net (fo=0)                   0.000    40.000    clk_wiz/inst/clk_in1
    H16                  IBUF (Prop_ibuf_I_O)         1.387    41.387 r  clk_wiz/inst/clkin1_ibufg/O
                         net (fo=1, routed)           1.162    42.549    clk_wiz/inst/clk_in1_clk_wiz_0
    MMCME2_ADV_X0Y1      MMCME2_ADV (Prop_mmcme2_adv_CLKIN1_CLKOUT0)
                                                     -7.105    35.444 r  clk_wiz/inst/mmcm_adv_inst/CLKOUT0
                         net (fo=1, routed)           1.599    37.043    clk_wiz/inst/clk_out1_clk_wiz_0
    BUFGCTRL_X0Y16       BUFG (Prop_bufg_I_O)         0.091    37.134 r  clk_wiz/inst/clkout1_buf/O
                         net (fo=186, routed)         1.565    38.699    vga_to_hdmi/inst/encr/pix_clk
    SLICE_X43Y27         FDRE                                         r  vga_to_hdmi/inst/encr/n1d_reg[2]/C
                         clock pessimism              0.626    39.325    
                         clock uncertainty           -0.095    39.231    
    SLICE_X43Y27         FDRE (Setup_fdre_C_D)        0.029    39.260    vga_to_hdmi/inst/encr/n1d_reg[2]
  -------------------------------------------------------------------
                         required time                         39.260    
                         arrival time                          -3.632    
  -------------------------------------------------------------------
                         slack                                 35.628    

Slack (MET) :             35.664ns  (required time - arrival time)
  Source:                 vga_to_hdmi/inst/srldly_0/srl[1].srl16_i/CLK
                            (rising edge-triggered cell SRL16E clocked by clk_out1_clk_wiz_0  {rise@0.000ns fall@20.000ns period=40.000ns})
  Destination:            vga_to_hdmi/inst/encr/dout_reg[7]/D
                            (rising edge-triggered cell FDCE clocked by clk_out1_clk_wiz_0  {rise@0.000ns fall@20.000ns period=40.000ns})
  Path Group:             clk_out1_clk_wiz_0
  Path Type:              Setup (Max at Slow Process Corner)
  Requirement:            40.000ns  (clk_out1_clk_wiz_0 rise@40.000ns - clk_out1_clk_wiz_0 rise@0.000ns)
  Data Path Delay:        4.277ns  (logic 1.876ns (43.864%)  route 2.401ns (56.136%))
  Logic Levels:           2  (LUT2=1 LUT6=1)
  Clock Path Skew:        -0.042ns (DCD - SCD + CPR)
    Destination Clock Delay (DCD):    -1.304ns = ( 38.696 - 40.000 ) 
    Source Clock Delay      (SCD):    -0.636ns
    Clock Pessimism Removal (CPR):    0.626ns
  Clock Uncertainty:      0.095ns  ((TSJ^2 + DJ^2)^1/2) / 2 + PE
    Total System Jitter     (TSJ):    0.071ns
    Discrete Jitter          (DJ):    0.175ns
    Phase Error              (PE):    0.000ns

    Location             Delay type                Incr(ns)  Path(ns)    Netlist Resource(s)
  -------------------------------------------------------------------    -------------------
                         (clock clk_out1_clk_wiz_0 rise edge)
                                                      0.000     0.000 r  
    H16                                               0.000     0.000 r  clk (IN)
                         net (fo=0)                   0.000     0.000    clk_wiz/inst/clk_in1
    H16                  IBUF (Prop_ibuf_I_O)         1.457     1.457 r  clk_wiz/inst/clkin1_ibufg/O
                         net (fo=1, routed)           1.285     2.742    clk_wiz/inst/clk_in1_clk_wiz_0
    MMCME2_ADV_X0Y1      MMCME2_ADV (Prop_mmcme2_adv_CLKIN1_CLKOUT0)
                                                     -6.996    -4.254 r  clk_wiz/inst/mmcm_adv_inst/CLKOUT0
                         net (fo=1, routed)           1.760    -2.494    clk_wiz/inst/clk_out1_clk_wiz_0
    BUFGCTRL_X0Y16       BUFG (Prop_bufg_I_O)         0.101    -2.393 r  clk_wiz/inst/clkout1_buf/O
                         net (fo=186, routed)         1.757    -0.636    vga_to_hdmi/inst/srldly_0/pix_clk
    SLICE_X42Y6          SRL16E                                       r  vga_to_hdmi/inst/srldly_0/srl[1].srl16_i/CLK
  -------------------------------------------------------------------    -------------------
    SLICE_X42Y6          SRL16E (Prop_srl16e_CLK_Q)
                                                      1.628     0.992 r  vga_to_hdmi/inst/srldly_0/srl[1].srl16_i/Q
                         net (fo=16, routed)          1.977     2.969    vga_to_hdmi/inst/encb/data_o[1]
    SLICE_X42Y23         LUT2 (Prop_lut2_I0_O)        0.124     3.093 r  vga_to_hdmi/inst/encb/dout[7]_i_3__1/O
                         net (fo=2, routed)           0.424     3.517    vga_to_hdmi/inst/encr/dout_reg[7]_0
    SLICE_X42Y24         LUT6 (Prop_lut6_I0_O)        0.124     3.641 r  vga_to_hdmi/inst/encr/dout[7]_i_1__1/O
                         net (fo=1, routed)           0.000     3.641    vga_to_hdmi/inst/encr/dout[7]_i_1__1_n_0
    SLICE_X42Y24         FDCE                                         r  vga_to_hdmi/inst/encr/dout_reg[7]/D
  -------------------------------------------------------------------    -------------------

                         (clock clk_out1_clk_wiz_0 rise edge)
                                                     40.000    40.000 r  
    H16                                               0.000    40.000 r  clk (IN)
                         net (fo=0)                   0.000    40.000    clk_wiz/inst/clk_in1
    H16                  IBUF (Prop_ibuf_I_O)         1.387    41.387 r  clk_wiz/inst/clkin1_ibufg/O
                         net (fo=1, routed)           1.162    42.549    clk_wiz/inst/clk_in1_clk_wiz_0
    MMCME2_ADV_X0Y1      MMCME2_ADV (Prop_mmcme2_adv_CLKIN1_CLKOUT0)
                                                     -7.105    35.444 r  clk_wiz/inst/mmcm_adv_inst/CLKOUT0
                         net (fo=1, routed)           1.599    37.043    clk_wiz/inst/clk_out1_clk_wiz_0
    BUFGCTRL_X0Y16       BUFG (Prop_bufg_I_O)         0.091    37.134 r  clk_wiz/inst/clkout1_buf/O
                         net (fo=186, routed)         1.562    38.696    vga_to_hdmi/inst/encr/pix_clk
    SLICE_X42Y24         FDCE                                         r  vga_to_hdmi/inst/encr/dout_reg[7]/C
                         clock pessimism              0.626    39.322    
                         clock uncertainty           -0.095    39.228    
    SLICE_X42Y24         FDCE (Setup_fdce_C_D)        0.077    39.305    vga_to_hdmi/inst/encr/dout_reg[7]
  -------------------------------------------------------------------
                         required time                         39.305    
                         arrival time                          -3.641    
  -------------------------------------------------------------------
                         slack                                 35.664    





Min Delay Paths
--------------------------------------------------------------------------------------
Slack (MET) :             0.152ns  (arrival time - required time)
  Source:                 vga_to_hdmi/inst/encg/q_m_reg_reg[0]/C
                            (rising edge-triggered cell FDRE clocked by clk_out1_clk_wiz_0  {rise@0.000ns fall@20.000ns period=40.000ns})
  Destination:            vga_to_hdmi/inst/encg/dout_reg[0]/D
                            (rising edge-triggered cell FDCE clocked by clk_out1_clk_wiz_0  {rise@0.000ns fall@20.000ns period=40.000ns})
  Path Group:             clk_out1_clk_wiz_0
  Path Type:              Hold (Min at Fast Process Corner)
  Requirement:            0.000ns  (clk_out1_clk_wiz_0 rise@0.000ns - clk_out1_clk_wiz_0 rise@0.000ns)
  Data Path Delay:        0.288ns  (logic 0.186ns (64.545%)  route 0.102ns (35.455%))
  Logic Levels:           1  (LUT6=1)
  Clock Path Skew:        0.016ns (DCD - SCD - CPR)
    Destination Clock Delay (DCD):    -0.734ns
    Source Clock Delay      (SCD):    -0.501ns
    Clock Pessimism Removal (CPR):    -0.249ns

    Location             Delay type                Incr(ns)  Path(ns)    Netlist Resource(s)
  -------------------------------------------------------------------    -------------------
                         (clock clk_out1_clk_wiz_0 rise edge)
                                                      0.000     0.000 r  
    H16                                               0.000     0.000 r  clk (IN)
                         net (fo=0)                   0.000     0.000    clk_wiz/inst/clk_in1
    H16                  IBUF (Prop_ibuf_I_O)         0.225     0.225 r  clk_wiz/inst/clkin1_ibufg/O
                         net (fo=1, routed)           0.440     0.665    clk_wiz/inst/clk_in1_clk_wiz_0
    MMCME2_ADV_X0Y1      MMCME2_ADV (Prop_mmcme2_adv_CLKIN1_CLKOUT0)
                                                     -2.268    -1.602 r  clk_wiz/inst/mmcm_adv_inst/CLKOUT0
                         net (fo=1, routed)           0.482    -1.120    clk_wiz/inst/clk_out1_clk_wiz_0
    BUFGCTRL_X0Y16       BUFG (Prop_bufg_I_O)         0.026    -1.094 r  clk_wiz/inst/clkout1_buf/O
                         net (fo=186, routed)         0.594    -0.501    vga_to_hdmi/inst/encg/pix_clk
    SLICE_X41Y4          FDRE                                         r  vga_to_hdmi/inst/encg/q_m_reg_reg[0]/C
  -------------------------------------------------------------------    -------------------
    SLICE_X41Y4          FDRE (Prop_fdre_C_Q)         0.141    -0.360 r  vga_to_hdmi/inst/encg/q_m_reg_reg[0]/Q
                         net (fo=1, routed)           0.102    -0.257    vga_to_hdmi/inst/encg/q_m_reg_reg_n_0_[0]
    SLICE_X42Y4          LUT6 (Prop_lut6_I1_O)        0.045    -0.212 r  vga_to_hdmi/inst/encg/dout[0]_i_1__0/O
                         net (fo=1, routed)           0.000    -0.212    vga_to_hdmi/inst/encg/dout[0]_i_1__0_n_0
    SLICE_X42Y4          FDCE                                         r  vga_to_hdmi/inst/encg/dout_reg[0]/D
  -------------------------------------------------------------------    -------------------

                         (clock clk_out1_clk_wiz_0 rise edge)
                                                      0.000     0.000 r  
    H16                                               0.000     0.000 r  clk (IN)
                         net (fo=0)                   0.000     0.000    clk_wiz/inst/clk_in1
    H16                  IBUF (Prop_ibuf_I_O)         0.413     0.413 r  clk_wiz/inst/clkin1_ibufg/O
                         net (fo=1, routed)           0.480     0.893    clk_wiz/inst/clk_in1_clk_wiz_0
    MMCME2_ADV_X0Y1      MMCME2_ADV (Prop_mmcme2_adv_CLKIN1_CLKOUT0)
                                                     -3.047    -2.154 r  clk_wiz/inst/mmcm_adv_inst/CLKOUT0
                         net (fo=1, routed)           0.528    -1.626    clk_wiz/inst/clk_out1_clk_wiz_0
    BUFGCTRL_X0Y16       BUFG (Prop_bufg_I_O)         0.029    -1.597 r  clk_wiz/inst/clkout1_buf/O
                         net (fo=186, routed)         0.863    -0.734    vga_to_hdmi/inst/encg/pix_clk
    SLICE_X42Y4          FDCE                                         r  vga_to_hdmi/inst/encg/dout_reg[0]/C
                         clock pessimism              0.249    -0.485    
    SLICE_X42Y4          FDCE (Hold_fdce_C_D)         0.120    -0.365    vga_to_hdmi/inst/encg/dout_reg[0]
  -------------------------------------------------------------------
                         required time                          0.365    
                         arrival time                          -0.212    
  -------------------------------------------------------------------
                         slack                                  0.152    

Slack (MET) :             0.197ns  (arrival time - required time)
  Source:                 vga_to_hdmi/inst/encg/q_m_reg_reg[1]/C
                            (rising edge-triggered cell FDRE clocked by clk_out1_clk_wiz_0  {rise@0.000ns fall@20.000ns period=40.000ns})
  Destination:            vga_to_hdmi/inst/encg/dout_reg[1]/D
                            (rising edge-triggered cell FDCE clocked by clk_out1_clk_wiz_0  {rise@0.000ns fall@20.000ns period=40.000ns})
  Path Group:             clk_out1_clk_wiz_0
  Path Type:              Hold (Min at Fast Process Corner)
  Requirement:            0.000ns  (clk_out1_clk_wiz_0 rise@0.000ns - clk_out1_clk_wiz_0 rise@0.000ns)
  Data Path Delay:        0.356ns  (logic 0.186ns (52.206%)  route 0.170ns (47.794%))
  Logic Levels:           1  (LUT6=1)
  Clock Path Skew:        0.038ns (DCD - SCD - CPR)
    Destination Clock Delay (DCD):    -0.734ns
    Source Clock Delay      (SCD):    -0.503ns
    Clock Pessimism Removal (CPR):    -0.269ns

    Location             Delay type                Incr(ns)  Path(ns)    Netlist Resource(s)
  -------------------------------------------------------------------    -------------------
                         (clock clk_out1_clk_wiz_0 rise edge)
                                                      0.000     0.000 r  
    H16                                               0.000     0.000 r  clk (IN)
                         net (fo=0)                   0.000     0.000    clk_wiz/inst/clk_in1
    H16                  IBUF (Prop_ibuf_I_O)         0.225     0.225 r  clk_wiz/inst/clkin1_ibufg/O
                         net (fo=1, routed)           0.440     0.665    clk_wiz/inst/clk_in1_clk_wiz_0
    MMCME2_ADV_X0Y1      MMCME2_ADV (Prop_mmcme2_adv_CLKIN1_CLKOUT0)
                                                     -2.268    -1.602 r  clk_wiz/inst/mmcm_adv_inst/CLKOUT0
                         net (fo=1, routed)           0.482    -1.120    clk_wiz/inst/clk_out1_clk_wiz_0
    BUFGCTRL_X0Y16       BUFG (Prop_bufg_I_O)         0.026    -1.094 r  clk_wiz/inst/clkout1_buf/O
                         net (fo=186, routed)         0.592    -0.503    vga_to_hdmi/inst/encg/pix_clk
    SLICE_X39Y3          FDRE                                         r  vga_to_hdmi/inst/encg/q_m_reg_reg[1]/C
  -------------------------------------------------------------------    -------------------
    SLICE_X39Y3          FDRE (Prop_fdre_C_Q)         0.141    -0.362 r  vga_to_hdmi/inst/encg/q_m_reg_reg[1]/Q
                         net (fo=1, routed)           0.170    -0.191    vga_to_hdmi/inst/encg/q_m_reg_reg_n_0_[1]
    SLICE_X42Y4          LUT6 (Prop_lut6_I1_O)        0.045    -0.146 r  vga_to_hdmi/inst/encg/dout[1]_i_1__0/O
                         net (fo=1, routed)           0.000    -0.146    vga_to_hdmi/inst/encg/dout[1]_i_1__0_n_0
    SLICE_X42Y4          FDCE                                         r  vga_to_hdmi/inst/encg/dout_reg[1]/D
  -------------------------------------------------------------------    -------------------

                         (clock clk_out1_clk_wiz_0 rise edge)
                                                      0.000     0.000 r  
    H16                                               0.000     0.000 r  clk (IN)
                         net (fo=0)                   0.000     0.000    clk_wiz/inst/clk_in1
    H16                  IBUF (Prop_ibuf_I_O)         0.413     0.413 r  clk_wiz/inst/clkin1_ibufg/O
                         net (fo=1, routed)           0.480     0.893    clk_wiz/inst/clk_in1_clk_wiz_0
    MMCME2_ADV_X0Y1      MMCME2_ADV (Prop_mmcme2_adv_CLKIN1_CLKOUT0)
                                                     -3.047    -2.154 r  clk_wiz/inst/mmcm_adv_inst/CLKOUT0
                         net (fo=1, routed)           0.528    -1.626    clk_wiz/inst/clk_out1_clk_wiz_0
    BUFGCTRL_X0Y16       BUFG (Prop_bufg_I_O)         0.029    -1.597 r  clk_wiz/inst/clkout1_buf/O
                         net (fo=186, routed)         0.863    -0.734    vga_to_hdmi/inst/encg/pix_clk
    SLICE_X42Y4          FDCE                                         r  vga_to_hdmi/inst/encg/dout_reg[1]/C
                         clock pessimism              0.269    -0.465    
    SLICE_X42Y4          FDCE (Hold_fdce_C_D)         0.121    -0.344    vga_to_hdmi/inst/encg/dout_reg[1]
  -------------------------------------------------------------------
                         required time                          0.344    
                         arrival time                          -0.146    
  -------------------------------------------------------------------
                         slack                                  0.197    

Slack (MET) :             0.200ns  (arrival time - required time)
  Source:                 vga_to_hdmi/inst/encb/c0_q_reg/C
                            (rising edge-triggered cell FDRE clocked by clk_out1_clk_wiz_0  {rise@0.000ns fall@20.000ns period=40.000ns})
  Destination:            vga_to_hdmi/inst/encb/c0_reg_reg/D
                            (rising edge-triggered cell FDRE clocked by clk_out1_clk_wiz_0  {rise@0.000ns fall@20.000ns period=40.000ns})
  Path Group:             clk_out1_clk_wiz_0
  Path Type:              Hold (Min at Fast Process Corner)
  Requirement:            0.000ns  (clk_out1_clk_wiz_0 rise@0.000ns - clk_out1_clk_wiz_0 rise@0.000ns)
  Data Path Delay:        0.274ns  (logic 0.164ns (59.853%)  route 0.110ns (40.147%))
  Logic Levels:           0  
  Clock Path Skew:        0.015ns (DCD - SCD - CPR)
    Destination Clock Delay (DCD):    -0.735ns
    Source Clock Delay      (SCD):    -0.501ns
    Clock Pessimism Removal (CPR):    -0.249ns

    Location             Delay type                Incr(ns)  Path(ns)    Netlist Resource(s)
  -------------------------------------------------------------------    -------------------
                         (clock clk_out1_clk_wiz_0 rise edge)
                                                      0.000     0.000 r  
    H16                                               0.000     0.000 r  clk (IN)
                         net (fo=0)                   0.000     0.000    clk_wiz/inst/clk_in1
    H16                  IBUF (Prop_ibuf_I_O)         0.225     0.225 r  clk_wiz/inst/clkin1_ibufg/O
                         net (fo=1, routed)           0.440     0.665    clk_wiz/inst/clk_in1_clk_wiz_0
    MMCME2_ADV_X0Y1      MMCME2_ADV (Prop_mmcme2_adv_CLKIN1_CLKOUT0)
                                                     -2.268    -1.602 r  clk_wiz/inst/mmcm_adv_inst/CLKOUT0
                         net (fo=1, routed)           0.482    -1.120    clk_wiz/inst/clk_out1_clk_wiz_0
    BUFGCTRL_X0Y16       BUFG (Prop_bufg_I_O)         0.026    -1.094 r  clk_wiz/inst/clkout1_buf/O
                         net (fo=186, routed)         0.594    -0.501    vga_to_hdmi/inst/encb/pix_clk
    SLICE_X42Y6          FDRE                                         r  vga_to_hdmi/inst/encb/c0_q_reg/C
  -------------------------------------------------------------------    -------------------
    SLICE_X42Y6          FDRE (Prop_fdre_C_Q)         0.164    -0.337 r  vga_to_hdmi/inst/encb/c0_q_reg/Q
                         net (fo=1, routed)           0.110    -0.227    vga_to_hdmi/inst/encb/c0_q
    SLICE_X42Y7          FDRE                                         r  vga_to_hdmi/inst/encb/c0_reg_reg/D
  -------------------------------------------------------------------    -------------------

                         (clock clk_out1_clk_wiz_0 rise edge)
                                                      0.000     0.000 r  
    H16                                               0.000     0.000 r  clk (IN)
                         net (fo=0)                   0.000     0.000    clk_wiz/inst/clk_in1
    H16                  IBUF (Prop_ibuf_I_O)         0.413     0.413 r  clk_wiz/inst/clkin1_ibufg/O
                         net (fo=1, routed)           0.480     0.893    clk_wiz/inst/clk_in1_clk_wiz_0
    MMCME2_ADV_X0Y1      MMCME2_ADV (Prop_mmcme2_adv_CLKIN1_CLKOUT0)
                                                     -3.047    -2.154 r  clk_wiz/inst/mmcm_adv_inst/CLKOUT0
                         net (fo=1, routed)           0.528    -1.626    clk_wiz/inst/clk_out1_clk_wiz_0
    BUFGCTRL_X0Y16       BUFG (Prop_bufg_I_O)         0.029    -1.597 r  clk_wiz/inst/clkout1_buf/O
                         net (fo=186, routed)         0.862    -0.735    vga_to_hdmi/inst/encb/pix_clk
    SLICE_X42Y7          FDRE                                         r  vga_to_hdmi/inst/encb/c0_reg_reg/C
                         clock pessimism              0.249    -0.486    
    SLICE_X42Y7          FDRE (Hold_fdre_C_D)         0.059    -0.427    vga_to_hdmi/inst/encb/c0_reg_reg
  -------------------------------------------------------------------
                         required time                          0.427    
                         arrival time                          -0.227    
  -------------------------------------------------------------------
                         slack                                  0.200    

Slack (MET) :             0.201ns  (arrival time - required time)
  Source:                 vga_to_hdmi/inst/encb/n1d_reg[3]/C
                            (rising edge-triggered cell FDRE clocked by clk_out1_clk_wiz_0  {rise@0.000ns fall@20.000ns period=40.000ns})
  Destination:            vga_to_hdmi/inst/encb/q_m_reg_reg[1]/D
                            (rising edge-triggered cell FDRE clocked by clk_out1_clk_wiz_0  {rise@0.000ns fall@20.000ns period=40.000ns})
  Path Group:             clk_out1_clk_wiz_0
  Path Type:              Hold (Min at Fast Process Corner)
  Requirement:            0.000ns  (clk_out1_clk_wiz_0 rise@0.000ns - clk_out1_clk_wiz_0 rise@0.000ns)
  Data Path Delay:        0.309ns  (logic 0.186ns (60.177%)  route 0.123ns (39.823%))
  Logic Levels:           1  (LUT6=1)
  Clock Path Skew:        0.016ns (DCD - SCD - CPR)
    Destination Clock Delay (DCD):    -0.740ns
    Source Clock Delay      (SCD):    -0.507ns
    Clock Pessimism Removal (CPR):    -0.249ns

    Location             Delay type                Incr(ns)  Path(ns)    Netlist Resource(s)
  -------------------------------------------------------------------    -------------------
                         (clock clk_out1_clk_wiz_0 rise edge)
                                                      0.000     0.000 r  
    H16                                               0.000     0.000 r  clk (IN)
                         net (fo=0)                   0.000     0.000    clk_wiz/inst/clk_in1
    H16                  IBUF (Prop_ibuf_I_O)         0.225     0.225 r  clk_wiz/inst/clkin1_ibufg/O
                         net (fo=1, routed)           0.440     0.665    clk_wiz/inst/clk_in1_clk_wiz_0
    MMCME2_ADV_X0Y1      MMCME2_ADV (Prop_mmcme2_adv_CLKIN1_CLKOUT0)
                                                     -2.268    -1.602 r  clk_wiz/inst/mmcm_adv_inst/CLKOUT0
                         net (fo=1, routed)           0.482    -1.120    clk_wiz/inst/clk_out1_clk_wiz_0
    BUFGCTRL_X0Y16       BUFG (Prop_bufg_I_O)         0.026    -1.094 r  clk_wiz/inst/clkout1_buf/O
                         net (fo=186, routed)         0.588    -0.507    vga_to_hdmi/inst/encb/pix_clk
    SLICE_X39Y13         FDRE                                         r  vga_to_hdmi/inst/encb/n1d_reg[3]/C
  -------------------------------------------------------------------    -------------------
    SLICE_X39Y13         FDRE (Prop_fdre_C_Q)         0.141    -0.366 r  vga_to_hdmi/inst/encb/n1d_reg[3]/Q
                         net (fo=4, routed)           0.123    -0.243    vga_to_hdmi/inst/encb/n1d[3]
    SLICE_X39Y12         LUT6 (Prop_lut6_I3_O)        0.045    -0.198 r  vga_to_hdmi/inst/encb/q_m_reg[1]_i_1/O
                         net (fo=1, routed)           0.000    -0.198    vga_to_hdmi/inst/encb/q_m_1
    SLICE_X39Y12         FDRE                                         r  vga_to_hdmi/inst/encb/q_m_reg_reg[1]/D
  -------------------------------------------------------------------    -------------------

                         (clock clk_out1_clk_wiz_0 rise edge)
                                                      0.000     0.000 r  
    H16                                               0.000     0.000 r  clk (IN)
                         net (fo=0)                   0.000     0.000    clk_wiz/inst/clk_in1
    H16                  IBUF (Prop_ibuf_I_O)         0.413     0.413 r  clk_wiz/inst/clkin1_ibufg/O
                         net (fo=1, routed)           0.480     0.893    clk_wiz/inst/clk_in1_clk_wiz_0
    MMCME2_ADV_X0Y1      MMCME2_ADV (Prop_mmcme2_adv_CLKIN1_CLKOUT0)
                                                     -3.047    -2.154 r  clk_wiz/inst/mmcm_adv_inst/CLKOUT0
                         net (fo=1, routed)           0.528    -1.626    clk_wiz/inst/clk_out1_clk_wiz_0
    BUFGCTRL_X0Y16       BUFG (Prop_bufg_I_O)         0.029    -1.597 r  clk_wiz/inst/clkout1_buf/O
                         net (fo=186, routed)         0.857    -0.740    vga_to_hdmi/inst/encb/pix_clk
    SLICE_X39Y12         FDRE                                         r  vga_to_hdmi/inst/encb/q_m_reg_reg[1]/C
                         clock pessimism              0.249    -0.491    
    SLICE_X39Y12         FDRE (Hold_fdre_C_D)         0.092    -0.399    vga_to_hdmi/inst/encb/q_m_reg_reg[1]
  -------------------------------------------------------------------
                         required time                          0.399    
                         arrival time                          -0.198    
  -------------------------------------------------------------------
                         slack                                  0.201    

Slack (MET) :             0.207ns  (arrival time - required time)
  Source:                 vga_to_hdmi/inst/encg/q_m_reg_reg[6]/C
                            (rising edge-triggered cell FDRE clocked by clk_out1_clk_wiz_0  {rise@0.000ns fall@20.000ns period=40.000ns})
  Destination:            vga_to_hdmi/inst/encg/dout_reg[6]/D
                            (rising edge-triggered cell FDCE clocked by clk_out1_clk_wiz_0  {rise@0.000ns fall@20.000ns period=40.000ns})
  Path Group:             clk_out1_clk_wiz_0
  Path Type:              Hold (Min at Fast Process Corner)
  Requirement:            0.000ns  (clk_out1_clk_wiz_0 rise@0.000ns - clk_out1_clk_wiz_0 rise@0.000ns)
  Data Path Delay:        0.315ns  (logic 0.186ns (59.015%)  route 0.129ns (40.985%))
  Logic Levels:           1  (LUT6=1)
  Clock Path Skew:        0.016ns (DCD - SCD - CPR)
    Destination Clock Delay (DCD):    -0.734ns
    Source Clock Delay      (SCD):    -0.501ns
    Clock Pessimism Removal (CPR):    -0.249ns

    Location             Delay type                Incr(ns)  Path(ns)    Netlist Resource(s)
  -------------------------------------------------------------------    -------------------
                         (clock clk_out1_clk_wiz_0 rise edge)
                                                      0.000     0.000 r  
    H16                                               0.000     0.000 r  clk (IN)
                         net (fo=0)                   0.000     0.000    clk_wiz/inst/clk_in1
    H16                  IBUF (Prop_ibuf_I_O)         0.225     0.225 r  clk_wiz/inst/clkin1_ibufg/O
                         net (fo=1, routed)           0.440     0.665    clk_wiz/inst/clk_in1_clk_wiz_0
    MMCME2_ADV_X0Y1      MMCME2_ADV (Prop_mmcme2_adv_CLKIN1_CLKOUT0)
                                                     -2.268    -1.602 r  clk_wiz/inst/mmcm_adv_inst/CLKOUT0
                         net (fo=1, routed)           0.482    -1.120    clk_wiz/inst/clk_out1_clk_wiz_0
    BUFGCTRL_X0Y16       BUFG (Prop_bufg_I_O)         0.026    -1.094 r  clk_wiz/inst/clkout1_buf/O
                         net (fo=186, routed)         0.594    -0.501    vga_to_hdmi/inst/encg/pix_clk
    SLICE_X41Y3          FDRE                                         r  vga_to_hdmi/inst/encg/q_m_reg_reg[6]/C
  -------------------------------------------------------------------    -------------------
    SLICE_X41Y3          FDRE (Prop_fdre_C_Q)         0.141    -0.360 r  vga_to_hdmi/inst/encg/q_m_reg_reg[6]/Q
                         net (fo=1, routed)           0.129    -0.230    vga_to_hdmi/inst/encg/q_m_reg_reg_n_0_[6]
    SLICE_X43Y4          LUT6 (Prop_lut6_I2_O)        0.045    -0.185 r  vga_to_hdmi/inst/encg/dout[6]_i_1__0/O
                         net (fo=1, routed)           0.000    -0.185    vga_to_hdmi/inst/encg/dout[6]_i_1__0_n_0
    SLICE_X43Y4          FDCE                                         r  vga_to_hdmi/inst/encg/dout_reg[6]/D
  -------------------------------------------------------------------    -------------------

                         (clock clk_out1_clk_wiz_0 rise edge)
                                                      0.000     0.000 r  
    H16                                               0.000     0.000 r  clk (IN)
                         net (fo=0)                   0.000     0.000    clk_wiz/inst/clk_in1
    H16                  IBUF (Prop_ibuf_I_O)         0.413     0.413 r  clk_wiz/inst/clkin1_ibufg/O
                         net (fo=1, routed)           0.480     0.893    clk_wiz/inst/clk_in1_clk_wiz_0
    MMCME2_ADV_X0Y1      MMCME2_ADV (Prop_mmcme2_adv_CLKIN1_CLKOUT0)
                                                     -3.047    -2.154 r  clk_wiz/inst/mmcm_adv_inst/CLKOUT0
                         net (fo=1, routed)           0.528    -1.626    clk_wiz/inst/clk_out1_clk_wiz_0
    BUFGCTRL_X0Y16       BUFG (Prop_bufg_I_O)         0.029    -1.597 r  clk_wiz/inst/clkout1_buf/O
                         net (fo=186, routed)         0.863    -0.734    vga_to_hdmi/inst/encg/pix_clk
    SLICE_X43Y4          FDCE                                         r  vga_to_hdmi/inst/encg/dout_reg[6]/C
                         clock pessimism              0.249    -0.485    
    SLICE_X43Y4          FDCE (Hold_fdce_C_D)         0.092    -0.393    vga_to_hdmi/inst/encg/dout_reg[6]
  -------------------------------------------------------------------
                         required time                          0.393    
                         arrival time                          -0.185    
  -------------------------------------------------------------------
                         slack                                  0.207    

Slack (MET) :             0.216ns  (arrival time - required time)
  Source:                 vga_to_hdmi/inst/encr/n1d_reg[1]/C
                            (rising edge-triggered cell FDRE clocked by clk_out1_clk_wiz_0  {rise@0.000ns fall@20.000ns period=40.000ns})
  Destination:            vga_to_hdmi/inst/encr/q_m_reg_reg[1]/D
                            (rising edge-triggered cell FDRE clocked by clk_out1_clk_wiz_0  {rise@0.000ns fall@20.000ns period=40.000ns})
  Path Group:             clk_out1_clk_wiz_0
  Path Type:              Hold (Min at Fast Process Corner)
  Requirement:            0.000ns  (clk_out1_clk_wiz_0 rise@0.000ns - clk_out1_clk_wiz_0 rise@0.000ns)
  Data Path Delay:        0.308ns  (logic 0.186ns (60.341%)  route 0.122ns (39.659%))
  Logic Levels:           1  (LUT6=1)
  Clock Path Skew:        0.000ns (DCD - SCD - CPR)
    Destination Clock Delay (DCD):    -0.747ns
    Source Clock Delay      (SCD):    -0.511ns
    Clock Pessimism Removal (CPR):    -0.236ns

    Location             Delay type                Incr(ns)  Path(ns)    Netlist Resource(s)
  -------------------------------------------------------------------    -------------------
                         (clock clk_out1_clk_wiz_0 rise edge)
                                                      0.000     0.000 r  
    H16                                               0.000     0.000 r  clk (IN)
                         net (fo=0)                   0.000     0.000    clk_wiz/inst/clk_in1
    H16                  IBUF (Prop_ibuf_I_O)         0.225     0.225 r  clk_wiz/inst/clkin1_ibufg/O
                         net (fo=1, routed)           0.440     0.665    clk_wiz/inst/clk_in1_clk_wiz_0
    MMCME2_ADV_X0Y1      MMCME2_ADV (Prop_mmcme2_adv_CLKIN1_CLKOUT0)
                                                     -2.268    -1.602 r  clk_wiz/inst/mmcm_adv_inst/CLKOUT0
                         net (fo=1, routed)           0.482    -1.120    clk_wiz/inst/clk_out1_clk_wiz_0
    BUFGCTRL_X0Y16       BUFG (Prop_bufg_I_O)         0.026    -1.094 r  clk_wiz/inst/clkout1_buf/O
                         net (fo=186, routed)         0.584    -0.511    vga_to_hdmi/inst/encr/pix_clk
    SLICE_X41Y27         FDRE                                         r  vga_to_hdmi/inst/encr/n1d_reg[1]/C
  -------------------------------------------------------------------    -------------------
    SLICE_X41Y27         FDRE (Prop_fdre_C_Q)         0.141    -0.370 r  vga_to_hdmi/inst/encr/n1d_reg[1]/Q
                         net (fo=4, routed)           0.122    -0.247    vga_to_hdmi/inst/encr/n1d[1]
    SLICE_X41Y27         LUT6 (Prop_lut6_I2_O)        0.045    -0.202 r  vga_to_hdmi/inst/encr/q_m_reg[1]_i_1__1/O
                         net (fo=1, routed)           0.000    -0.202    vga_to_hdmi/inst/encr/q_m_1
    SLICE_X41Y27         FDRE                                         r  vga_to_hdmi/inst/encr/q_m_reg_reg[1]/D
  -------------------------------------------------------------------    -------------------

                         (clock clk_out1_clk_wiz_0 rise edge)
                                                      0.000     0.000 r  
    H16                                               0.000     0.000 r  clk (IN)
                         net (fo=0)                   0.000     0.000    clk_wiz/inst/clk_in1
    H16                  IBUF (Prop_ibuf_I_O)         0.413     0.413 r  clk_wiz/inst/clkin1_ibufg/O
                         net (fo=1, routed)           0.480     0.893    clk_wiz/inst/clk_in1_clk_wiz_0
    MMCME2_ADV_X0Y1      MMCME2_ADV (Prop_mmcme2_adv_CLKIN1_CLKOUT0)
                                                     -3.047    -2.154 r  clk_wiz/inst/mmcm_adv_inst/CLKOUT0
                         net (fo=1, routed)           0.528    -1.626    clk_wiz/inst/clk_out1_clk_wiz_0
    BUFGCTRL_X0Y16       BUFG (Prop_bufg_I_O)         0.029    -1.597 r  clk_wiz/inst/clkout1_buf/O
                         net (fo=186, routed)         0.850    -0.747    vga_to_hdmi/inst/encr/pix_clk
    SLICE_X41Y27         FDRE                                         r  vga_to_hdmi/inst/encr/q_m_reg_reg[1]/C
                         clock pessimism              0.236    -0.511    
    SLICE_X41Y27         FDRE (Hold_fdre_C_D)         0.092    -0.419    vga_to_hdmi/inst/encr/q_m_reg_reg[1]
  -------------------------------------------------------------------
                         required time                          0.419    
                         arrival time                          -0.202    
  -------------------------------------------------------------------
                         slack                                  0.216    

Slack (MET) :             0.227ns  (arrival time - required time)
  Source:                 vga/vertical_counter/val_reg[6]/C
                            (rising edge-triggered cell FDRE clocked by clk_out1_clk_wiz_0  {rise@0.000ns fall@20.000ns period=40.000ns})
  Destination:            vga/vertical_counter/val_reg[6]/D
                            (rising edge-triggered cell FDRE clocked by clk_out1_clk_wiz_0  {rise@0.000ns fall@20.000ns period=40.000ns})
  Path Group:             clk_out1_clk_wiz_0
  Path Type:              Hold (Min at Fast Process Corner)
  Requirement:            0.000ns  (clk_out1_clk_wiz_0 rise@0.000ns - clk_out1_clk_wiz_0 rise@0.000ns)
  Data Path Delay:        0.319ns  (logic 0.186ns (58.245%)  route 0.133ns (41.755%))
  Logic Levels:           1  (LUT6=1)
  Clock Path Skew:        0.000ns (DCD - SCD - CPR)
    Destination Clock Delay (DCD):    -0.736ns
    Source Clock Delay      (SCD):    -0.503ns
    Clock Pessimism Removal (CPR):    -0.233ns

    Location             Delay type                Incr(ns)  Path(ns)    Netlist Resource(s)
  -------------------------------------------------------------------    -------------------
                         (clock clk_out1_clk_wiz_0 rise edge)
                                                      0.000     0.000 r  
    H16                                               0.000     0.000 r  clk (IN)
                         net (fo=0)                   0.000     0.000    clk_wiz/inst/clk_in1
    H16                  IBUF (Prop_ibuf_I_O)         0.225     0.225 r  clk_wiz/inst/clkin1_ibufg/O
                         net (fo=1, routed)           0.440     0.665    clk_wiz/inst/clk_in1_clk_wiz_0
    MMCME2_ADV_X0Y1      MMCME2_ADV (Prop_mmcme2_adv_CLKIN1_CLKOUT0)
                                                     -2.268    -1.602 r  clk_wiz/inst/mmcm_adv_inst/CLKOUT0
                         net (fo=1, routed)           0.482    -1.120    clk_wiz/inst/clk_out1_clk_wiz_0
    BUFGCTRL_X0Y16       BUFG (Prop_bufg_I_O)         0.026    -1.094 r  clk_wiz/inst/clkout1_buf/O
                         net (fo=186, routed)         0.592    -0.503    vga/vertical_counter/CLK
    SLICE_X39Y6          FDRE                                         r  vga/vertical_counter/val_reg[6]/C
  -------------------------------------------------------------------    -------------------
    SLICE_X39Y6          FDRE (Prop_fdre_C_Q)         0.141    -0.362 r  vga/vertical_counter/val_reg[6]/Q
                         net (fo=5, routed)           0.133    -0.228    vga/vertical_counter/y_pix[6]
    SLICE_X39Y6          LUT6 (Prop_lut6_I3_O)        0.045    -0.183 r  vga/vertical_counter/val[6]_i_1__0/O
                         net (fo=1, routed)           0.000    -0.183    vga/vertical_counter/val[6]
    SLICE_X39Y6          FDRE                                         r  vga/vertical_counter/val_reg[6]/D
  -------------------------------------------------------------------    -------------------

                         (clock clk_out1_clk_wiz_0 rise edge)
                                                      0.000     0.000 r  
    H16                                               0.000     0.000 r  clk (IN)
                         net (fo=0)                   0.000     0.000    clk_wiz/inst/clk_in1
    H16                  IBUF (Prop_ibuf_I_O)         0.413     0.413 r  clk_wiz/inst/clkin1_ibufg/O
                         net (fo=1, routed)           0.480     0.893    clk_wiz/inst/clk_in1_clk_wiz_0
    MMCME2_ADV_X0Y1      MMCME2_ADV (Prop_mmcme2_adv_CLKIN1_CLKOUT0)
                                                     -3.047    -2.154 r  clk_wiz/inst/mmcm_adv_inst/CLKOUT0
                         net (fo=1, routed)           0.528    -1.626    clk_wiz/inst/clk_out1_clk_wiz_0
    BUFGCTRL_X0Y16       BUFG (Prop_bufg_I_O)         0.029    -1.597 r  clk_wiz/inst/clkout1_buf/O
                         net (fo=186, routed)         0.861    -0.736    vga/vertical_counter/CLK
    SLICE_X39Y6          FDRE                                         r  vga/vertical_counter/val_reg[6]/C
                         clock pessimism              0.233    -0.503    
    SLICE_X39Y6          FDRE (Hold_fdre_C_D)         0.092    -0.411    vga/vertical_counter/val_reg[6]
  -------------------------------------------------------------------
                         required time                          0.411    
                         arrival time                          -0.183    
  -------------------------------------------------------------------
                         slack                                  0.227    

Slack (MET) :             0.229ns  (arrival time - required time)
  Source:                 vga_to_hdmi/inst/encg/q_m_reg_reg[3]/C
                            (rising edge-triggered cell FDRE clocked by clk_out1_clk_wiz_0  {rise@0.000ns fall@20.000ns period=40.000ns})
  Destination:            vga_to_hdmi/inst/encg/dout_reg[3]/D
                            (rising edge-triggered cell FDCE clocked by clk_out1_clk_wiz_0  {rise@0.000ns fall@20.000ns period=40.000ns})
  Path Group:             clk_out1_clk_wiz_0
  Path Type:              Hold (Min at Fast Process Corner)
  Requirement:            0.000ns  (clk_out1_clk_wiz_0 rise@0.000ns - clk_out1_clk_wiz_0 rise@0.000ns)
  Data Path Delay:        0.366ns  (logic 0.227ns (62.058%)  route 0.139ns (37.942%))
  Logic Levels:           1  (LUT6=1)
  Clock Path Skew:        0.016ns (DCD - SCD - CPR)
    Destination Clock Delay (DCD):    -0.734ns
    Source Clock Delay      (SCD):    -0.501ns
    Clock Pessimism Removal (CPR):    -0.249ns

    Location             Delay type                Incr(ns)  Path(ns)    Netlist Resource(s)
  -------------------------------------------------------------------    -------------------
                         (clock clk_out1_clk_wiz_0 rise edge)
                                                      0.000     0.000 r  
    H16                                               0.000     0.000 r  clk (IN)
                         net (fo=0)                   0.000     0.000    clk_wiz/inst/clk_in1
    H16                  IBUF (Prop_ibuf_I_O)         0.225     0.225 r  clk_wiz/inst/clkin1_ibufg/O
                         net (fo=1, routed)           0.440     0.665    clk_wiz/inst/clk_in1_clk_wiz_0
    MMCME2_ADV_X0Y1      MMCME2_ADV (Prop_mmcme2_adv_CLKIN1_CLKOUT0)
                                                     -2.268    -1.602 r  clk_wiz/inst/mmcm_adv_inst/CLKOUT0
                         net (fo=1, routed)           0.482    -1.120    clk_wiz/inst/clk_out1_clk_wiz_0
    BUFGCTRL_X0Y16       BUFG (Prop_bufg_I_O)         0.026    -1.094 r  clk_wiz/inst/clkout1_buf/O
                         net (fo=186, routed)         0.594    -0.501    vga_to_hdmi/inst/encg/pix_clk
    SLICE_X40Y4          FDRE                                         r  vga_to_hdmi/inst/encg/q_m_reg_reg[3]/C
  -------------------------------------------------------------------    -------------------
    SLICE_X40Y4          FDRE (Prop_fdre_C_Q)         0.128    -0.373 r  vga_to_hdmi/inst/encg/q_m_reg_reg[3]/Q
                         net (fo=1, routed)           0.139    -0.234    vga_to_hdmi/inst/encg/q_m_reg_reg_n_0_[3]
    SLICE_X42Y4          LUT6 (Prop_lut6_I2_O)        0.099    -0.135 r  vga_to_hdmi/inst/encg/dout[3]_i_1__0/O
                         net (fo=1, routed)           0.000    -0.135    vga_to_hdmi/inst/encg/dout[3]_i_1__0_n_0
    SLICE_X42Y4          FDCE                                         r  vga_to_hdmi/inst/encg/dout_reg[3]/D
  -------------------------------------------------------------------    -------------------

                         (clock clk_out1_clk_wiz_0 rise edge)
                                                      0.000     0.000 r  
    H16                                               0.000     0.000 r  clk (IN)
                         net (fo=0)                   0.000     0.000    clk_wiz/inst/clk_in1
    H16                  IBUF (Prop_ibuf_I_O)         0.413     0.413 r  clk_wiz/inst/clkin1_ibufg/O
                         net (fo=1, routed)           0.480     0.893    clk_wiz/inst/clk_in1_clk_wiz_0
    MMCME2_ADV_X0Y1      MMCME2_ADV (Prop_mmcme2_adv_CLKIN1_CLKOUT0)
                                                     -3.047    -2.154 r  clk_wiz/inst/mmcm_adv_inst/CLKOUT0
                         net (fo=1, routed)           0.528    -1.626    clk_wiz/inst/clk_out1_clk_wiz_0
    BUFGCTRL_X0Y16       BUFG (Prop_bufg_I_O)         0.029    -1.597 r  clk_wiz/inst/clkout1_buf/O
                         net (fo=186, routed)         0.863    -0.734    vga_to_hdmi/inst/encg/pix_clk
    SLICE_X42Y4          FDCE                                         r  vga_to_hdmi/inst/encg/dout_reg[3]/C
                         clock pessimism              0.249    -0.485    
    SLICE_X42Y4          FDCE (Hold_fdce_C_D)         0.121    -0.364    vga_to_hdmi/inst/encg/dout_reg[3]
  -------------------------------------------------------------------
                         required time                          0.364    
                         arrival time                          -0.135    
  -------------------------------------------------------------------
                         slack                                  0.229    

Slack (MET) :             0.231ns  (arrival time - required time)
  Source:                 vga_to_hdmi/inst/encb/q_m_reg_reg[6]/C
                            (rising edge-triggered cell FDRE clocked by clk_out1_clk_wiz_0  {rise@0.000ns fall@20.000ns period=40.000ns})
  Destination:            vga_to_hdmi/inst/encb/dout_reg[6]/D
                            (rising edge-triggered cell FDCE clocked by clk_out1_clk_wiz_0  {rise@0.000ns fall@20.000ns period=40.000ns})
  Path Group:             clk_out1_clk_wiz_0
  Path Type:              Hold (Min at Fast Process Corner)
  Requirement:            0.000ns  (clk_out1_clk_wiz_0 rise@0.000ns - clk_out1_clk_wiz_0 rise@0.000ns)
  Data Path Delay:        0.368ns  (logic 0.186ns (50.487%)  route 0.182ns (49.513%))
  Logic Levels:           1  (LUT6=1)
  Clock Path Skew:        0.016ns (DCD - SCD - CPR)
    Destination Clock Delay (DCD):    -0.735ns
    Source Clock Delay      (SCD):    -0.502ns
    Clock Pessimism Removal (CPR):    -0.249ns

    Location             Delay type                Incr(ns)  Path(ns)    Netlist Resource(s)
  -------------------------------------------------------------------    -------------------
                         (clock clk_out1_clk_wiz_0 rise edge)
                                                      0.000     0.000 r  
    H16                                               0.000     0.000 r  clk (IN)
                         net (fo=0)                   0.000     0.000    clk_wiz/inst/clk_in1
    H16                  IBUF (Prop_ibuf_I_O)         0.225     0.225 r  clk_wiz/inst/clkin1_ibufg/O
                         net (fo=1, routed)           0.440     0.665    clk_wiz/inst/clk_in1_clk_wiz_0
    MMCME2_ADV_X0Y1      MMCME2_ADV (Prop_mmcme2_adv_CLKIN1_CLKOUT0)
                                                     -2.268    -1.602 r  clk_wiz/inst/mmcm_adv_inst/CLKOUT0
                         net (fo=1, routed)           0.482    -1.120    clk_wiz/inst/clk_out1_clk_wiz_0
    BUFGCTRL_X0Y16       BUFG (Prop_bufg_I_O)         0.026    -1.094 r  clk_wiz/inst/clkout1_buf/O
                         net (fo=186, routed)         0.593    -0.502    vga_to_hdmi/inst/encb/pix_clk
    SLICE_X41Y9          FDRE                                         r  vga_to_hdmi/inst/encb/q_m_reg_reg[6]/C
  -------------------------------------------------------------------    -------------------
    SLICE_X41Y9          FDRE (Prop_fdre_C_Q)         0.141    -0.361 r  vga_to_hdmi/inst/encb/q_m_reg_reg[6]/Q
                         net (fo=1, routed)           0.182    -0.178    vga_to_hdmi/inst/encb/q_m_reg_reg_n_0_[6]
    SLICE_X42Y8          LUT6 (Prop_lut6_I0_O)        0.045    -0.133 r  vga_to_hdmi/inst/encb/dout[6]_i_1/O
                         net (fo=1, routed)           0.000    -0.133    vga_to_hdmi/inst/encb/dout[6]_i_1_n_0
    SLICE_X42Y8          FDCE                                         r  vga_to_hdmi/inst/encb/dout_reg[6]/D
  -------------------------------------------------------------------    -------------------

                         (clock clk_out1_clk_wiz_0 rise edge)
                                                      0.000     0.000 r  
    H16                                               0.000     0.000 r  clk (IN)
                         net (fo=0)                   0.000     0.000    clk_wiz/inst/clk_in1
    H16                  IBUF (Prop_ibuf_I_O)         0.413     0.413 r  clk_wiz/inst/clkin1_ibufg/O
                         net (fo=1, routed)           0.480     0.893    clk_wiz/inst/clk_in1_clk_wiz_0
    MMCME2_ADV_X0Y1      MMCME2_ADV (Prop_mmcme2_adv_CLKIN1_CLKOUT0)
                                                     -3.047    -2.154 r  clk_wiz/inst/mmcm_adv_inst/CLKOUT0
                         net (fo=1, routed)           0.528    -1.626    clk_wiz/inst/clk_out1_clk_wiz_0
    BUFGCTRL_X0Y16       BUFG (Prop_bufg_I_O)         0.029    -1.597 r  clk_wiz/inst/clkout1_buf/O
                         net (fo=186, routed)         0.862    -0.735    vga_to_hdmi/inst/encb/pix_clk
    SLICE_X42Y8          FDCE                                         r  vga_to_hdmi/inst/encb/dout_reg[6]/C
                         clock pessimism              0.249    -0.486    
    SLICE_X42Y8          FDCE (Hold_fdce_C_D)         0.121    -0.365    vga_to_hdmi/inst/encb/dout_reg[6]
  -------------------------------------------------------------------
                         required time                          0.365    
                         arrival time                          -0.133    
  -------------------------------------------------------------------
                         slack                                  0.231    

Slack (MET) :             0.234ns  (arrival time - required time)
  Source:                 vga_to_hdmi/inst/encg/cnt_reg[1]/C
                            (rising edge-triggered cell FDCE clocked by clk_out1_clk_wiz_0  {rise@0.000ns fall@20.000ns period=40.000ns})
  Destination:            vga_to_hdmi/inst/encg/cnt_reg[1]/D
                            (rising edge-triggered cell FDCE clocked by clk_out1_clk_wiz_0  {rise@0.000ns fall@20.000ns period=40.000ns})
  Path Group:             clk_out1_clk_wiz_0
  Path Type:              Hold (Min at Fast Process Corner)
  Requirement:            0.000ns  (clk_out1_clk_wiz_0 rise@0.000ns - clk_out1_clk_wiz_0 rise@0.000ns)
  Data Path Delay:        0.325ns  (logic 0.186ns (57.176%)  route 0.139ns (42.824%))
  Logic Levels:           1  (LUT6=1)
  Clock Path Skew:        0.000ns (DCD - SCD - CPR)
    Destination Clock Delay (DCD):    -0.735ns
    Source Clock Delay      (SCD):    -0.502ns
    Clock Pessimism Removal (CPR):    -0.233ns

    Location             Delay type                Incr(ns)  Path(ns)    Netlist Resource(s)
  -------------------------------------------------------------------    -------------------
                         (clock clk_out1_clk_wiz_0 rise edge)
                                                      0.000     0.000 r  
    H16                                               0.000     0.000 r  clk (IN)
                         net (fo=0)                   0.000     0.000    clk_wiz/inst/clk_in1
    H16                  IBUF (Prop_ibuf_I_O)         0.225     0.225 r  clk_wiz/inst/clkin1_ibufg/O
                         net (fo=1, routed)           0.440     0.665    clk_wiz/inst/clk_in1_clk_wiz_0
    MMCME2_ADV_X0Y1      MMCME2_ADV (Prop_mmcme2_adv_CLKIN1_CLKOUT0)
                                                     -2.268    -1.602 r  clk_wiz/inst/mmcm_adv_inst/CLKOUT0
                         net (fo=1, routed)           0.482    -1.120    clk_wiz/inst/clk_out1_clk_wiz_0
    BUFGCTRL_X0Y16       BUFG (Prop_bufg_I_O)         0.026    -1.094 r  clk_wiz/inst/clkout1_buf/O
                         net (fo=186, routed)         0.593    -0.502    vga_to_hdmi/inst/encg/pix_clk
    SLICE_X39Y2          FDCE                                         r  vga_to_hdmi/inst/encg/cnt_reg[1]/C
  -------------------------------------------------------------------    -------------------
    SLICE_X39Y2          FDCE (Prop_fdce_C_Q)         0.141    -0.361 r  vga_to_hdmi/inst/encg/cnt_reg[1]/Q
                         net (fo=13, routed)          0.139    -0.221    vga_to_hdmi/inst/encg/cnt[1]
    SLICE_X39Y2          LUT6 (Prop_lut6_I2_O)        0.045    -0.176 r  vga_to_hdmi/inst/encg/cnt[1]_i_1__0/O
                         net (fo=1, routed)           0.000    -0.176    vga_to_hdmi/inst/encg/cnt[1]_i_1__0_n_0
    SLICE_X39Y2          FDCE                                         r  vga_to_hdmi/inst/encg/cnt_reg[1]/D
  -------------------------------------------------------------------    -------------------

                         (clock clk_out1_clk_wiz_0 rise edge)
                                                      0.000     0.000 r  
    H16                                               0.000     0.000 r  clk (IN)
                         net (fo=0)                   0.000     0.000    clk_wiz/inst/clk_in1
    H16                  IBUF (Prop_ibuf_I_O)         0.413     0.413 r  clk_wiz/inst/clkin1_ibufg/O
                         net (fo=1, routed)           0.480     0.893    clk_wiz/inst/clk_in1_clk_wiz_0
    MMCME2_ADV_X0Y1      MMCME2_ADV (Prop_mmcme2_adv_CLKIN1_CLKOUT0)
                                                     -3.047    -2.154 r  clk_wiz/inst/mmcm_adv_inst/CLKOUT0
                         net (fo=1, routed)           0.528    -1.626    clk_wiz/inst/clk_out1_clk_wiz_0
    BUFGCTRL_X0Y16       BUFG (Prop_bufg_I_O)         0.029    -1.597 r  clk_wiz/inst/clkout1_buf/O
                         net (fo=186, routed)         0.862    -0.735    vga_to_hdmi/inst/encg/pix_clk
    SLICE_X39Y2          FDCE                                         r  vga_to_hdmi/inst/encg/cnt_reg[1]/C
                         clock pessimism              0.233    -0.502    
    SLICE_X39Y2          FDCE (Hold_fdce_C_D)         0.091    -0.411    vga_to_hdmi/inst/encg/cnt_reg[1]
  -------------------------------------------------------------------
                         required time                          0.411    
                         arrival time                          -0.176    
  -------------------------------------------------------------------
                         slack                                  0.234    





Pulse Width Checks
--------------------------------------------------------------------------------------
Clock Name:         clk_out1_clk_wiz_0
Waveform(ns):       { 0.000 20.000 }
Period(ns):         40.000
Sources:            { clk_wiz/inst/mmcm_adv_inst/CLKOUT0 }

Check Type        Corner  Lib Pin             Reference Pin  Required(ns)  Actual(ns)  Slack(ns)  Location         Pin
Min Period        n/a     BUFG/I              n/a            2.155         40.000      37.845     BUFGCTRL_X0Y16   clk_wiz/inst/clkout1_buf/I
Min Period        n/a     OSERDESE2/CLKDIV    n/a            1.667         40.000      38.333     OLOGIC_X0Y8      vga_to_hdmi/inst/serial_b/oserdes_m/CLKDIV
Min Period        n/a     OSERDESE2/CLKDIV    n/a            1.667         40.000      38.333     OLOGIC_X0Y7      vga_to_hdmi/inst/serial_b/oserdes_s/CLKDIV
Min Period        n/a     OSERDESE2/CLKDIV    n/a            1.667         40.000      38.333     OLOGIC_X0Y26     vga_to_hdmi/inst/serial_clk/oserdes_m/CLKDIV
Min Period        n/a     OSERDESE2/CLKDIV    n/a            1.667         40.000      38.333     OLOGIC_X0Y25     vga_to_hdmi/inst/serial_clk/oserdes_s/CLKDIV
Min Period        n/a     OSERDESE2/CLKDIV    n/a            1.667         40.000      38.333     OLOGIC_X0Y4      vga_to_hdmi/inst/serial_g/oserdes_m/CLKDIV
Min Period        n/a     OSERDESE2/CLKDIV    n/a            1.667         40.000      38.333     OLOGIC_X0Y3      vga_to_hdmi/inst/serial_g/oserdes_s/CLKDIV
Min Period        n/a     OSERDESE2/CLKDIV    n/a            1.667         40.000      38.333     OLOGIC_X0Y24     vga_to_hdmi/inst/serial_r/oserdes_m/CLKDIV
Min Period        n/a     OSERDESE2/CLKDIV    n/a            1.667         40.000      38.333     OLOGIC_X0Y23     vga_to_hdmi/inst/serial_r/oserdes_s/CLKDIV
Min Period        n/a     MMCME2_ADV/CLKOUT0  n/a            1.249         40.000      38.751     MMCME2_ADV_X0Y1  clk_wiz/inst/mmcm_adv_inst/CLKOUT0
Max Period        n/a     MMCME2_ADV/CLKOUT0  n/a            213.360       40.000      173.360    MMCME2_ADV_X0Y1  clk_wiz/inst/mmcm_adv_inst/CLKOUT0
Low Pulse Width   Slow    SRL16E/CLK          n/a            0.980         20.000      19.020     SLICE_X42Y5      vga_to_hdmi/inst/encg/c0_q_reg_srl2/CLK
Low Pulse Width   Fast    SRL16E/CLK          n/a            0.980         20.000      19.020     SLICE_X42Y5      vga_to_hdmi/inst/encg/c0_q_reg_srl2/CLK
Low Pulse Width   Slow    SRL16E/CLK          n/a            0.980         20.000      19.020     SLICE_X42Y27     vga_to_hdmi/inst/srldly_0/srl[16].srl16_i/CLK
Low Pulse Width   Fast    SRL16E/CLK          n/a            0.980         20.000      19.020     SLICE_X42Y27     vga_to_hdmi/inst/srldly_0/srl[16].srl16_i/CLK
Low Pulse Width   Slow    SRL16E/CLK          n/a            0.980         20.000      19.020     SLICE_X42Y27     vga_to_hdmi/inst/srldly_0/srl[17].srl16_i/CLK
Low Pulse Width   Fast    SRL16E/CLK          n/a            0.980         20.000      19.020     SLICE_X42Y27     vga_to_hdmi/inst/srldly_0/srl[17].srl16_i/CLK
Low Pulse Width   Slow    SRL16E/CLK          n/a            0.980         20.000      19.020     SLICE_X42Y27     vga_to_hdmi/inst/srldly_0/srl[18].srl16_i/CLK
Low Pulse Width   Fast    SRL16E/CLK          n/a            0.980         20.000      19.020     SLICE_X42Y27     vga_to_hdmi/inst/srldly_0/srl[18].srl16_i/CLK
Low Pulse Width   Slow    SRL16E/CLK          n/a            0.980         20.000      19.020     SLICE_X42Y27     vga_to_hdmi/inst/srldly_0/srl[19].srl16_i/CLK
Low Pulse Width   Fast    SRL16E/CLK          n/a            0.980         20.000      19.020     SLICE_X42Y27     vga_to_hdmi/inst/srldly_0/srl[19].srl16_i/CLK
High Pulse Width  Slow    SRL16E/CLK          n/a            0.980         20.000      19.020     SLICE_X42Y5      vga_to_hdmi/inst/encg/c0_q_reg_srl2/CLK
High Pulse Width  Fast    SRL16E/CLK          n/a            0.980         20.000      19.020     SLICE_X42Y5      vga_to_hdmi/inst/encg/c0_q_reg_srl2/CLK
High Pulse Width  Slow    SRL16E/CLK          n/a            0.980         20.000      19.020     SLICE_X42Y27     vga_to_hdmi/inst/srldly_0/srl[16].srl16_i/CLK
High Pulse Width  Fast    SRL16E/CLK          n/a            0.980         20.000      19.020     SLICE_X42Y27     vga_to_hdmi/inst/srldly_0/srl[16].srl16_i/CLK
High Pulse Width  Slow    SRL16E/CLK          n/a            0.980         20.000      19.020     SLICE_X42Y27     vga_to_hdmi/inst/srldly_0/srl[17].srl16_i/CLK
High Pulse Width  Fast    SRL16E/CLK          n/a            0.980         20.000      19.020     SLICE_X42Y27     vga_to_hdmi/inst/srldly_0/srl[17].srl16_i/CLK
High Pulse Width  Slow    SRL16E/CLK          n/a            0.980         20.000      19.020     SLICE_X42Y27     vga_to_hdmi/inst/srldly_0/srl[18].srl16_i/CLK
High Pulse Width  Fast    SRL16E/CLK          n/a            0.980         20.000      19.020     SLICE_X42Y27     vga_to_hdmi/inst/srldly_0/srl[18].srl16_i/CLK
High Pulse Width  Slow    SRL16E/CLK          n/a            0.980         20.000      19.020     SLICE_X42Y27     vga_to_hdmi/inst/srldly_0/srl[19].srl16_i/CLK
High Pulse Width  Fast    SRL16E/CLK          n/a            0.980         20.000      19.020     SLICE_X42Y27     vga_to_hdmi/inst/srldly_0/srl[19].srl16_i/CLK



---------------------------------------------------------------------------------------------------
From Clock:  clk_out2_clk_wiz_0
  To Clock:  clk_out2_clk_wiz_0

Setup :           NA  Failing Endpoints,  Worst Slack           NA  ,  Total Violation           NA
Hold  :           NA  Failing Endpoints,  Worst Slack           NA  ,  Total Violation           NA
PW    :            0  Failing Endpoints,  Worst Slack        5.845ns,  Total Violation        0.000ns
---------------------------------------------------------------------------------------------------


Pulse Width Checks
--------------------------------------------------------------------------------------
Clock Name:         clk_out2_clk_wiz_0
Waveform(ns):       { 0.000 4.000 }
Period(ns):         8.000
Sources:            { clk_wiz/inst/mmcm_adv_inst/CLKOUT1 }

Check Type  Corner  Lib Pin             Reference Pin  Required(ns)  Actual(ns)  Slack(ns)  Location         Pin
Min Period  n/a     BUFG/I              n/a            2.155         8.000       5.845      BUFGCTRL_X0Y17   clk_wiz/inst/clkout2_buf/I
Min Period  n/a     OSERDESE2/CLK       n/a            1.667         8.000       6.333      OLOGIC_X0Y8      vga_to_hdmi/inst/serial_b/oserdes_m/CLK
Min Period  n/a     OSERDESE2/CLK       n/a            1.667         8.000       6.333      OLOGIC_X0Y7      vga_to_hdmi/inst/serial_b/oserdes_s/CLK
Min Period  n/a     OSERDESE2/CLK       n/a            1.667         8.000       6.333      OLOGIC_X0Y26     vga_to_hdmi/inst/serial_clk/oserdes_m/CLK
Min Period  n/a     OSERDESE2/CLK       n/a            1.667         8.000       6.333      OLOGIC_X0Y25     vga_to_hdmi/inst/serial_clk/oserdes_s/CLK
Min Period  n/a     OSERDESE2/CLK       n/a            1.667         8.000       6.333      OLOGIC_X0Y4      vga_to_hdmi/inst/serial_g/oserdes_m/CLK
Min Period  n/a     OSERDESE2/CLK       n/a            1.667         8.000       6.333      OLOGIC_X0Y3      vga_to_hdmi/inst/serial_g/oserdes_s/CLK
Min Period  n/a     OSERDESE2/CLK       n/a            1.667         8.000       6.333      OLOGIC_X0Y24     vga_to_hdmi/inst/serial_r/oserdes_m/CLK
Min Period  n/a     OSERDESE2/CLK       n/a            1.667         8.000       6.333      OLOGIC_X0Y23     vga_to_hdmi/inst/serial_r/oserdes_s/CLK
Min Period  n/a     MMCME2_ADV/CLKOUT1  n/a            1.249         8.000       6.751      MMCME2_ADV_X0Y1  clk_wiz/inst/mmcm_adv_inst/CLKOUT1
Max Period  n/a     MMCME2_ADV/CLKOUT1  n/a            213.360       8.000       205.360    MMCME2_ADV_X0Y1  clk_wiz/inst/mmcm_adv_inst/CLKOUT1



---------------------------------------------------------------------------------------------------
From Clock:  clkfbout_clk_wiz_0
  To Clock:  clkfbout_clk_wiz_0

Setup :           NA  Failing Endpoints,  Worst Slack           NA  ,  Total Violation           NA
Hold  :           NA  Failing Endpoints,  Worst Slack           NA  ,  Total Violation           NA
PW    :            0  Failing Endpoints,  Worst Slack        7.845ns,  Total Violation        0.000ns
---------------------------------------------------------------------------------------------------


Pulse Width Checks
--------------------------------------------------------------------------------------
Clock Name:         clkfbout_clk_wiz_0
Waveform(ns):       { 0.000 5.000 }
Period(ns):         10.000
Sources:            { clk_wiz/inst/mmcm_adv_inst/CLKFBOUT }

Check Type  Corner  Lib Pin              Reference Pin  Required(ns)  Actual(ns)  Slack(ns)  Location         Pin
Min Period  n/a     BUFG/I               n/a            2.155         10.000      7.845      BUFGCTRL_X0Y18   clk_wiz/inst/clkf_buf/I
Min Period  n/a     MMCME2_ADV/CLKFBOUT  n/a            1.249         10.000      8.751      MMCME2_ADV_X0Y1  clk_wiz/inst/mmcm_adv_inst/CLKFBOUT
Min Period  n/a     MMCME2_ADV/CLKFBIN   n/a            1.249         10.000      8.751      MMCME2_ADV_X0Y1  clk_wiz/inst/mmcm_adv_inst/CLKFBIN
Max Period  n/a     MMCME2_ADV/CLKFBIN   n/a            100.000       10.000      90.000     MMCME2_ADV_X0Y1  clk_wiz/inst/mmcm_adv_inst/CLKFBIN
Max Period  n/a     MMCME2_ADV/CLKFBOUT  n/a            213.360       10.000      203.360    MMCME2_ADV_X0Y1  clk_wiz/inst/mmcm_adv_inst/CLKFBOUT



--------------------------------------------------------------------------------------
Path Group:  (none)
From Clock:  clk_out2_clk_wiz_0
  To Clock:  

Max Delay             8 Endpoints
Min Delay             8 Endpoints
--------------------------------------------------------------------------------------


Max Delay Paths
--------------------------------------------------------------------------------------
Slack:                    inf
  Source:                 vga_to_hdmi/inst/serial_clk/oserdes_m/CLK
                            (rising edge-triggered cell OSERDESE2 clocked by clk_out2_clk_wiz_0  {rise@0.000ns fall@4.000ns period=8.000ns})
  Destination:            hdmi_clk_n
                            (output port)
  Path Group:             (none)
  Path Type:              Max at Slow Process Corner
  Data Path Delay:        2.387ns  (logic 2.386ns (99.958%)  route 0.001ns (0.042%))
  Logic Levels:           1  (OBUFDS=1)
  Clock Uncertainty:      0.166ns  ((TSJ^2 + DJ^2)^1/2) / 2 + PE
    Total System Jitter     (TSJ):    0.050ns
    Discrete Jitter          (DJ):    0.125ns
    Phase Error              (PE):    0.099ns

    Location             Delay type                Incr(ns)  Path(ns)    Netlist Resource(s)
  -------------------------------------------------------------------    -------------------
                         (clock clk_out2_clk_wiz_0 rise edge)
                                                      0.000     0.000 r  
    H16                                               0.000     0.000 r  clk (IN)
                         net (fo=0)                   0.000     0.000    clk_wiz/inst/clk_in1
    H16                  IBUF (Prop_ibuf_I_O)         1.457     1.457 r  clk_wiz/inst/clkin1_ibufg/O
                         net (fo=1, routed)           1.285     2.742    clk_wiz/inst/clk_in1_clk_wiz_0
    MMCME2_ADV_X0Y1      MMCME2_ADV (Prop_mmcme2_adv_CLKIN1_CLKOUT1)
                                                     -6.996    -4.254 r  clk_wiz/inst/mmcm_adv_inst/CLKOUT1
                         net (fo=1, routed)           1.760    -2.494    clk_wiz/inst/clk_out2_clk_wiz_0
    BUFGCTRL_X0Y17       BUFG (Prop_bufg_I_O)         0.101    -2.393 r  clk_wiz/inst/clkout2_buf/O
                         net (fo=8, routed)           1.761    -0.631    vga_to_hdmi/inst/serial_clk/pix_clkx5
    OLOGIC_X0Y26         OSERDESE2                                    r  vga_to_hdmi/inst/serial_clk/oserdes_m/CLK
  -------------------------------------------------------------------    -------------------
    OLOGIC_X0Y26         OSERDESE2 (Prop_oserdese2_CLK_OQ)
                                                      0.472    -0.159 r  vga_to_hdmi/inst/serial_clk/oserdes_m/OQ
                         net (fo=1, routed)           0.001    -0.158    vga_to_hdmi/inst/tmdsclk
    U18                  OBUFDS (Prop_obufds_I_OB)    1.914     1.756 r  vga_to_hdmi/inst/OBUFDS_CLK/OB
                         net (fo=0)                   0.000     1.756    hdmi_clk_n
    U19                                                               r  hdmi_clk_n (OUT)
  -------------------------------------------------------------------    -------------------

Slack:                    inf
  Source:                 vga_to_hdmi/inst/serial_clk/oserdes_m/CLK
                            (rising edge-triggered cell OSERDESE2 clocked by clk_out2_clk_wiz_0  {rise@0.000ns fall@4.000ns period=8.000ns})
  Destination:            hdmi_clk_p
                            (output port)
  Path Group:             (none)
  Path Type:              Max at Slow Process Corner
  Data Path Delay:        2.386ns  (logic 2.385ns (99.958%)  route 0.001ns (0.042%))
  Logic Levels:           1  (OBUFDS=1)
  Clock Uncertainty:      0.166ns  ((TSJ^2 + DJ^2)^1/2) / 2 + PE
    Total System Jitter     (TSJ):    0.050ns
    Discrete Jitter          (DJ):    0.125ns
    Phase Error              (PE):    0.099ns

    Location             Delay type                Incr(ns)  Path(ns)    Netlist Resource(s)
  -------------------------------------------------------------------    -------------------
                         (clock clk_out2_clk_wiz_0 rise edge)
                                                      0.000     0.000 r  
    H16                                               0.000     0.000 r  clk (IN)
                         net (fo=0)                   0.000     0.000    clk_wiz/inst/clk_in1
    H16                  IBUF (Prop_ibuf_I_O)         1.457     1.457 r  clk_wiz/inst/clkin1_ibufg/O
                         net (fo=1, routed)           1.285     2.742    clk_wiz/inst/clk_in1_clk_wiz_0
    MMCME2_ADV_X0Y1      MMCME2_ADV (Prop_mmcme2_adv_CLKIN1_CLKOUT1)
                                                     -6.996    -4.254 r  clk_wiz/inst/mmcm_adv_inst/CLKOUT1
                         net (fo=1, routed)           1.760    -2.494    clk_wiz/inst/clk_out2_clk_wiz_0
    BUFGCTRL_X0Y17       BUFG (Prop_bufg_I_O)         0.101    -2.393 r  clk_wiz/inst/clkout2_buf/O
                         net (fo=8, routed)           1.761    -0.631    vga_to_hdmi/inst/serial_clk/pix_clkx5
    OLOGIC_X0Y26         OSERDESE2                                    r  vga_to_hdmi/inst/serial_clk/oserdes_m/CLK
  -------------------------------------------------------------------    -------------------
    OLOGIC_X0Y26         OSERDESE2 (Prop_oserdese2_CLK_OQ)
                                                      0.472    -0.159 r  vga_to_hdmi/inst/serial_clk/oserdes_m/OQ
                         net (fo=1, routed)           0.001    -0.158    vga_to_hdmi/inst/tmdsclk
    U18                  OBUFDS (Prop_obufds_I_O)     1.913     1.755 r  vga_to_hdmi/inst/OBUFDS_CLK/O
                         net (fo=0)                   0.000     1.755    hdmi_clk_p
    U18                                                               r  hdmi_clk_p (OUT)
  -------------------------------------------------------------------    -------------------

Slack:                    inf
  Source:                 vga_to_hdmi/inst/serial_g/oserdes_m/CLK
                            (rising edge-triggered cell OSERDESE2 clocked by clk_out2_clk_wiz_0  {rise@0.000ns fall@4.000ns period=8.000ns})
  Destination:            hdmi_tx_n[1]
                            (output port)
  Path Group:             (none)
  Path Type:              Max at Slow Process Corner
  Data Path Delay:        2.352ns  (logic 2.351ns (99.958%)  route 0.001ns (0.043%))
  Logic Levels:           1  (OBUFDS=1)
  Clock Uncertainty:      0.166ns  ((TSJ^2 + DJ^2)^1/2) / 2 + PE
    Total System Jitter     (TSJ):    0.050ns
    Discrete Jitter          (DJ):    0.125ns
    Phase Error              (PE):    0.099ns

    Location             Delay type                Incr(ns)  Path(ns)    Netlist Resource(s)
  -------------------------------------------------------------------    -------------------
                         (clock clk_out2_clk_wiz_0 rise edge)
                                                      0.000     0.000 r  
    H16                                               0.000     0.000 r  clk (IN)
                         net (fo=0)                   0.000     0.000    clk_wiz/inst/clk_in1
    H16                  IBUF (Prop_ibuf_I_O)         1.457     1.457 r  clk_wiz/inst/clkin1_ibufg/O
                         net (fo=1, routed)           1.285     2.742    clk_wiz/inst/clk_in1_clk_wiz_0
    MMCME2_ADV_X0Y1      MMCME2_ADV (Prop_mmcme2_adv_CLKIN1_CLKOUT1)
                                                     -6.996    -4.254 r  clk_wiz/inst/mmcm_adv_inst/CLKOUT1
                         net (fo=1, routed)           1.760    -2.494    clk_wiz/inst/clk_out2_clk_wiz_0
    BUFGCTRL_X0Y17       BUFG (Prop_bufg_I_O)         0.101    -2.393 r  clk_wiz/inst/clkout2_buf/O
                         net (fo=8, routed)           1.779    -0.613    vga_to_hdmi/inst/serial_g/pix_clkx5
    OLOGIC_X0Y4          OSERDESE2                                    r  vga_to_hdmi/inst/serial_g/oserdes_m/CLK
  -------------------------------------------------------------------    -------------------
    OLOGIC_X0Y4          OSERDESE2 (Prop_oserdese2_CLK_OQ)
                                                      0.472    -0.141 r  vga_to_hdmi/inst/serial_g/oserdes_m/OQ
                         net (fo=1, routed)           0.001    -0.140    vga_to_hdmi/inst/TMDSINT_1
    N17                  OBUFDS (Prop_obufds_I_OB)    1.879     1.739 r  vga_to_hdmi/inst/OBUFDS_G/OB
                         net (fo=0)                   0.000     1.739    hdmi_tx_n[1]
    P18                                                               r  hdmi_tx_n[1] (OUT)
  -------------------------------------------------------------------    -------------------

Slack:                    inf
  Source:                 vga_to_hdmi/inst/serial_g/oserdes_m/CLK
                            (rising edge-triggered cell OSERDESE2 clocked by clk_out2_clk_wiz_0  {rise@0.000ns fall@4.000ns period=8.000ns})
  Destination:            hdmi_tx_p[1]
                            (output port)
  Path Group:             (none)
  Path Type:              Max at Slow Process Corner
  Data Path Delay:        2.351ns  (logic 2.350ns (99.957%)  route 0.001ns (0.043%))
  Logic Levels:           1  (OBUFDS=1)
  Clock Uncertainty:      0.166ns  ((TSJ^2 + DJ^2)^1/2) / 2 + PE
    Total System Jitter     (TSJ):    0.050ns
    Discrete Jitter          (DJ):    0.125ns
    Phase Error              (PE):    0.099ns

    Location             Delay type                Incr(ns)  Path(ns)    Netlist Resource(s)
  -------------------------------------------------------------------    -------------------
                         (clock clk_out2_clk_wiz_0 rise edge)
                                                      0.000     0.000 r  
    H16                                               0.000     0.000 r  clk (IN)
                         net (fo=0)                   0.000     0.000    clk_wiz/inst/clk_in1
    H16                  IBUF (Prop_ibuf_I_O)         1.457     1.457 r  clk_wiz/inst/clkin1_ibufg/O
                         net (fo=1, routed)           1.285     2.742    clk_wiz/inst/clk_in1_clk_wiz_0
    MMCME2_ADV_X0Y1      MMCME2_ADV (Prop_mmcme2_adv_CLKIN1_CLKOUT1)
                                                     -6.996    -4.254 r  clk_wiz/inst/mmcm_adv_inst/CLKOUT1
                         net (fo=1, routed)           1.760    -2.494    clk_wiz/inst/clk_out2_clk_wiz_0
    BUFGCTRL_X0Y17       BUFG (Prop_bufg_I_O)         0.101    -2.393 r  clk_wiz/inst/clkout2_buf/O
                         net (fo=8, routed)           1.779    -0.613    vga_to_hdmi/inst/serial_g/pix_clkx5
    OLOGIC_X0Y4          OSERDESE2                                    r  vga_to_hdmi/inst/serial_g/oserdes_m/CLK
  -------------------------------------------------------------------    -------------------
    OLOGIC_X0Y4          OSERDESE2 (Prop_oserdese2_CLK_OQ)
                                                      0.472    -0.141 r  vga_to_hdmi/inst/serial_g/oserdes_m/OQ
                         net (fo=1, routed)           0.001    -0.140    vga_to_hdmi/inst/TMDSINT_1
    N17                  OBUFDS (Prop_obufds_I_O)     1.878     1.738 r  vga_to_hdmi/inst/OBUFDS_G/O
                         net (fo=0)                   0.000     1.738    hdmi_tx_p[1]
    N17                                                               r  hdmi_tx_p[1] (OUT)
  -------------------------------------------------------------------    -------------------

Slack:                    inf
  Source:                 vga_to_hdmi/inst/serial_r/oserdes_m/CLK
                            (rising edge-triggered cell OSERDESE2 clocked by clk_out2_clk_wiz_0  {rise@0.000ns fall@4.000ns period=8.000ns})
  Destination:            hdmi_tx_n[2]
                            (output port)
  Path Group:             (none)
  Path Type:              Max at Slow Process Corner
  Data Path Delay:        2.349ns  (logic 2.348ns (99.957%)  route 0.001ns (0.043%))
  Logic Levels:           1  (OBUFDS=1)
  Clock Uncertainty:      0.166ns  ((TSJ^2 + DJ^2)^1/2) / 2 + PE
    Total System Jitter     (TSJ):    0.050ns
    Discrete Jitter          (DJ):    0.125ns
    Phase Error              (PE):    0.099ns

    Location             Delay type                Incr(ns)  Path(ns)    Netlist Resource(s)
  -------------------------------------------------------------------    -------------------
                         (clock clk_out2_clk_wiz_0 rise edge)
                                                      0.000     0.000 r  
    H16                                               0.000     0.000 r  clk (IN)
                         net (fo=0)                   0.000     0.000    clk_wiz/inst/clk_in1
    H16                  IBUF (Prop_ibuf_I_O)         1.457     1.457 r  clk_wiz/inst/clkin1_ibufg/O
                         net (fo=1, routed)           1.285     2.742    clk_wiz/inst/clk_in1_clk_wiz_0
    MMCME2_ADV_X0Y1      MMCME2_ADV (Prop_mmcme2_adv_CLKIN1_CLKOUT1)
                                                     -6.996    -4.254 r  clk_wiz/inst/mmcm_adv_inst/CLKOUT1
                         net (fo=1, routed)           1.760    -2.494    clk_wiz/inst/clk_out2_clk_wiz_0
    BUFGCTRL_X0Y17       BUFG (Prop_bufg_I_O)         0.101    -2.393 r  clk_wiz/inst/clkout2_buf/O
                         net (fo=8, routed)           1.761    -0.631    vga_to_hdmi/inst/serial_r/pix_clkx5
    OLOGIC_X0Y24         OSERDESE2                                    r  vga_to_hdmi/inst/serial_r/oserdes_m/CLK
  -------------------------------------------------------------------    -------------------
    OLOGIC_X0Y24         OSERDESE2 (Prop_oserdese2_CLK_OQ)
                                                      0.472    -0.159 r  vga_to_hdmi/inst/serial_r/oserdes_m/OQ
                         net (fo=1, routed)           0.001    -0.158    vga_to_hdmi/inst/TMDSINT_2
    N18                  OBUFDS (Prop_obufds_I_OB)    1.876     1.717 r  vga_to_hdmi/inst/OBUFDS_R/OB
                         net (fo=0)                   0.000     1.717    hdmi_tx_n[2]
    P19                                                               r  hdmi_tx_n[2] (OUT)
  -------------------------------------------------------------------    -------------------

Slack:                    inf
  Source:                 vga_to_hdmi/inst/serial_b/oserdes_m/CLK
                            (rising edge-triggered cell OSERDESE2 clocked by clk_out2_clk_wiz_0  {rise@0.000ns fall@4.000ns period=8.000ns})
  Destination:            hdmi_tx_n[0]
                            (output port)
  Path Group:             (none)
  Path Type:              Max at Slow Process Corner
  Data Path Delay:        2.333ns  (logic 2.332ns (99.957%)  route 0.001ns (0.043%))
  Logic Levels:           1  (OBUFDS=1)
  Clock Uncertainty:      0.166ns  ((TSJ^2 + DJ^2)^1/2) / 2 + PE
    Total System Jitter     (TSJ):    0.050ns
    Discrete Jitter          (DJ):    0.125ns
    Phase Error              (PE):    0.099ns

    Location             Delay type                Incr(ns)  Path(ns)    Netlist Resource(s)
  -------------------------------------------------------------------    -------------------
                         (clock clk_out2_clk_wiz_0 rise edge)
                                                      0.000     0.000 r  
    H16                                               0.000     0.000 r  clk (IN)
                         net (fo=0)                   0.000     0.000    clk_wiz/inst/clk_in1
    H16                  IBUF (Prop_ibuf_I_O)         1.457     1.457 r  clk_wiz/inst/clkin1_ibufg/O
                         net (fo=1, routed)           1.285     2.742    clk_wiz/inst/clk_in1_clk_wiz_0
    MMCME2_ADV_X0Y1      MMCME2_ADV (Prop_mmcme2_adv_CLKIN1_CLKOUT1)
                                                     -6.996    -4.254 r  clk_wiz/inst/mmcm_adv_inst/CLKOUT1
                         net (fo=1, routed)           1.760    -2.494    clk_wiz/inst/clk_out2_clk_wiz_0
    BUFGCTRL_X0Y17       BUFG (Prop_bufg_I_O)         0.101    -2.393 r  clk_wiz/inst/clkout2_buf/O
                         net (fo=8, routed)           1.777    -0.615    vga_to_hdmi/inst/serial_b/pix_clkx5
    OLOGIC_X0Y8          OSERDESE2                                    r  vga_to_hdmi/inst/serial_b/oserdes_m/CLK
  -------------------------------------------------------------------    -------------------
    OLOGIC_X0Y8          OSERDESE2 (Prop_oserdese2_CLK_OQ)
                                                      0.472    -0.143 r  vga_to_hdmi/inst/serial_b/oserdes_m/OQ
                         net (fo=1, routed)           0.001    -0.142    vga_to_hdmi/inst/TMDSINT_0
    V17                  OBUFDS (Prop_obufds_I_OB)    1.860     1.717 r  vga_to_hdmi/inst/OBUFDS_B/OB
                         net (fo=0)                   0.000     1.717    hdmi_tx_n[0]
    V18                                                               r  hdmi_tx_n[0] (OUT)
  -------------------------------------------------------------------    -------------------

Slack:                    inf
  Source:                 vga_to_hdmi/inst/serial_r/oserdes_m/CLK
                            (rising edge-triggered cell OSERDESE2 clocked by clk_out2_clk_wiz_0  {rise@0.000ns fall@4.000ns period=8.000ns})
  Destination:            hdmi_tx_p[2]
                            (output port)
  Path Group:             (none)
  Path Type:              Max at Slow Process Corner
  Data Path Delay:        2.348ns  (logic 2.347ns (99.957%)  route 0.001ns (0.043%))
  Logic Levels:           1  (OBUFDS=1)
  Clock Uncertainty:      0.166ns  ((TSJ^2 + DJ^2)^1/2) / 2 + PE
    Total System Jitter     (TSJ):    0.050ns
    Discrete Jitter          (DJ):    0.125ns
    Phase Error              (PE):    0.099ns

    Location             Delay type                Incr(ns)  Path(ns)    Netlist Resource(s)
  -------------------------------------------------------------------    -------------------
                         (clock clk_out2_clk_wiz_0 rise edge)
                                                      0.000     0.000 r  
    H16                                               0.000     0.000 r  clk (IN)
                         net (fo=0)                   0.000     0.000    clk_wiz/inst/clk_in1
    H16                  IBUF (Prop_ibuf_I_O)         1.457     1.457 r  clk_wiz/inst/clkin1_ibufg/O
                         net (fo=1, routed)           1.285     2.742    clk_wiz/inst/clk_in1_clk_wiz_0
    MMCME2_ADV_X0Y1      MMCME2_ADV (Prop_mmcme2_adv_CLKIN1_CLKOUT1)
                                                     -6.996    -4.254 r  clk_wiz/inst/mmcm_adv_inst/CLKOUT1
                         net (fo=1, routed)           1.760    -2.494    clk_wiz/inst/clk_out2_clk_wiz_0
    BUFGCTRL_X0Y17       BUFG (Prop_bufg_I_O)         0.101    -2.393 r  clk_wiz/inst/clkout2_buf/O
                         net (fo=8, routed)           1.761    -0.631    vga_to_hdmi/inst/serial_r/pix_clkx5
    OLOGIC_X0Y24         OSERDESE2                                    r  vga_to_hdmi/inst/serial_r/oserdes_m/CLK
  -------------------------------------------------------------------    -------------------
    OLOGIC_X0Y24         OSERDESE2 (Prop_oserdese2_CLK_OQ)
                                                      0.472    -0.159 r  vga_to_hdmi/inst/serial_r/oserdes_m/OQ
                         net (fo=1, routed)           0.001    -0.158    vga_to_hdmi/inst/TMDSINT_2
    N18                  OBUFDS (Prop_obufds_I_O)     1.875     1.716 r  vga_to_hdmi/inst/OBUFDS_R/O
                         net (fo=0)                   0.000     1.716    hdmi_tx_p[2]
    N18                                                               r  hdmi_tx_p[2] (OUT)
  -------------------------------------------------------------------    -------------------

Slack:                    inf
  Source:                 vga_to_hdmi/inst/serial_b/oserdes_m/CLK
                            (rising edge-triggered cell OSERDESE2 clocked by clk_out2_clk_wiz_0  {rise@0.000ns fall@4.000ns period=8.000ns})
  Destination:            hdmi_tx_p[0]
                            (output port)
  Path Group:             (none)
  Path Type:              Max at Slow Process Corner
  Data Path Delay:        2.332ns  (logic 2.331ns (99.957%)  route 0.001ns (0.043%))
  Logic Levels:           1  (OBUFDS=1)
  Clock Uncertainty:      0.166ns  ((TSJ^2 + DJ^2)^1/2) / 2 + PE
    Total System Jitter     (TSJ):    0.050ns
    Discrete Jitter          (DJ):    0.125ns
    Phase Error              (PE):    0.099ns

    Location             Delay type                Incr(ns)  Path(ns)    Netlist Resource(s)
  -------------------------------------------------------------------    -------------------
                         (clock clk_out2_clk_wiz_0 rise edge)
                                                      0.000     0.000 r  
    H16                                               0.000     0.000 r  clk (IN)
                         net (fo=0)                   0.000     0.000    clk_wiz/inst/clk_in1
    H16                  IBUF (Prop_ibuf_I_O)         1.457     1.457 r  clk_wiz/inst/clkin1_ibufg/O
                         net (fo=1, routed)           1.285     2.742    clk_wiz/inst/clk_in1_clk_wiz_0
    MMCME2_ADV_X0Y1      MMCME2_ADV (Prop_mmcme2_adv_CLKIN1_CLKOUT1)
                                                     -6.996    -4.254 r  clk_wiz/inst/mmcm_adv_inst/CLKOUT1
                         net (fo=1, routed)           1.760    -2.494    clk_wiz/inst/clk_out2_clk_wiz_0
    BUFGCTRL_X0Y17       BUFG (Prop_bufg_I_O)         0.101    -2.393 r  clk_wiz/inst/clkout2_buf/O
                         net (fo=8, routed)           1.777    -0.615    vga_to_hdmi/inst/serial_b/pix_clkx5
    OLOGIC_X0Y8          OSERDESE2                                    r  vga_to_hdmi/inst/serial_b/oserdes_m/CLK
  -------------------------------------------------------------------    -------------------
    OLOGIC_X0Y8          OSERDESE2 (Prop_oserdese2_CLK_OQ)
                                                      0.472    -0.143 r  vga_to_hdmi/inst/serial_b/oserdes_m/OQ
                         net (fo=1, routed)           0.001    -0.142    vga_to_hdmi/inst/TMDSINT_0
    V17                  OBUFDS (Prop_obufds_I_O)     1.859     1.716 r  vga_to_hdmi/inst/OBUFDS_B/O
                         net (fo=0)                   0.000     1.716    hdmi_tx_p[0]
    V17                                                               r  hdmi_tx_p[0] (OUT)
  -------------------------------------------------------------------    -------------------





Min Delay Paths
--------------------------------------------------------------------------------------
Slack:                    inf
  Source:                 vga_to_hdmi/inst/serial_b/oserdes_m/CLK
                            (rising edge-triggered cell OSERDESE2 clocked by clk_out2_clk_wiz_0  {rise@0.000ns fall@4.000ns period=8.000ns})
  Destination:            hdmi_tx_p[0]
                            (output port)
  Path Group:             (none)
  Path Type:              Min at Fast Process Corner
  Data Path Delay:        0.985ns  (logic 0.984ns (99.899%)  route 0.001ns (0.101%))
  Logic Levels:           1  (OBUFDS=1)
  Clock Uncertainty:      0.166ns  ((TSJ^2 + DJ^2)^1/2) / 2 + PE
    Total System Jitter     (TSJ):    0.050ns
    Discrete Jitter          (DJ):    0.125ns
    Phase Error              (PE):    0.099ns

    Location             Delay type                Incr(ns)  Path(ns)    Netlist Resource(s)
  -------------------------------------------------------------------    -------------------
                         (clock clk_out2_clk_wiz_0 rise edge)
                                                      0.000     0.000 r  
    H16                                               0.000     0.000 r  clk (IN)
                         net (fo=0)                   0.000     0.000    clk_wiz/inst/clk_in1
    H16                  IBUF (Prop_ibuf_I_O)         0.225     0.225 r  clk_wiz/inst/clkin1_ibufg/O
                         net (fo=1, routed)           0.440     0.665    clk_wiz/inst/clk_in1_clk_wiz_0
    MMCME2_ADV_X0Y1      MMCME2_ADV (Prop_mmcme2_adv_CLKIN1_CLKOUT1)
                                                     -2.268    -1.602 r  clk_wiz/inst/mmcm_adv_inst/CLKOUT1
                         net (fo=1, routed)           0.482    -1.120    clk_wiz/inst/clk_out2_clk_wiz_0
    BUFGCTRL_X0Y17       BUFG (Prop_bufg_I_O)         0.026    -1.094 r  clk_wiz/inst/clkout2_buf/O
                         net (fo=8, routed)           0.584    -0.511    vga_to_hdmi/inst/serial_b/pix_clkx5
    OLOGIC_X0Y8          OSERDESE2                                    r  vga_to_hdmi/inst/serial_b/oserdes_m/CLK
  -------------------------------------------------------------------    -------------------
    OLOGIC_X0Y8          OSERDESE2 (Prop_oserdese2_CLK_OQ)
                                                      0.177    -0.334 r  vga_to_hdmi/inst/serial_b/oserdes_m/OQ
                         net (fo=1, routed)           0.001    -0.333    vga_to_hdmi/inst/TMDSINT_0
    V17                  OBUFDS (Prop_obufds_I_O)     0.807     0.475 r  vga_to_hdmi/inst/OBUFDS_B/O
                         net (fo=0)                   0.000     0.475    hdmi_tx_p[0]
    V17                                                               r  hdmi_tx_p[0] (OUT)
  -------------------------------------------------------------------    -------------------

Slack:                    inf
  Source:                 vga_to_hdmi/inst/serial_b/oserdes_m/CLK
                            (rising edge-triggered cell OSERDESE2 clocked by clk_out2_clk_wiz_0  {rise@0.000ns fall@4.000ns period=8.000ns})
  Destination:            hdmi_tx_n[0]
                            (output port)
  Path Group:             (none)
  Path Type:              Min at Fast Process Corner
  Data Path Delay:        0.986ns  (logic 0.985ns (99.899%)  route 0.001ns (0.101%))
  Logic Levels:           1  (OBUFDS=1)
  Clock Uncertainty:      0.166ns  ((TSJ^2 + DJ^2)^1/2) / 2 + PE
    Total System Jitter     (TSJ):    0.050ns
    Discrete Jitter          (DJ):    0.125ns
    Phase Error              (PE):    0.099ns

    Location             Delay type                Incr(ns)  Path(ns)    Netlist Resource(s)
  -------------------------------------------------------------------    -------------------
                         (clock clk_out2_clk_wiz_0 rise edge)
                                                      0.000     0.000 r  
    H16                                               0.000     0.000 r  clk (IN)
                         net (fo=0)                   0.000     0.000    clk_wiz/inst/clk_in1
    H16                  IBUF (Prop_ibuf_I_O)         0.225     0.225 r  clk_wiz/inst/clkin1_ibufg/O
                         net (fo=1, routed)           0.440     0.665    clk_wiz/inst/clk_in1_clk_wiz_0
    MMCME2_ADV_X0Y1      MMCME2_ADV (Prop_mmcme2_adv_CLKIN1_CLKOUT1)
                                                     -2.268    -1.602 r  clk_wiz/inst/mmcm_adv_inst/CLKOUT1
                         net (fo=1, routed)           0.482    -1.120    clk_wiz/inst/clk_out2_clk_wiz_0
    BUFGCTRL_X0Y17       BUFG (Prop_bufg_I_O)         0.026    -1.094 r  clk_wiz/inst/clkout2_buf/O
                         net (fo=8, routed)           0.584    -0.511    vga_to_hdmi/inst/serial_b/pix_clkx5
    OLOGIC_X0Y8          OSERDESE2                                    r  vga_to_hdmi/inst/serial_b/oserdes_m/CLK
  -------------------------------------------------------------------    -------------------
    OLOGIC_X0Y8          OSERDESE2 (Prop_oserdese2_CLK_OQ)
                                                      0.177    -0.334 r  vga_to_hdmi/inst/serial_b/oserdes_m/OQ
                         net (fo=1, routed)           0.001    -0.333    vga_to_hdmi/inst/TMDSINT_0
    V17                  OBUFDS (Prop_obufds_I_OB)    0.808     0.476 r  vga_to_hdmi/inst/OBUFDS_B/OB
                         net (fo=0)                   0.000     0.476    hdmi_tx_n[0]
    V18                                                               r  hdmi_tx_n[0] (OUT)
  -------------------------------------------------------------------    -------------------

Slack:                    inf
  Source:                 vga_to_hdmi/inst/serial_r/oserdes_m/CLK
                            (rising edge-triggered cell OSERDESE2 clocked by clk_out2_clk_wiz_0  {rise@0.000ns fall@4.000ns period=8.000ns})
  Destination:            hdmi_tx_p[2]
                            (output port)
  Path Group:             (none)
  Path Type:              Min at Fast Process Corner
  Data Path Delay:        1.002ns  (logic 1.001ns (99.900%)  route 0.001ns (0.100%))
  Logic Levels:           1  (OBUFDS=1)
  Clock Uncertainty:      0.166ns  ((TSJ^2 + DJ^2)^1/2) / 2 + PE
    Total System Jitter     (TSJ):    0.050ns
    Discrete Jitter          (DJ):    0.125ns
    Phase Error              (PE):    0.099ns

    Location             Delay type                Incr(ns)  Path(ns)    Netlist Resource(s)
  -------------------------------------------------------------------    -------------------
                         (clock clk_out2_clk_wiz_0 rise edge)
                                                      0.000     0.000 r  
    H16                                               0.000     0.000 r  clk (IN)
                         net (fo=0)                   0.000     0.000    clk_wiz/inst/clk_in1
    H16                  IBUF (Prop_ibuf_I_O)         0.225     0.225 r  clk_wiz/inst/clkin1_ibufg/O
                         net (fo=1, routed)           0.440     0.665    clk_wiz/inst/clk_in1_clk_wiz_0
    MMCME2_ADV_X0Y1      MMCME2_ADV (Prop_mmcme2_adv_CLKIN1_CLKOUT1)
                                                     -2.268    -1.602 r  clk_wiz/inst/mmcm_adv_inst/CLKOUT1
                         net (fo=1, routed)           0.482    -1.120    clk_wiz/inst/clk_out2_clk_wiz_0
    BUFGCTRL_X0Y17       BUFG (Prop_bufg_I_O)         0.026    -1.094 r  clk_wiz/inst/clkout2_buf/O
                         net (fo=8, routed)           0.577    -0.518    vga_to_hdmi/inst/serial_r/pix_clkx5
    OLOGIC_X0Y24         OSERDESE2                                    r  vga_to_hdmi/inst/serial_r/oserdes_m/CLK
  -------------------------------------------------------------------    -------------------
    OLOGIC_X0Y24         OSERDESE2 (Prop_oserdese2_CLK_OQ)
                                                      0.177    -0.341 r  vga_to_hdmi/inst/serial_r/oserdes_m/OQ
                         net (fo=1, routed)           0.001    -0.340    vga_to_hdmi/inst/TMDSINT_2
    N18                  OBUFDS (Prop_obufds_I_O)     0.824     0.484 r  vga_to_hdmi/inst/OBUFDS_R/O
                         net (fo=0)                   0.000     0.484    hdmi_tx_p[2]
    N18                                                               r  hdmi_tx_p[2] (OUT)
  -------------------------------------------------------------------    -------------------

Slack:                    inf
  Source:                 vga_to_hdmi/inst/serial_r/oserdes_m/CLK
                            (rising edge-triggered cell OSERDESE2 clocked by clk_out2_clk_wiz_0  {rise@0.000ns fall@4.000ns period=8.000ns})
  Destination:            hdmi_tx_n[2]
                            (output port)
  Path Group:             (none)
  Path Type:              Min at Fast Process Corner
  Data Path Delay:        1.003ns  (logic 1.002ns (99.900%)  route 0.001ns (0.100%))
  Logic Levels:           1  (OBUFDS=1)
  Clock Uncertainty:      0.166ns  ((TSJ^2 + DJ^2)^1/2) / 2 + PE
    Total System Jitter     (TSJ):    0.050ns
    Discrete Jitter          (DJ):    0.125ns
    Phase Error              (PE):    0.099ns

    Location             Delay type                Incr(ns)  Path(ns)    Netlist Resource(s)
  -------------------------------------------------------------------    -------------------
                         (clock clk_out2_clk_wiz_0 rise edge)
                                                      0.000     0.000 r  
    H16                                               0.000     0.000 r  clk (IN)
                         net (fo=0)                   0.000     0.000    clk_wiz/inst/clk_in1
    H16                  IBUF (Prop_ibuf_I_O)         0.225     0.225 r  clk_wiz/inst/clkin1_ibufg/O
                         net (fo=1, routed)           0.440     0.665    clk_wiz/inst/clk_in1_clk_wiz_0
    MMCME2_ADV_X0Y1      MMCME2_ADV (Prop_mmcme2_adv_CLKIN1_CLKOUT1)
                                                     -2.268    -1.602 r  clk_wiz/inst/mmcm_adv_inst/CLKOUT1
                         net (fo=1, routed)           0.482    -1.120    clk_wiz/inst/clk_out2_clk_wiz_0
    BUFGCTRL_X0Y17       BUFG (Prop_bufg_I_O)         0.026    -1.094 r  clk_wiz/inst/clkout2_buf/O
                         net (fo=8, routed)           0.577    -0.518    vga_to_hdmi/inst/serial_r/pix_clkx5
    OLOGIC_X0Y24         OSERDESE2                                    r  vga_to_hdmi/inst/serial_r/oserdes_m/CLK
  -------------------------------------------------------------------    -------------------
    OLOGIC_X0Y24         OSERDESE2 (Prop_oserdese2_CLK_OQ)
                                                      0.177    -0.341 r  vga_to_hdmi/inst/serial_r/oserdes_m/OQ
                         net (fo=1, routed)           0.001    -0.340    vga_to_hdmi/inst/TMDSINT_2
    N18                  OBUFDS (Prop_obufds_I_OB)    0.825     0.485 r  vga_to_hdmi/inst/OBUFDS_R/OB
                         net (fo=0)                   0.000     0.485    hdmi_tx_n[2]
    P19                                                               r  hdmi_tx_n[2] (OUT)
  -------------------------------------------------------------------    -------------------

Slack:                    inf
  Source:                 vga_to_hdmi/inst/serial_g/oserdes_m/CLK
                            (rising edge-triggered cell OSERDESE2 clocked by clk_out2_clk_wiz_0  {rise@0.000ns fall@4.000ns period=8.000ns})
  Destination:            hdmi_tx_p[1]
                            (output port)
  Path Group:             (none)
  Path Type:              Min at Fast Process Corner
  Data Path Delay:        1.005ns  (logic 1.004ns (99.900%)  route 0.001ns (0.099%))
  Logic Levels:           1  (OBUFDS=1)
  Clock Uncertainty:      0.166ns  ((TSJ^2 + DJ^2)^1/2) / 2 + PE
    Total System Jitter     (TSJ):    0.050ns
    Discrete Jitter          (DJ):    0.125ns
    Phase Error              (PE):    0.099ns

    Location             Delay type                Incr(ns)  Path(ns)    Netlist Resource(s)
  -------------------------------------------------------------------    -------------------
                         (clock clk_out2_clk_wiz_0 rise edge)
                                                      0.000     0.000 r  
    H16                                               0.000     0.000 r  clk (IN)
                         net (fo=0)                   0.000     0.000    clk_wiz/inst/clk_in1
    H16                  IBUF (Prop_ibuf_I_O)         0.225     0.225 r  clk_wiz/inst/clkin1_ibufg/O
                         net (fo=1, routed)           0.440     0.665    clk_wiz/inst/clk_in1_clk_wiz_0
    MMCME2_ADV_X0Y1      MMCME2_ADV (Prop_mmcme2_adv_CLKIN1_CLKOUT1)
                                                     -2.268    -1.602 r  clk_wiz/inst/mmcm_adv_inst/CLKOUT1
                         net (fo=1, routed)           0.482    -1.120    clk_wiz/inst/clk_out2_clk_wiz_0
    BUFGCTRL_X0Y17       BUFG (Prop_bufg_I_O)         0.026    -1.094 r  clk_wiz/inst/clkout2_buf/O
                         net (fo=8, routed)           0.585    -0.510    vga_to_hdmi/inst/serial_g/pix_clkx5
    OLOGIC_X0Y4          OSERDESE2                                    r  vga_to_hdmi/inst/serial_g/oserdes_m/CLK
  -------------------------------------------------------------------    -------------------
    OLOGIC_X0Y4          OSERDESE2 (Prop_oserdese2_CLK_OQ)
                                                      0.177    -0.333 r  vga_to_hdmi/inst/serial_g/oserdes_m/OQ
                         net (fo=1, routed)           0.001    -0.332    vga_to_hdmi/inst/TMDSINT_1
    N17                  OBUFDS (Prop_obufds_I_O)     0.827     0.496 r  vga_to_hdmi/inst/OBUFDS_G/O
                         net (fo=0)                   0.000     0.496    hdmi_tx_p[1]
    N17                                                               r  hdmi_tx_p[1] (OUT)
  -------------------------------------------------------------------    -------------------

Slack:                    inf
  Source:                 vga_to_hdmi/inst/serial_g/oserdes_m/CLK
                            (rising edge-triggered cell OSERDESE2 clocked by clk_out2_clk_wiz_0  {rise@0.000ns fall@4.000ns period=8.000ns})
  Destination:            hdmi_tx_n[1]
                            (output port)
  Path Group:             (none)
  Path Type:              Min at Fast Process Corner
  Data Path Delay:        1.006ns  (logic 1.005ns (99.901%)  route 0.001ns (0.099%))
  Logic Levels:           1  (OBUFDS=1)
  Clock Uncertainty:      0.166ns  ((TSJ^2 + DJ^2)^1/2) / 2 + PE
    Total System Jitter     (TSJ):    0.050ns
    Discrete Jitter          (DJ):    0.125ns
    Phase Error              (PE):    0.099ns

    Location             Delay type                Incr(ns)  Path(ns)    Netlist Resource(s)
  -------------------------------------------------------------------    -------------------
                         (clock clk_out2_clk_wiz_0 rise edge)
                                                      0.000     0.000 r  
    H16                                               0.000     0.000 r  clk (IN)
                         net (fo=0)                   0.000     0.000    clk_wiz/inst/clk_in1
    H16                  IBUF (Prop_ibuf_I_O)         0.225     0.225 r  clk_wiz/inst/clkin1_ibufg/O
                         net (fo=1, routed)           0.440     0.665    clk_wiz/inst/clk_in1_clk_wiz_0
    MMCME2_ADV_X0Y1      MMCME2_ADV (Prop_mmcme2_adv_CLKIN1_CLKOUT1)
                                                     -2.268    -1.602 r  clk_wiz/inst/mmcm_adv_inst/CLKOUT1
                         net (fo=1, routed)           0.482    -1.120    clk_wiz/inst/clk_out2_clk_wiz_0
    BUFGCTRL_X0Y17       BUFG (Prop_bufg_I_O)         0.026    -1.094 r  clk_wiz/inst/clkout2_buf/O
                         net (fo=8, routed)           0.585    -0.510    vga_to_hdmi/inst/serial_g/pix_clkx5
    OLOGIC_X0Y4          OSERDESE2                                    r  vga_to_hdmi/inst/serial_g/oserdes_m/CLK
  -------------------------------------------------------------------    -------------------
    OLOGIC_X0Y4          OSERDESE2 (Prop_oserdese2_CLK_OQ)
                                                      0.177    -0.333 r  vga_to_hdmi/inst/serial_g/oserdes_m/OQ
                         net (fo=1, routed)           0.001    -0.332    vga_to_hdmi/inst/TMDSINT_1
    N17                  OBUFDS (Prop_obufds_I_OB)    0.828     0.497 r  vga_to_hdmi/inst/OBUFDS_G/OB
                         net (fo=0)                   0.000     0.497    hdmi_tx_n[1]
    P18                                                               r  hdmi_tx_n[1] (OUT)
  -------------------------------------------------------------------    -------------------

Slack:                    inf
  Source:                 vga_to_hdmi/inst/serial_clk/oserdes_m/CLK
                            (rising edge-triggered cell OSERDESE2 clocked by clk_out2_clk_wiz_0  {rise@0.000ns fall@4.000ns period=8.000ns})
  Destination:            hdmi_clk_p
                            (output port)
  Path Group:             (none)
  Path Type:              Min at Fast Process Corner
  Data Path Delay:        1.039ns  (logic 1.038ns (99.904%)  route 0.001ns (0.096%))
  Logic Levels:           1  (OBUFDS=1)
  Clock Uncertainty:      0.166ns  ((TSJ^2 + DJ^2)^1/2) / 2 + PE
    Total System Jitter     (TSJ):    0.050ns
    Discrete Jitter          (DJ):    0.125ns
    Phase Error              (PE):    0.099ns

    Location             Delay type                Incr(ns)  Path(ns)    Netlist Resource(s)
  -------------------------------------------------------------------    -------------------
                         (clock clk_out2_clk_wiz_0 rise edge)
                                                      0.000     0.000 r  
    H16                                               0.000     0.000 r  clk (IN)
                         net (fo=0)                   0.000     0.000    clk_wiz/inst/clk_in1
    H16                  IBUF (Prop_ibuf_I_O)         0.225     0.225 r  clk_wiz/inst/clkin1_ibufg/O
                         net (fo=1, routed)           0.440     0.665    clk_wiz/inst/clk_in1_clk_wiz_0
    MMCME2_ADV_X0Y1      MMCME2_ADV (Prop_mmcme2_adv_CLKIN1_CLKOUT1)
                                                     -2.268    -1.602 r  clk_wiz/inst/mmcm_adv_inst/CLKOUT1
                         net (fo=1, routed)           0.482    -1.120    clk_wiz/inst/clk_out2_clk_wiz_0
    BUFGCTRL_X0Y17       BUFG (Prop_bufg_I_O)         0.026    -1.094 r  clk_wiz/inst/clkout2_buf/O
                         net (fo=8, routed)           0.577    -0.518    vga_to_hdmi/inst/serial_clk/pix_clkx5
    OLOGIC_X0Y26         OSERDESE2                                    r  vga_to_hdmi/inst/serial_clk/oserdes_m/CLK
  -------------------------------------------------------------------    -------------------
    OLOGIC_X0Y26         OSERDESE2 (Prop_oserdese2_CLK_OQ)
                                                      0.177    -0.341 r  vga_to_hdmi/inst/serial_clk/oserdes_m/OQ
                         net (fo=1, routed)           0.001    -0.340    vga_to_hdmi/inst/tmdsclk
    U18                  OBUFDS (Prop_obufds_I_O)     0.861     0.522 r  vga_to_hdmi/inst/OBUFDS_CLK/O
                         net (fo=0)                   0.000     0.522    hdmi_clk_p
    U18                                                               r  hdmi_clk_p (OUT)
  -------------------------------------------------------------------    -------------------

Slack:                    inf
  Source:                 vga_to_hdmi/inst/serial_clk/oserdes_m/CLK
                            (rising edge-triggered cell OSERDESE2 clocked by clk_out2_clk_wiz_0  {rise@0.000ns fall@4.000ns period=8.000ns})
  Destination:            hdmi_clk_n
                            (output port)
  Path Group:             (none)
  Path Type:              Min at Fast Process Corner
  Data Path Delay:        1.040ns  (logic 1.039ns (99.904%)  route 0.001ns (0.096%))
  Logic Levels:           1  (OBUFDS=1)
  Clock Uncertainty:      0.166ns  ((TSJ^2 + DJ^2)^1/2) / 2 + PE
    Total System Jitter     (TSJ):    0.050ns
    Discrete Jitter          (DJ):    0.125ns
    Phase Error              (PE):    0.099ns

    Location             Delay type                Incr(ns)  Path(ns)    Netlist Resource(s)
  -------------------------------------------------------------------    -------------------
                         (clock clk_out2_clk_wiz_0 rise edge)
                                                      0.000     0.000 r  
    H16                                               0.000     0.000 r  clk (IN)
                         net (fo=0)                   0.000     0.000    clk_wiz/inst/clk_in1
    H16                  IBUF (Prop_ibuf_I_O)         0.225     0.225 r  clk_wiz/inst/clkin1_ibufg/O
                         net (fo=1, routed)           0.440     0.665    clk_wiz/inst/clk_in1_clk_wiz_0
    MMCME2_ADV_X0Y1      MMCME2_ADV (Prop_mmcme2_adv_CLKIN1_CLKOUT1)
                                                     -2.268    -1.602 r  clk_wiz/inst/mmcm_adv_inst/CLKOUT1
                         net (fo=1, routed)           0.482    -1.120    clk_wiz/inst/clk_out2_clk_wiz_0
    BUFGCTRL_X0Y17       BUFG (Prop_bufg_I_O)         0.026    -1.094 r  clk_wiz/inst/clkout2_buf/O
                         net (fo=8, routed)           0.577    -0.518    vga_to_hdmi/inst/serial_clk/pix_clkx5
    OLOGIC_X0Y26         OSERDESE2                                    r  vga_to_hdmi/inst/serial_clk/oserdes_m/CLK
  -------------------------------------------------------------------    -------------------
    OLOGIC_X0Y26         OSERDESE2 (Prop_oserdese2_CLK_OQ)
                                                      0.177    -0.341 r  vga_to_hdmi/inst/serial_clk/oserdes_m/OQ
                         net (fo=1, routed)           0.001    -0.340    vga_to_hdmi/inst/tmdsclk
    U18                  OBUFDS (Prop_obufds_I_OB)    0.862     0.523 r  vga_to_hdmi/inst/OBUFDS_CLK/OB
                         net (fo=0)                   0.000     0.523    hdmi_clk_n
    U19                                                               r  hdmi_clk_n (OUT)
  -------------------------------------------------------------------    -------------------





--------------------------------------------------------------------------------------
Path Group:  (none)
From Clock:  
  To Clock:  clk_out1_clk_wiz_0

Max Delay            70 Endpoints
Min Delay            70 Endpoints
--------------------------------------------------------------------------------------


Max Delay Paths
--------------------------------------------------------------------------------------
Slack:                    inf
  Source:                 rst
                            (input port)
  Destination:            vga_to_hdmi/inst/encr/cnt_reg[3]/CLR
                            (recovery check against rising-edge clock clk_out1_clk_wiz_0  {rise@0.000ns fall@20.000ns period=40.000ns})
  Path Group:             (none)
  Path Type:              Recovery (Max at Slow Process Corner)
  Data Path Delay:        5.398ns  (logic 1.597ns (29.583%)  route 3.801ns (70.417%))
  Logic Levels:           2  (IBUF=1 LUT2=1)
  Clock Path Skew:        -1.302ns (DCD - SCD + CPR)
    Destination Clock Delay (DCD):    -1.302ns
    Source Clock Delay      (SCD):    0.000ns
    Clock Pessimism Removal (CPR):    0.000ns
  Clock Uncertainty:      0.190ns  ((TSJ^2 + DJ^2)^1/2) / 2 + PE
    Total System Jitter     (TSJ):    0.050ns
    Discrete Jitter          (DJ):    0.175ns
    Phase Error              (PE):    0.099ns

    Location             Delay type                Incr(ns)  Path(ns)    Netlist Resource(s)
  -------------------------------------------------------------------    -------------------
    R17                                               0.000     0.000 f  rst (IN)
                         net (fo=0)                   0.000     0.000    rst
    R17                  IBUF (Prop_ibuf_I_O)         1.447     1.447 f  rst_IBUF_inst/O
                         net (fo=4, routed)           1.300     2.747    vga_to_hdmi/inst/encr/rst
    SLICE_X40Y7          LUT2 (Prop_lut2_I0_O)        0.150     2.897 f  vga_to_hdmi/inst/encr/oserdes_m_i_1/O
                         net (fo=50, routed)          2.501     5.398    vga_to_hdmi/inst/encr/AR[0]
    SLICE_X40Y23         FDCE                                         f  vga_to_hdmi/inst/encr/cnt_reg[3]/CLR
  -------------------------------------------------------------------    -------------------

                         (clock clk_out1_clk_wiz_0 rise edge)
                                                      0.000     0.000 r  
    H16                                               0.000     0.000 r  clk (IN)
                         net (fo=0)                   0.000     0.000    clk_wiz/inst/clk_in1
    H16                  IBUF (Prop_ibuf_I_O)         1.387     1.387 r  clk_wiz/inst/clkin1_ibufg/O
                         net (fo=1, routed)           1.162     2.549    clk_wiz/inst/clk_in1_clk_wiz_0
    MMCME2_ADV_X0Y1      MMCME2_ADV (Prop_mmcme2_adv_CLKIN1_CLKOUT0)
                                                     -7.105    -4.556 r  clk_wiz/inst/mmcm_adv_inst/CLKOUT0
                         net (fo=1, routed)           1.599    -2.957    clk_wiz/inst/clk_out1_clk_wiz_0
    BUFGCTRL_X0Y16       BUFG (Prop_bufg_I_O)         0.091    -2.866 r  clk_wiz/inst/clkout1_buf/O
                         net (fo=186, routed)         1.564    -1.302    vga_to_hdmi/inst/encr/pix_clk
    SLICE_X40Y23         FDCE                                         r  vga_to_hdmi/inst/encr/cnt_reg[3]/C

Slack:                    inf
  Source:                 rst
                            (input port)
  Destination:            vga_to_hdmi/inst/encr/cnt_reg[2]/CLR
                            (recovery check against rising-edge clock clk_out1_clk_wiz_0  {rise@0.000ns fall@20.000ns period=40.000ns})
  Path Group:             (none)
  Path Type:              Recovery (Max at Slow Process Corner)
  Data Path Delay:        5.373ns  (logic 1.597ns (29.722%)  route 3.776ns (70.278%))
  Logic Levels:           2  (IBUF=1 LUT2=1)
  Clock Path Skew:        -1.302ns (DCD - SCD + CPR)
    Destination Clock Delay (DCD):    -1.302ns
    Source Clock Delay      (SCD):    0.000ns
    Clock Pessimism Removal (CPR):    0.000ns
  Clock Uncertainty:      0.190ns  ((TSJ^2 + DJ^2)^1/2) / 2 + PE
    Total System Jitter     (TSJ):    0.050ns
    Discrete Jitter          (DJ):    0.175ns
    Phase Error              (PE):    0.099ns

    Location             Delay type                Incr(ns)  Path(ns)    Netlist Resource(s)
  -------------------------------------------------------------------    -------------------
    R17                                               0.000     0.000 f  rst (IN)
                         net (fo=0)                   0.000     0.000    rst
    R17                  IBUF (Prop_ibuf_I_O)         1.447     1.447 f  rst_IBUF_inst/O
                         net (fo=4, routed)           1.300     2.747    vga_to_hdmi/inst/encr/rst
    SLICE_X40Y7          LUT2 (Prop_lut2_I0_O)        0.150     2.897 f  vga_to_hdmi/inst/encr/oserdes_m_i_1/O
                         net (fo=50, routed)          2.476     5.373    vga_to_hdmi/inst/encr/AR[0]
    SLICE_X39Y22         FDCE                                         f  vga_to_hdmi/inst/encr/cnt_reg[2]/CLR
  -------------------------------------------------------------------    -------------------

                         (clock clk_out1_clk_wiz_0 rise edge)
                                                      0.000     0.000 r  
    H16                                               0.000     0.000 r  clk (IN)
                         net (fo=0)                   0.000     0.000    clk_wiz/inst/clk_in1
    H16                  IBUF (Prop_ibuf_I_O)         1.387     1.387 r  clk_wiz/inst/clkin1_ibufg/O
                         net (fo=1, routed)           1.162     2.549    clk_wiz/inst/clk_in1_clk_wiz_0
    MMCME2_ADV_X0Y1      MMCME2_ADV (Prop_mmcme2_adv_CLKIN1_CLKOUT0)
                                                     -7.105    -4.556 r  clk_wiz/inst/mmcm_adv_inst/CLKOUT0
                         net (fo=1, routed)           1.599    -2.957    clk_wiz/inst/clk_out1_clk_wiz_0
    BUFGCTRL_X0Y16       BUFG (Prop_bufg_I_O)         0.091    -2.866 r  clk_wiz/inst/clkout1_buf/O
                         net (fo=186, routed)         1.564    -1.302    vga_to_hdmi/inst/encr/pix_clk
    SLICE_X39Y22         FDCE                                         r  vga_to_hdmi/inst/encr/cnt_reg[2]/C

Slack:                    inf
  Source:                 rst
                            (input port)
  Destination:            vga_to_hdmi/inst/encr/cnt_reg[1]/CLR
                            (recovery check against rising-edge clock clk_out1_clk_wiz_0  {rise@0.000ns fall@20.000ns period=40.000ns})
  Path Group:             (none)
  Path Type:              Recovery (Max at Slow Process Corner)
  Data Path Delay:        5.093ns  (logic 1.597ns (31.352%)  route 3.496ns (68.648%))
  Logic Levels:           2  (IBUF=1 LUT2=1)
  Clock Path Skew:        -1.303ns (DCD - SCD + CPR)
    Destination Clock Delay (DCD):    -1.303ns
    Source Clock Delay      (SCD):    0.000ns
    Clock Pessimism Removal (CPR):    0.000ns
  Clock Uncertainty:      0.190ns  ((TSJ^2 + DJ^2)^1/2) / 2 + PE
    Total System Jitter     (TSJ):    0.050ns
    Discrete Jitter          (DJ):    0.175ns
    Phase Error              (PE):    0.099ns

    Location             Delay type                Incr(ns)  Path(ns)    Netlist Resource(s)
  -------------------------------------------------------------------    -------------------
    R17                                               0.000     0.000 f  rst (IN)
                         net (fo=0)                   0.000     0.000    rst
    R17                  IBUF (Prop_ibuf_I_O)         1.447     1.447 f  rst_IBUF_inst/O
                         net (fo=4, routed)           1.300     2.747    vga_to_hdmi/inst/encr/rst
    SLICE_X40Y7          LUT2 (Prop_lut2_I0_O)        0.150     2.897 f  vga_to_hdmi/inst/encr/oserdes_m_i_1/O
                         net (fo=50, routed)          2.197     5.093    vga_to_hdmi/inst/encr/AR[0]
    SLICE_X39Y23         FDCE                                         f  vga_to_hdmi/inst/encr/cnt_reg[1]/CLR
  -------------------------------------------------------------------    -------------------

                         (clock clk_out1_clk_wiz_0 rise edge)
                                                      0.000     0.000 r  
    H16                                               0.000     0.000 r  clk (IN)
                         net (fo=0)                   0.000     0.000    clk_wiz/inst/clk_in1
    H16                  IBUF (Prop_ibuf_I_O)         1.387     1.387 r  clk_wiz/inst/clkin1_ibufg/O
                         net (fo=1, routed)           1.162     2.549    clk_wiz/inst/clk_in1_clk_wiz_0
    MMCME2_ADV_X0Y1      MMCME2_ADV (Prop_mmcme2_adv_CLKIN1_CLKOUT0)
                                                     -7.105    -4.556 r  clk_wiz/inst/mmcm_adv_inst/CLKOUT0
                         net (fo=1, routed)           1.599    -2.957    clk_wiz/inst/clk_out1_clk_wiz_0
    BUFGCTRL_X0Y16       BUFG (Prop_bufg_I_O)         0.091    -2.866 r  clk_wiz/inst/clkout1_buf/O
                         net (fo=186, routed)         1.563    -1.303    vga_to_hdmi/inst/encr/pix_clk
    SLICE_X39Y23         FDCE                                         r  vga_to_hdmi/inst/encr/cnt_reg[1]/C

Slack:                    inf
  Source:                 rst
                            (input port)
  Destination:            vga_to_hdmi/inst/encr/dout_reg[0]/CLR
                            (recovery check against rising-edge clock clk_out1_clk_wiz_0  {rise@0.000ns fall@20.000ns period=40.000ns})
  Path Group:             (none)
  Path Type:              Recovery (Max at Slow Process Corner)
  Data Path Delay:        5.070ns  (logic 1.597ns (31.496%)  route 3.473ns (68.504%))
  Logic Levels:           2  (IBUF=1 LUT2=1)
  Clock Path Skew:        -1.304ns (DCD - SCD + CPR)
    Destination Clock Delay (DCD):    -1.304ns
    Source Clock Delay      (SCD):    0.000ns
    Clock Pessimism Removal (CPR):    0.000ns
  Clock Uncertainty:      0.190ns  ((TSJ^2 + DJ^2)^1/2) / 2 + PE
    Total System Jitter     (TSJ):    0.050ns
    Discrete Jitter          (DJ):    0.175ns
    Phase Error              (PE):    0.099ns

    Location             Delay type                Incr(ns)  Path(ns)    Netlist Resource(s)
  -------------------------------------------------------------------    -------------------
    R17                                               0.000     0.000 f  rst (IN)
                         net (fo=0)                   0.000     0.000    rst
    R17                  IBUF (Prop_ibuf_I_O)         1.447     1.447 f  rst_IBUF_inst/O
                         net (fo=4, routed)           1.300     2.747    vga_to_hdmi/inst/encr/rst
    SLICE_X40Y7          LUT2 (Prop_lut2_I0_O)        0.150     2.897 f  vga_to_hdmi/inst/encr/oserdes_m_i_1/O
                         net (fo=50, routed)          2.173     5.070    vga_to_hdmi/inst/encr/AR[0]
    SLICE_X41Y24         FDCE                                         f  vga_to_hdmi/inst/encr/dout_reg[0]/CLR
  -------------------------------------------------------------------    -------------------

                         (clock clk_out1_clk_wiz_0 rise edge)
                                                      0.000     0.000 r  
    H16                                               0.000     0.000 r  clk (IN)
                         net (fo=0)                   0.000     0.000    clk_wiz/inst/clk_in1
    H16                  IBUF (Prop_ibuf_I_O)         1.387     1.387 r  clk_wiz/inst/clkin1_ibufg/O
                         net (fo=1, routed)           1.162     2.549    clk_wiz/inst/clk_in1_clk_wiz_0
    MMCME2_ADV_X0Y1      MMCME2_ADV (Prop_mmcme2_adv_CLKIN1_CLKOUT0)
                                                     -7.105    -4.556 r  clk_wiz/inst/mmcm_adv_inst/CLKOUT0
                         net (fo=1, routed)           1.599    -2.957    clk_wiz/inst/clk_out1_clk_wiz_0
    BUFGCTRL_X0Y16       BUFG (Prop_bufg_I_O)         0.091    -2.866 r  clk_wiz/inst/clkout1_buf/O
                         net (fo=186, routed)         1.562    -1.304    vga_to_hdmi/inst/encr/pix_clk
    SLICE_X41Y24         FDCE                                         r  vga_to_hdmi/inst/encr/dout_reg[0]/C

Slack:                    inf
  Source:                 rst
                            (input port)
  Destination:            vga_to_hdmi/inst/encr/dout_reg[1]/CLR
                            (recovery check against rising-edge clock clk_out1_clk_wiz_0  {rise@0.000ns fall@20.000ns period=40.000ns})
  Path Group:             (none)
  Path Type:              Recovery (Max at Slow Process Corner)
  Data Path Delay:        5.070ns  (logic 1.597ns (31.496%)  route 3.473ns (68.504%))
  Logic Levels:           2  (IBUF=1 LUT2=1)
  Clock Path Skew:        -1.304ns (DCD - SCD + CPR)
    Destination Clock Delay (DCD):    -1.304ns
    Source Clock Delay      (SCD):    0.000ns
    Clock Pessimism Removal (CPR):    0.000ns
  Clock Uncertainty:      0.190ns  ((TSJ^2 + DJ^2)^1/2) / 2 + PE
    Total System Jitter     (TSJ):    0.050ns
    Discrete Jitter          (DJ):    0.175ns
    Phase Error              (PE):    0.099ns

    Location             Delay type                Incr(ns)  Path(ns)    Netlist Resource(s)
  -------------------------------------------------------------------    -------------------
    R17                                               0.000     0.000 f  rst (IN)
                         net (fo=0)                   0.000     0.000    rst
    R17                  IBUF (Prop_ibuf_I_O)         1.447     1.447 f  rst_IBUF_inst/O
                         net (fo=4, routed)           1.300     2.747    vga_to_hdmi/inst/encr/rst
    SLICE_X40Y7          LUT2 (Prop_lut2_I0_O)        0.150     2.897 f  vga_to_hdmi/inst/encr/oserdes_m_i_1/O
                         net (fo=50, routed)          2.173     5.070    vga_to_hdmi/inst/encr/AR[0]
    SLICE_X41Y24         FDCE                                         f  vga_to_hdmi/inst/encr/dout_reg[1]/CLR
  -------------------------------------------------------------------    -------------------

                         (clock clk_out1_clk_wiz_0 rise edge)
                                                      0.000     0.000 r  
    H16                                               0.000     0.000 r  clk (IN)
                         net (fo=0)                   0.000     0.000    clk_wiz/inst/clk_in1
    H16                  IBUF (Prop_ibuf_I_O)         1.387     1.387 r  clk_wiz/inst/clkin1_ibufg/O
                         net (fo=1, routed)           1.162     2.549    clk_wiz/inst/clk_in1_clk_wiz_0
    MMCME2_ADV_X0Y1      MMCME2_ADV (Prop_mmcme2_adv_CLKIN1_CLKOUT0)
                                                     -7.105    -4.556 r  clk_wiz/inst/mmcm_adv_inst/CLKOUT0
                         net (fo=1, routed)           1.599    -2.957    clk_wiz/inst/clk_out1_clk_wiz_0
    BUFGCTRL_X0Y16       BUFG (Prop_bufg_I_O)         0.091    -2.866 r  clk_wiz/inst/clkout1_buf/O
                         net (fo=186, routed)         1.562    -1.304    vga_to_hdmi/inst/encr/pix_clk
    SLICE_X41Y24         FDCE                                         r  vga_to_hdmi/inst/encr/dout_reg[1]/C

Slack:                    inf
  Source:                 rst
                            (input port)
  Destination:            vga_to_hdmi/inst/encr/dout_reg[5]/CLR
                            (recovery check against rising-edge clock clk_out1_clk_wiz_0  {rise@0.000ns fall@20.000ns period=40.000ns})
  Path Group:             (none)
  Path Type:              Recovery (Max at Slow Process Corner)
  Data Path Delay:        5.070ns  (logic 1.597ns (31.496%)  route 3.473ns (68.504%))
  Logic Levels:           2  (IBUF=1 LUT2=1)
  Clock Path Skew:        -1.304ns (DCD - SCD + CPR)
    Destination Clock Delay (DCD):    -1.304ns
    Source Clock Delay      (SCD):    0.000ns
    Clock Pessimism Removal (CPR):    0.000ns
  Clock Uncertainty:      0.190ns  ((TSJ^2 + DJ^2)^1/2) / 2 + PE
    Total System Jitter     (TSJ):    0.050ns
    Discrete Jitter          (DJ):    0.175ns
    Phase Error              (PE):    0.099ns

    Location             Delay type                Incr(ns)  Path(ns)    Netlist Resource(s)
  -------------------------------------------------------------------    -------------------
    R17                                               0.000     0.000 f  rst (IN)
                         net (fo=0)                   0.000     0.000    rst
    R17                  IBUF (Prop_ibuf_I_O)         1.447     1.447 f  rst_IBUF_inst/O
                         net (fo=4, routed)           1.300     2.747    vga_to_hdmi/inst/encr/rst
    SLICE_X40Y7          LUT2 (Prop_lut2_I0_O)        0.150     2.897 f  vga_to_hdmi/inst/encr/oserdes_m_i_1/O
                         net (fo=50, routed)          2.173     5.070    vga_to_hdmi/inst/encr/AR[0]
    SLICE_X41Y24         FDCE                                         f  vga_to_hdmi/inst/encr/dout_reg[5]/CLR
  -------------------------------------------------------------------    -------------------

                         (clock clk_out1_clk_wiz_0 rise edge)
                                                      0.000     0.000 r  
    H16                                               0.000     0.000 r  clk (IN)
                         net (fo=0)                   0.000     0.000    clk_wiz/inst/clk_in1
    H16                  IBUF (Prop_ibuf_I_O)         1.387     1.387 r  clk_wiz/inst/clkin1_ibufg/O
                         net (fo=1, routed)           1.162     2.549    clk_wiz/inst/clk_in1_clk_wiz_0
    MMCME2_ADV_X0Y1      MMCME2_ADV (Prop_mmcme2_adv_CLKIN1_CLKOUT0)
                                                     -7.105    -4.556 r  clk_wiz/inst/mmcm_adv_inst/CLKOUT0
                         net (fo=1, routed)           1.599    -2.957    clk_wiz/inst/clk_out1_clk_wiz_0
    BUFGCTRL_X0Y16       BUFG (Prop_bufg_I_O)         0.091    -2.866 r  clk_wiz/inst/clkout1_buf/O
                         net (fo=186, routed)         1.562    -1.304    vga_to_hdmi/inst/encr/pix_clk
    SLICE_X41Y24         FDCE                                         r  vga_to_hdmi/inst/encr/dout_reg[5]/C

Slack:                    inf
  Source:                 rst
                            (input port)
  Destination:            vga_to_hdmi/inst/serial_clk/oserdes_s/RST
                            (rising edge-triggered cell OSERDESE2 clocked by clk_out1_clk_wiz_0  {rise@0.000ns fall@20.000ns period=40.000ns})
  Path Group:             (none)
  Path Type:              Setup (Max at Slow Process Corner)
  Data Path Delay:        5.005ns  (logic 1.597ns (31.902%)  route 3.409ns (68.098%))
  Logic Levels:           2  (IBUF=1 LUT2=1)
  Clock Path Skew:        -1.320ns (DCD - SCD + CPR)
    Destination Clock Delay (DCD):    -1.320ns
    Source Clock Delay      (SCD):    0.000ns
    Clock Pessimism Removal (CPR):    0.000ns
  Clock Uncertainty:      0.190ns  ((TSJ^2 + DJ^2)^1/2) / 2 + PE
    Total System Jitter     (TSJ):    0.050ns
    Discrete Jitter          (DJ):    0.175ns
    Phase Error              (PE):    0.099ns

    Location             Delay type                Incr(ns)  Path(ns)    Netlist Resource(s)
  -------------------------------------------------------------------    -------------------
    R17                                               0.000     0.000 r  rst (IN)
                         net (fo=0)                   0.000     0.000    rst
    R17                  IBUF (Prop_ibuf_I_O)         1.447     1.447 r  rst_IBUF_inst/O
                         net (fo=4, routed)           1.300     2.747    vga_to_hdmi/inst/encr/rst
    SLICE_X40Y7          LUT2 (Prop_lut2_I0_O)        0.150     2.897 r  vga_to_hdmi/inst/encr/oserdes_m_i_1/O
                         net (fo=50, routed)          2.109     5.005    vga_to_hdmi/inst/serial_clk/AR[0]
    OLOGIC_X0Y25         OSERDESE2                                    r  vga_to_hdmi/inst/serial_clk/oserdes_s/RST
  -------------------------------------------------------------------    -------------------

                         (clock clk_out1_clk_wiz_0 rise edge)
                                                      0.000     0.000 r  
    H16                                               0.000     0.000 r  clk (IN)
                         net (fo=0)                   0.000     0.000    clk_wiz/inst/clk_in1
    H16                  IBUF (Prop_ibuf_I_O)         1.387     1.387 r  clk_wiz/inst/clkin1_ibufg/O
                         net (fo=1, routed)           1.162     2.549    clk_wiz/inst/clk_in1_clk_wiz_0
    MMCME2_ADV_X0Y1      MMCME2_ADV (Prop_mmcme2_adv_CLKIN1_CLKOUT0)
                                                     -7.105    -4.556 r  clk_wiz/inst/mmcm_adv_inst/CLKOUT0
                         net (fo=1, routed)           1.599    -2.957    clk_wiz/inst/clk_out1_clk_wiz_0
    BUFGCTRL_X0Y16       BUFG (Prop_bufg_I_O)         0.091    -2.866 r  clk_wiz/inst/clkout1_buf/O
                         net (fo=186, routed)         1.546    -1.320    vga_to_hdmi/inst/serial_clk/pix_clk
    OLOGIC_X0Y25         OSERDESE2                                    r  vga_to_hdmi/inst/serial_clk/oserdes_s/CLKDIV

Slack:                    inf
  Source:                 rst
                            (input port)
  Destination:            vga_to_hdmi/inst/serial_clk/oserdes_m/RST
                            (rising edge-triggered cell OSERDESE2 clocked by clk_out1_clk_wiz_0  {rise@0.000ns fall@20.000ns period=40.000ns})
  Path Group:             (none)
  Path Type:              Setup (Max at Slow Process Corner)
  Data Path Delay:        4.845ns  (logic 1.597ns (32.961%)  route 3.248ns (67.039%))
  Logic Levels:           2  (IBUF=1 LUT2=1)
  Clock Path Skew:        -1.320ns (DCD - SCD + CPR)
    Destination Clock Delay (DCD):    -1.320ns
    Source Clock Delay      (SCD):    0.000ns
    Clock Pessimism Removal (CPR):    0.000ns
  Clock Uncertainty:      0.190ns  ((TSJ^2 + DJ^2)^1/2) / 2 + PE
    Total System Jitter     (TSJ):    0.050ns
    Discrete Jitter          (DJ):    0.175ns
    Phase Error              (PE):    0.099ns

    Location             Delay type                Incr(ns)  Path(ns)    Netlist Resource(s)
  -------------------------------------------------------------------    -------------------
    R17                                               0.000     0.000 r  rst (IN)
                         net (fo=0)                   0.000     0.000    rst
    R17                  IBUF (Prop_ibuf_I_O)         1.447     1.447 r  rst_IBUF_inst/O
                         net (fo=4, routed)           1.300     2.747    vga_to_hdmi/inst/encr/rst
    SLICE_X40Y7          LUT2 (Prop_lut2_I0_O)        0.150     2.897 r  vga_to_hdmi/inst/encr/oserdes_m_i_1/O
                         net (fo=50, routed)          1.948     4.845    vga_to_hdmi/inst/serial_clk/AR[0]
    OLOGIC_X0Y26         OSERDESE2                                    r  vga_to_hdmi/inst/serial_clk/oserdes_m/RST
  -------------------------------------------------------------------    -------------------

                         (clock clk_out1_clk_wiz_0 rise edge)
                                                      0.000     0.000 r  
    H16                                               0.000     0.000 r  clk (IN)
                         net (fo=0)                   0.000     0.000    clk_wiz/inst/clk_in1
    H16                  IBUF (Prop_ibuf_I_O)         1.387     1.387 r  clk_wiz/inst/clkin1_ibufg/O
                         net (fo=1, routed)           1.162     2.549    clk_wiz/inst/clk_in1_clk_wiz_0
    MMCME2_ADV_X0Y1      MMCME2_ADV (Prop_mmcme2_adv_CLKIN1_CLKOUT0)
                                                     -7.105    -4.556 r  clk_wiz/inst/mmcm_adv_inst/CLKOUT0
                         net (fo=1, routed)           1.599    -2.957    clk_wiz/inst/clk_out1_clk_wiz_0
    BUFGCTRL_X0Y16       BUFG (Prop_bufg_I_O)         0.091    -2.866 r  clk_wiz/inst/clkout1_buf/O
                         net (fo=186, routed)         1.546    -1.320    vga_to_hdmi/inst/serial_clk/pix_clk
    OLOGIC_X0Y26         OSERDESE2                                    r  vga_to_hdmi/inst/serial_clk/oserdes_m/CLKDIV

Slack:                    inf
  Source:                 rst
                            (input port)
  Destination:            vga_to_hdmi/inst/serial_r/oserdes_m/RST
                            (rising edge-triggered cell OSERDESE2 clocked by clk_out1_clk_wiz_0  {rise@0.000ns fall@20.000ns period=40.000ns})
  Path Group:             (none)
  Path Type:              Setup (Max at Slow Process Corner)
  Data Path Delay:        4.820ns  (logic 1.597ns (33.130%)  route 3.223ns (66.870%))
  Logic Levels:           2  (IBUF=1 LUT2=1)
  Clock Path Skew:        -1.320ns (DCD - SCD + CPR)
    Destination Clock Delay (DCD):    -1.320ns
    Source Clock Delay      (SCD):    0.000ns
    Clock Pessimism Removal (CPR):    0.000ns
  Clock Uncertainty:      0.190ns  ((TSJ^2 + DJ^2)^1/2) / 2 + PE
    Total System Jitter     (TSJ):    0.050ns
    Discrete Jitter          (DJ):    0.175ns
    Phase Error              (PE):    0.099ns

    Location             Delay type                Incr(ns)  Path(ns)    Netlist Resource(s)
  -------------------------------------------------------------------    -------------------
    R17                                               0.000     0.000 r  rst (IN)
                         net (fo=0)                   0.000     0.000    rst
    R17                  IBUF (Prop_ibuf_I_O)         1.447     1.447 r  rst_IBUF_inst/O
                         net (fo=4, routed)           1.300     2.747    vga_to_hdmi/inst/encr/rst
    SLICE_X40Y7          LUT2 (Prop_lut2_I0_O)        0.150     2.897 r  vga_to_hdmi/inst/encr/oserdes_m_i_1/O
                         net (fo=50, routed)          1.923     4.820    vga_to_hdmi/inst/serial_r/AR[0]
    OLOGIC_X0Y24         OSERDESE2                                    r  vga_to_hdmi/inst/serial_r/oserdes_m/RST
  -------------------------------------------------------------------    -------------------

                         (clock clk_out1_clk_wiz_0 rise edge)
                                                      0.000     0.000 r  
    H16                                               0.000     0.000 r  clk (IN)
                         net (fo=0)                   0.000     0.000    clk_wiz/inst/clk_in1
    H16                  IBUF (Prop_ibuf_I_O)         1.387     1.387 r  clk_wiz/inst/clkin1_ibufg/O
                         net (fo=1, routed)           1.162     2.549    clk_wiz/inst/clk_in1_clk_wiz_0
    MMCME2_ADV_X0Y1      MMCME2_ADV (Prop_mmcme2_adv_CLKIN1_CLKOUT0)
                                                     -7.105    -4.556 r  clk_wiz/inst/mmcm_adv_inst/CLKOUT0
                         net (fo=1, routed)           1.599    -2.957    clk_wiz/inst/clk_out1_clk_wiz_0
    BUFGCTRL_X0Y16       BUFG (Prop_bufg_I_O)         0.091    -2.866 r  clk_wiz/inst/clkout1_buf/O
                         net (fo=186, routed)         1.546    -1.320    vga_to_hdmi/inst/serial_r/pix_clk
    OLOGIC_X0Y24         OSERDESE2                                    r  vga_to_hdmi/inst/serial_r/oserdes_m/CLKDIV

Slack:                    inf
  Source:                 rst
                            (input port)
  Destination:            vga_to_hdmi/inst/encr/dout_reg[2]/CLR
                            (recovery check against rising-edge clock clk_out1_clk_wiz_0  {rise@0.000ns fall@20.000ns period=40.000ns})
  Path Group:             (none)
  Path Type:              Recovery (Max at Slow Process Corner)
  Data Path Delay:        4.763ns  (logic 1.597ns (33.527%)  route 3.166ns (66.473%))
  Logic Levels:           2  (IBUF=1 LUT2=1)
  Clock Path Skew:        -1.304ns (DCD - SCD + CPR)
    Destination Clock Delay (DCD):    -1.304ns
    Source Clock Delay      (SCD):    0.000ns
    Clock Pessimism Removal (CPR):    0.000ns
  Clock Uncertainty:      0.190ns  ((TSJ^2 + DJ^2)^1/2) / 2 + PE
    Total System Jitter     (TSJ):    0.050ns
    Discrete Jitter          (DJ):    0.175ns
    Phase Error              (PE):    0.099ns

    Location             Delay type                Incr(ns)  Path(ns)    Netlist Resource(s)
  -------------------------------------------------------------------    -------------------
    R17                                               0.000     0.000 f  rst (IN)
                         net (fo=0)                   0.000     0.000    rst
    R17                  IBUF (Prop_ibuf_I_O)         1.447     1.447 f  rst_IBUF_inst/O
                         net (fo=4, routed)           1.300     2.747    vga_to_hdmi/inst/encr/rst
    SLICE_X40Y7          LUT2 (Prop_lut2_I0_O)        0.150     2.897 f  vga_to_hdmi/inst/encr/oserdes_m_i_1/O
                         net (fo=50, routed)          1.866     4.763    vga_to_hdmi/inst/encr/AR[0]
    SLICE_X43Y24         FDCE                                         f  vga_to_hdmi/inst/encr/dout_reg[2]/CLR
  -------------------------------------------------------------------    -------------------

                         (clock clk_out1_clk_wiz_0 rise edge)
                                                      0.000     0.000 r  
    H16                                               0.000     0.000 r  clk (IN)
                         net (fo=0)                   0.000     0.000    clk_wiz/inst/clk_in1
    H16                  IBUF (Prop_ibuf_I_O)         1.387     1.387 r  clk_wiz/inst/clkin1_ibufg/O
                         net (fo=1, routed)           1.162     2.549    clk_wiz/inst/clk_in1_clk_wiz_0
    MMCME2_ADV_X0Y1      MMCME2_ADV (Prop_mmcme2_adv_CLKIN1_CLKOUT0)
                                                     -7.105    -4.556 r  clk_wiz/inst/mmcm_adv_inst/CLKOUT0
                         net (fo=1, routed)           1.599    -2.957    clk_wiz/inst/clk_out1_clk_wiz_0
    BUFGCTRL_X0Y16       BUFG (Prop_bufg_I_O)         0.091    -2.866 r  clk_wiz/inst/clkout1_buf/O
                         net (fo=186, routed)         1.562    -1.304    vga_to_hdmi/inst/encr/pix_clk
    SLICE_X43Y24         FDCE                                         r  vga_to_hdmi/inst/encr/dout_reg[2]/C





Min Delay Paths
--------------------------------------------------------------------------------------
Slack:                    inf
  Source:                 rst
                            (input port)
  Destination:            vga/horizontal_counter/val_reg[2]/R
                            (rising edge-triggered cell FDRE clocked by clk_out1_clk_wiz_0  {rise@0.000ns fall@20.000ns period=40.000ns})
  Path Group:             (none)
  Path Type:              Hold (Min at Fast Process Corner)
  Data Path Delay:        0.903ns  (logic 0.260ns (28.811%)  route 0.643ns (71.189%))
  Logic Levels:           2  (IBUF=1 LUT3=1)
  Clock Path Skew:        -0.734ns (DCD - SCD - CPR)
    Destination Clock Delay (DCD):    -0.734ns
    Source Clock Delay      (SCD):    0.000ns
    Clock Pessimism Removal (CPR):    -0.000ns

    Location             Delay type                Incr(ns)  Path(ns)    Netlist Resource(s)
  -------------------------------------------------------------------    -------------------
    R17                                               0.000     0.000 r  rst (IN)
                         net (fo=0)                   0.000     0.000    rst
    R17                  IBUF (Prop_ibuf_I_O)         0.215     0.215 r  rst_IBUF_inst/O
                         net (fo=4, routed)           0.510     0.725    vga/horizontal_counter/reset
    SLICE_X40Y7          LUT3 (Prop_lut3_I2_O)        0.045     0.770 r  vga/horizontal_counter/val[9]_i_1__0/O
                         net (fo=10, routed)          0.133     0.903    vga/horizontal_counter/val[9]_i_1__0_n_0
    SLICE_X40Y6          FDRE                                         r  vga/horizontal_counter/val_reg[2]/R
  -------------------------------------------------------------------    -------------------

                         (clock clk_out1_clk_wiz_0 rise edge)
                                                      0.000     0.000 r  
    H16                                               0.000     0.000 r  clk (IN)
                         net (fo=0)                   0.000     0.000    clk_wiz/inst/clk_in1
    H16                  IBUF (Prop_ibuf_I_O)         0.413     0.413 r  clk_wiz/inst/clkin1_ibufg/O
                         net (fo=1, routed)           0.480     0.893    clk_wiz/inst/clk_in1_clk_wiz_0
    MMCME2_ADV_X0Y1      MMCME2_ADV (Prop_mmcme2_adv_CLKIN1_CLKOUT0)
                                                     -3.047    -2.154 r  clk_wiz/inst/mmcm_adv_inst/CLKOUT0
                         net (fo=1, routed)           0.528    -1.626    clk_wiz/inst/clk_out1_clk_wiz_0
    BUFGCTRL_X0Y16       BUFG (Prop_bufg_I_O)         0.029    -1.597 r  clk_wiz/inst/clkout1_buf/O
                         net (fo=186, routed)         0.863    -0.734    vga/horizontal_counter/CLK
    SLICE_X40Y6          FDRE                                         r  vga/horizontal_counter/val_reg[2]/C

Slack:                    inf
  Source:                 rst
                            (input port)
  Destination:            vga/horizontal_counter/val_reg[3]/R
                            (rising edge-triggered cell FDRE clocked by clk_out1_clk_wiz_0  {rise@0.000ns fall@20.000ns period=40.000ns})
  Path Group:             (none)
  Path Type:              Hold (Min at Fast Process Corner)
  Data Path Delay:        0.903ns  (logic 0.260ns (28.811%)  route 0.643ns (71.189%))
  Logic Levels:           2  (IBUF=1 LUT3=1)
  Clock Path Skew:        -0.734ns (DCD - SCD - CPR)
    Destination Clock Delay (DCD):    -0.734ns
    Source Clock Delay      (SCD):    0.000ns
    Clock Pessimism Removal (CPR):    -0.000ns

    Location             Delay type                Incr(ns)  Path(ns)    Netlist Resource(s)
  -------------------------------------------------------------------    -------------------
    R17                                               0.000     0.000 r  rst (IN)
                         net (fo=0)                   0.000     0.000    rst
    R17                  IBUF (Prop_ibuf_I_O)         0.215     0.215 r  rst_IBUF_inst/O
                         net (fo=4, routed)           0.510     0.725    vga/horizontal_counter/reset
    SLICE_X40Y7          LUT3 (Prop_lut3_I2_O)        0.045     0.770 r  vga/horizontal_counter/val[9]_i_1__0/O
                         net (fo=10, routed)          0.133     0.903    vga/horizontal_counter/val[9]_i_1__0_n_0
    SLICE_X40Y6          FDRE                                         r  vga/horizontal_counter/val_reg[3]/R
  -------------------------------------------------------------------    -------------------

                         (clock clk_out1_clk_wiz_0 rise edge)
                                                      0.000     0.000 r  
    H16                                               0.000     0.000 r  clk (IN)
                         net (fo=0)                   0.000     0.000    clk_wiz/inst/clk_in1
    H16                  IBUF (Prop_ibuf_I_O)         0.413     0.413 r  clk_wiz/inst/clkin1_ibufg/O
                         net (fo=1, routed)           0.480     0.893    clk_wiz/inst/clk_in1_clk_wiz_0
    MMCME2_ADV_X0Y1      MMCME2_ADV (Prop_mmcme2_adv_CLKIN1_CLKOUT0)
                                                     -3.047    -2.154 r  clk_wiz/inst/mmcm_adv_inst/CLKOUT0
                         net (fo=1, routed)           0.528    -1.626    clk_wiz/inst/clk_out1_clk_wiz_0
    BUFGCTRL_X0Y16       BUFG (Prop_bufg_I_O)         0.029    -1.597 r  clk_wiz/inst/clkout1_buf/O
                         net (fo=186, routed)         0.863    -0.734    vga/horizontal_counter/CLK
    SLICE_X40Y6          FDRE                                         r  vga/horizontal_counter/val_reg[3]/C

Slack:                    inf
  Source:                 rst
                            (input port)
  Destination:            vga/horizontal_counter/val_reg[5]/R
                            (rising edge-triggered cell FDRE clocked by clk_out1_clk_wiz_0  {rise@0.000ns fall@20.000ns period=40.000ns})
  Path Group:             (none)
  Path Type:              Hold (Min at Fast Process Corner)
  Data Path Delay:        0.903ns  (logic 0.260ns (28.811%)  route 0.643ns (71.189%))
  Logic Levels:           2  (IBUF=1 LUT3=1)
  Clock Path Skew:        -0.734ns (DCD - SCD - CPR)
    Destination Clock Delay (DCD):    -0.734ns
    Source Clock Delay      (SCD):    0.000ns
    Clock Pessimism Removal (CPR):    -0.000ns

    Location             Delay type                Incr(ns)  Path(ns)    Netlist Resource(s)
  -------------------------------------------------------------------    -------------------
    R17                                               0.000     0.000 r  rst (IN)
                         net (fo=0)                   0.000     0.000    rst
    R17                  IBUF (Prop_ibuf_I_O)         0.215     0.215 r  rst_IBUF_inst/O
                         net (fo=4, routed)           0.510     0.725    vga/horizontal_counter/reset
    SLICE_X40Y7          LUT3 (Prop_lut3_I2_O)        0.045     0.770 r  vga/horizontal_counter/val[9]_i_1__0/O
                         net (fo=10, routed)          0.133     0.903    vga/horizontal_counter/val[9]_i_1__0_n_0
    SLICE_X40Y6          FDRE                                         r  vga/horizontal_counter/val_reg[5]/R
  -------------------------------------------------------------------    -------------------

                         (clock clk_out1_clk_wiz_0 rise edge)
                                                      0.000     0.000 r  
    H16                                               0.000     0.000 r  clk (IN)
                         net (fo=0)                   0.000     0.000    clk_wiz/inst/clk_in1
    H16                  IBUF (Prop_ibuf_I_O)         0.413     0.413 r  clk_wiz/inst/clkin1_ibufg/O
                         net (fo=1, routed)           0.480     0.893    clk_wiz/inst/clk_in1_clk_wiz_0
    MMCME2_ADV_X0Y1      MMCME2_ADV (Prop_mmcme2_adv_CLKIN1_CLKOUT0)
                                                     -3.047    -2.154 r  clk_wiz/inst/mmcm_adv_inst/CLKOUT0
                         net (fo=1, routed)           0.528    -1.626    clk_wiz/inst/clk_out1_clk_wiz_0
    BUFGCTRL_X0Y16       BUFG (Prop_bufg_I_O)         0.029    -1.597 r  clk_wiz/inst/clkout1_buf/O
                         net (fo=186, routed)         0.863    -0.734    vga/horizontal_counter/CLK
    SLICE_X40Y6          FDRE                                         r  vga/horizontal_counter/val_reg[5]/C

Slack:                    inf
  Source:                 rst
                            (input port)
  Destination:            vga_to_hdmi/inst/encb/dout_reg[3]/CLR
                            (removal check against rising-edge clock clk_out1_clk_wiz_0  {rise@0.000ns fall@20.000ns period=40.000ns})
  Path Group:             (none)
  Path Type:              Removal (Min at Fast Process Corner)
  Data Path Delay:        0.917ns  (logic 0.257ns (28.038%)  route 0.660ns (71.962%))
  Logic Levels:           2  (IBUF=1 LUT2=1)
  Clock Path Skew:        -0.735ns (DCD - SCD - CPR)
    Destination Clock Delay (DCD):    -0.735ns
    Source Clock Delay      (SCD):    0.000ns
    Clock Pessimism Removal (CPR):    -0.000ns

    Location             Delay type                Incr(ns)  Path(ns)    Netlist Resource(s)
  -------------------------------------------------------------------    -------------------
    R17                                               0.000     0.000 f  rst (IN)
                         net (fo=0)                   0.000     0.000    rst
    R17                  IBUF (Prop_ibuf_I_O)         0.215     0.215 f  rst_IBUF_inst/O
                         net (fo=4, routed)           0.521     0.736    vga_to_hdmi/inst/encr/rst
    SLICE_X40Y7          LUT2 (Prop_lut2_I0_O)        0.042     0.778 f  vga_to_hdmi/inst/encr/oserdes_m_i_1/O
                         net (fo=50, routed)          0.139     0.917    vga_to_hdmi/inst/encb/AR[0]
    SLICE_X41Y8          FDCE                                         f  vga_to_hdmi/inst/encb/dout_reg[3]/CLR
  -------------------------------------------------------------------    -------------------

                         (clock clk_out1_clk_wiz_0 rise edge)
                                                      0.000     0.000 r  
    H16                                               0.000     0.000 r  clk (IN)
                         net (fo=0)                   0.000     0.000    clk_wiz/inst/clk_in1
    H16                  IBUF (Prop_ibuf_I_O)         0.413     0.413 r  clk_wiz/inst/clkin1_ibufg/O
                         net (fo=1, routed)           0.480     0.893    clk_wiz/inst/clk_in1_clk_wiz_0
    MMCME2_ADV_X0Y1      MMCME2_ADV (Prop_mmcme2_adv_CLKIN1_CLKOUT0)
                                                     -3.047    -2.154 r  clk_wiz/inst/mmcm_adv_inst/CLKOUT0
                         net (fo=1, routed)           0.528    -1.626    clk_wiz/inst/clk_out1_clk_wiz_0
    BUFGCTRL_X0Y16       BUFG (Prop_bufg_I_O)         0.029    -1.597 r  clk_wiz/inst/clkout1_buf/O
                         net (fo=186, routed)         0.862    -0.735    vga_to_hdmi/inst/encb/pix_clk
    SLICE_X41Y8          FDCE                                         r  vga_to_hdmi/inst/encb/dout_reg[3]/C

Slack:                    inf
  Source:                 rst
                            (input port)
  Destination:            vga_to_hdmi/inst/encb/dout_reg[7]/CLR
                            (removal check against rising-edge clock clk_out1_clk_wiz_0  {rise@0.000ns fall@20.000ns period=40.000ns})
  Path Group:             (none)
  Path Type:              Removal (Min at Fast Process Corner)
  Data Path Delay:        0.917ns  (logic 0.257ns (28.038%)  route 0.660ns (71.962%))
  Logic Levels:           2  (IBUF=1 LUT2=1)
  Clock Path Skew:        -0.735ns (DCD - SCD - CPR)
    Destination Clock Delay (DCD):    -0.735ns
    Source Clock Delay      (SCD):    0.000ns
    Clock Pessimism Removal (CPR):    -0.000ns

    Location             Delay type                Incr(ns)  Path(ns)    Netlist Resource(s)
  -------------------------------------------------------------------    -------------------
    R17                                               0.000     0.000 f  rst (IN)
                         net (fo=0)                   0.000     0.000    rst
    R17                  IBUF (Prop_ibuf_I_O)         0.215     0.215 f  rst_IBUF_inst/O
                         net (fo=4, routed)           0.521     0.736    vga_to_hdmi/inst/encr/rst
    SLICE_X40Y7          LUT2 (Prop_lut2_I0_O)        0.042     0.778 f  vga_to_hdmi/inst/encr/oserdes_m_i_1/O
                         net (fo=50, routed)          0.139     0.917    vga_to_hdmi/inst/encb/AR[0]
    SLICE_X41Y8          FDCE                                         f  vga_to_hdmi/inst/encb/dout_reg[7]/CLR
  -------------------------------------------------------------------    -------------------

                         (clock clk_out1_clk_wiz_0 rise edge)
                                                      0.000     0.000 r  
    H16                                               0.000     0.000 r  clk (IN)
                         net (fo=0)                   0.000     0.000    clk_wiz/inst/clk_in1
    H16                  IBUF (Prop_ibuf_I_O)         0.413     0.413 r  clk_wiz/inst/clkin1_ibufg/O
                         net (fo=1, routed)           0.480     0.893    clk_wiz/inst/clk_in1_clk_wiz_0
    MMCME2_ADV_X0Y1      MMCME2_ADV (Prop_mmcme2_adv_CLKIN1_CLKOUT0)
                                                     -3.047    -2.154 r  clk_wiz/inst/mmcm_adv_inst/CLKOUT0
                         net (fo=1, routed)           0.528    -1.626    clk_wiz/inst/clk_out1_clk_wiz_0
    BUFGCTRL_X0Y16       BUFG (Prop_bufg_I_O)         0.029    -1.597 r  clk_wiz/inst/clkout1_buf/O
                         net (fo=186, routed)         0.862    -0.735    vga_to_hdmi/inst/encb/pix_clk
    SLICE_X41Y8          FDCE                                         r  vga_to_hdmi/inst/encb/dout_reg[7]/C

Slack:                    inf
  Source:                 rst
                            (input port)
  Destination:            vga/horizontal_counter/val_reg[4]/R
                            (rising edge-triggered cell FDRE clocked by clk_out1_clk_wiz_0  {rise@0.000ns fall@20.000ns period=40.000ns})
  Path Group:             (none)
  Path Type:              Hold (Min at Fast Process Corner)
  Data Path Delay:        0.966ns  (logic 0.260ns (26.909%)  route 0.706ns (73.091%))
  Logic Levels:           2  (IBUF=1 LUT3=1)
  Clock Path Skew:        -0.734ns (DCD - SCD - CPR)
    Destination Clock Delay (DCD):    -0.734ns
    Source Clock Delay      (SCD):    0.000ns
    Clock Pessimism Removal (CPR):    -0.000ns

    Location             Delay type                Incr(ns)  Path(ns)    Netlist Resource(s)
  -------------------------------------------------------------------    -------------------
    R17                                               0.000     0.000 r  rst (IN)
                         net (fo=0)                   0.000     0.000    rst
    R17                  IBUF (Prop_ibuf_I_O)         0.215     0.215 r  rst_IBUF_inst/O
                         net (fo=4, routed)           0.510     0.725    vga/horizontal_counter/reset
    SLICE_X40Y7          LUT3 (Prop_lut3_I2_O)        0.045     0.770 r  vga/horizontal_counter/val[9]_i_1__0/O
                         net (fo=10, routed)          0.196     0.966    vga/horizontal_counter/val[9]_i_1__0_n_0
    SLICE_X40Y5          FDRE                                         r  vga/horizontal_counter/val_reg[4]/R
  -------------------------------------------------------------------    -------------------

                         (clock clk_out1_clk_wiz_0 rise edge)
                                                      0.000     0.000 r  
    H16                                               0.000     0.000 r  clk (IN)
                         net (fo=0)                   0.000     0.000    clk_wiz/inst/clk_in1
    H16                  IBUF (Prop_ibuf_I_O)         0.413     0.413 r  clk_wiz/inst/clkin1_ibufg/O
                         net (fo=1, routed)           0.480     0.893    clk_wiz/inst/clk_in1_clk_wiz_0
    MMCME2_ADV_X0Y1      MMCME2_ADV (Prop_mmcme2_adv_CLKIN1_CLKOUT0)
                                                     -3.047    -2.154 r  clk_wiz/inst/mmcm_adv_inst/CLKOUT0
                         net (fo=1, routed)           0.528    -1.626    clk_wiz/inst/clk_out1_clk_wiz_0
    BUFGCTRL_X0Y16       BUFG (Prop_bufg_I_O)         0.029    -1.597 r  clk_wiz/inst/clkout1_buf/O
                         net (fo=186, routed)         0.863    -0.734    vga/horizontal_counter/CLK
    SLICE_X40Y5          FDRE                                         r  vga/horizontal_counter/val_reg[4]/C

Slack:                    inf
  Source:                 rst
                            (input port)
  Destination:            vga/horizontal_counter/val_reg[9]/R
                            (rising edge-triggered cell FDRE clocked by clk_out1_clk_wiz_0  {rise@0.000ns fall@20.000ns period=40.000ns})
  Path Group:             (none)
  Path Type:              Hold (Min at Fast Process Corner)
  Data Path Delay:        0.966ns  (logic 0.260ns (26.909%)  route 0.706ns (73.091%))
  Logic Levels:           2  (IBUF=1 LUT3=1)
  Clock Path Skew:        -0.734ns (DCD - SCD - CPR)
    Destination Clock Delay (DCD):    -0.734ns
    Source Clock Delay      (SCD):    0.000ns
    Clock Pessimism Removal (CPR):    -0.000ns

    Location             Delay type                Incr(ns)  Path(ns)    Netlist Resource(s)
  -------------------------------------------------------------------    -------------------
    R17                                               0.000     0.000 r  rst (IN)
                         net (fo=0)                   0.000     0.000    rst
    R17                  IBUF (Prop_ibuf_I_O)         0.215     0.215 r  rst_IBUF_inst/O
                         net (fo=4, routed)           0.510     0.725    vga/horizontal_counter/reset
    SLICE_X40Y7          LUT3 (Prop_lut3_I2_O)        0.045     0.770 r  vga/horizontal_counter/val[9]_i_1__0/O
                         net (fo=10, routed)          0.196     0.966    vga/horizontal_counter/val[9]_i_1__0_n_0
    SLICE_X40Y5          FDRE                                         r  vga/horizontal_counter/val_reg[9]/R
  -------------------------------------------------------------------    -------------------

                         (clock clk_out1_clk_wiz_0 rise edge)
                                                      0.000     0.000 r  
    H16                                               0.000     0.000 r  clk (IN)
                         net (fo=0)                   0.000     0.000    clk_wiz/inst/clk_in1
    H16                  IBUF (Prop_ibuf_I_O)         0.413     0.413 r  clk_wiz/inst/clkin1_ibufg/O
                         net (fo=1, routed)           0.480     0.893    clk_wiz/inst/clk_in1_clk_wiz_0
    MMCME2_ADV_X0Y1      MMCME2_ADV (Prop_mmcme2_adv_CLKIN1_CLKOUT0)
                                                     -3.047    -2.154 r  clk_wiz/inst/mmcm_adv_inst/CLKOUT0
                         net (fo=1, routed)           0.528    -1.626    clk_wiz/inst/clk_out1_clk_wiz_0
    BUFGCTRL_X0Y16       BUFG (Prop_bufg_I_O)         0.029    -1.597 r  clk_wiz/inst/clkout1_buf/O
                         net (fo=186, routed)         0.863    -0.734    vga/horizontal_counter/CLK
    SLICE_X40Y5          FDRE                                         r  vga/horizontal_counter/val_reg[9]/C

Slack:                    inf
  Source:                 rst
                            (input port)
  Destination:            vga_to_hdmi/inst/encb/cnt_reg[1]/CLR
                            (removal check against rising-edge clock clk_out1_clk_wiz_0  {rise@0.000ns fall@20.000ns period=40.000ns})
  Path Group:             (none)
  Path Type:              Removal (Min at Fast Process Corner)
  Data Path Delay:        0.984ns  (logic 0.257ns (26.111%)  route 0.727ns (73.889%))
  Logic Levels:           2  (IBUF=1 LUT2=1)
  Clock Path Skew:        -0.735ns (DCD - SCD - CPR)
    Destination Clock Delay (DCD):    -0.735ns
    Source Clock Delay      (SCD):    0.000ns
    Clock Pessimism Removal (CPR):    -0.000ns

    Location             Delay type                Incr(ns)  Path(ns)    Netlist Resource(s)
  -------------------------------------------------------------------    -------------------
    R17                                               0.000     0.000 f  rst (IN)
                         net (fo=0)                   0.000     0.000    rst
    R17                  IBUF (Prop_ibuf_I_O)         0.215     0.215 f  rst_IBUF_inst/O
                         net (fo=4, routed)           0.521     0.736    vga_to_hdmi/inst/encr/rst
    SLICE_X40Y7          LUT2 (Prop_lut2_I0_O)        0.042     0.778 f  vga_to_hdmi/inst/encr/oserdes_m_i_1/O
                         net (fo=50, routed)          0.207     0.984    vga_to_hdmi/inst/encb/AR[0]
    SLICE_X40Y9          FDCE                                         f  vga_to_hdmi/inst/encb/cnt_reg[1]/CLR
  -------------------------------------------------------------------    -------------------

                         (clock clk_out1_clk_wiz_0 rise edge)
                                                      0.000     0.000 r  
    H16                                               0.000     0.000 r  clk (IN)
                         net (fo=0)                   0.000     0.000    clk_wiz/inst/clk_in1
    H16                  IBUF (Prop_ibuf_I_O)         0.413     0.413 r  clk_wiz/inst/clkin1_ibufg/O
                         net (fo=1, routed)           0.480     0.893    clk_wiz/inst/clk_in1_clk_wiz_0
    MMCME2_ADV_X0Y1      MMCME2_ADV (Prop_mmcme2_adv_CLKIN1_CLKOUT0)
                                                     -3.047    -2.154 r  clk_wiz/inst/mmcm_adv_inst/CLKOUT0
                         net (fo=1, routed)           0.528    -1.626    clk_wiz/inst/clk_out1_clk_wiz_0
    BUFGCTRL_X0Y16       BUFG (Prop_bufg_I_O)         0.029    -1.597 r  clk_wiz/inst/clkout1_buf/O
                         net (fo=186, routed)         0.862    -0.735    vga_to_hdmi/inst/encb/pix_clk
    SLICE_X40Y9          FDCE                                         r  vga_to_hdmi/inst/encb/cnt_reg[1]/C

Slack:                    inf
  Source:                 rst
                            (input port)
  Destination:            vga/vertical_counter/val_reg[0]/R
                            (rising edge-triggered cell FDRE clocked by clk_out1_clk_wiz_0  {rise@0.000ns fall@20.000ns period=40.000ns})
  Path Group:             (none)
  Path Type:              Hold (Min at Fast Process Corner)
  Data Path Delay:        1.021ns  (logic 0.260ns (25.472%)  route 0.761ns (74.528%))
  Logic Levels:           2  (IBUF=1 LUT2=1)
  Clock Path Skew:        -0.736ns (DCD - SCD - CPR)
    Destination Clock Delay (DCD):    -0.736ns
    Source Clock Delay      (SCD):    0.000ns
    Clock Pessimism Removal (CPR):    -0.000ns

    Location             Delay type                Incr(ns)  Path(ns)    Netlist Resource(s)
  -------------------------------------------------------------------    -------------------
    R17                                               0.000     0.000 r  rst (IN)
                         net (fo=0)                   0.000     0.000    rst
    R17                  IBUF (Prop_ibuf_I_O)         0.215     0.215 r  rst_IBUF_inst/O
                         net (fo=4, routed)           0.521     0.736    vga/vertical_counter/reset
    SLICE_X40Y7          LUT2 (Prop_lut2_I0_O)        0.045     0.781 r  vga/vertical_counter/val[9]_i_1/O
                         net (fo=10, routed)          0.240     1.021    vga/vertical_counter/vga_rst
    SLICE_X39Y6          FDRE                                         r  vga/vertical_counter/val_reg[0]/R
  -------------------------------------------------------------------    -------------------

                         (clock clk_out1_clk_wiz_0 rise edge)
                                                      0.000     0.000 r  
    H16                                               0.000     0.000 r  clk (IN)
                         net (fo=0)                   0.000     0.000    clk_wiz/inst/clk_in1
    H16                  IBUF (Prop_ibuf_I_O)         0.413     0.413 r  clk_wiz/inst/clkin1_ibufg/O
                         net (fo=1, routed)           0.480     0.893    clk_wiz/inst/clk_in1_clk_wiz_0
    MMCME2_ADV_X0Y1      MMCME2_ADV (Prop_mmcme2_adv_CLKIN1_CLKOUT0)
                                                     -3.047    -2.154 r  clk_wiz/inst/mmcm_adv_inst/CLKOUT0
                         net (fo=1, routed)           0.528    -1.626    clk_wiz/inst/clk_out1_clk_wiz_0
    BUFGCTRL_X0Y16       BUFG (Prop_bufg_I_O)         0.029    -1.597 r  clk_wiz/inst/clkout1_buf/O
                         net (fo=186, routed)         0.861    -0.736    vga/vertical_counter/CLK
    SLICE_X39Y6          FDRE                                         r  vga/vertical_counter/val_reg[0]/C

Slack:                    inf
  Source:                 rst
                            (input port)
  Destination:            vga/vertical_counter/val_reg[1]/R
                            (rising edge-triggered cell FDRE clocked by clk_out1_clk_wiz_0  {rise@0.000ns fall@20.000ns period=40.000ns})
  Path Group:             (none)
  Path Type:              Hold (Min at Fast Process Corner)
  Data Path Delay:        1.021ns  (logic 0.260ns (25.472%)  route 0.761ns (74.528%))
  Logic Levels:           2  (IBUF=1 LUT2=1)
  Clock Path Skew:        -0.736ns (DCD - SCD - CPR)
    Destination Clock Delay (DCD):    -0.736ns
    Source Clock Delay      (SCD):    0.000ns
    Clock Pessimism Removal (CPR):    -0.000ns

    Location             Delay type                Incr(ns)  Path(ns)    Netlist Resource(s)
  -------------------------------------------------------------------    -------------------
    R17                                               0.000     0.000 r  rst (IN)
                         net (fo=0)                   0.000     0.000    rst
    R17                  IBUF (Prop_ibuf_I_O)         0.215     0.215 r  rst_IBUF_inst/O
                         net (fo=4, routed)           0.521     0.736    vga/vertical_counter/reset
    SLICE_X40Y7          LUT2 (Prop_lut2_I0_O)        0.045     0.781 r  vga/vertical_counter/val[9]_i_1/O
                         net (fo=10, routed)          0.240     1.021    vga/vertical_counter/vga_rst
    SLICE_X38Y6          FDRE                                         r  vga/vertical_counter/val_reg[1]/R
  -------------------------------------------------------------------    -------------------

                         (clock clk_out1_clk_wiz_0 rise edge)
                                                      0.000     0.000 r  
    H16                                               0.000     0.000 r  clk (IN)
                         net (fo=0)                   0.000     0.000    clk_wiz/inst/clk_in1
    H16                  IBUF (Prop_ibuf_I_O)         0.413     0.413 r  clk_wiz/inst/clkin1_ibufg/O
                         net (fo=1, routed)           0.480     0.893    clk_wiz/inst/clk_in1_clk_wiz_0
    MMCME2_ADV_X0Y1      MMCME2_ADV (Prop_mmcme2_adv_CLKIN1_CLKOUT0)
                                                     -3.047    -2.154 r  clk_wiz/inst/mmcm_adv_inst/CLKOUT0
                         net (fo=1, routed)           0.528    -1.626    clk_wiz/inst/clk_out1_clk_wiz_0
    BUFGCTRL_X0Y16       BUFG (Prop_bufg_I_O)         0.029    -1.597 r  clk_wiz/inst/clkout1_buf/O
                         net (fo=186, routed)         0.861    -0.736    vga/vertical_counter/CLK
    SLICE_X38Y6          FDRE                                         r  vga/vertical_counter/val_reg[1]/C





